id_documento,id_siniestro,tipo_documento,entregado,legible,fecha_emision,inconsistencia_detectada,observacion
DOC-00001,SIN-0001,Informe Perito,Sí,Sí,2023-02-25,No,
DOC-00002,SIN-0001,Copia Licencia,Sí,Sí,2023-02-20,No,
DOC-00003,SIN-0002,Acta Policial,Sí,Sí,2021-10-05,No,
DOC-00004,SIN-0002,Fotos Daño,Sí,Sí,2021-10-01,No,
DOC-00005,SIN-0002,Factura Reparación,Sí,Sí,2021-10-04,No,
DOC-00006,SIN-0003,Copia Matrícula,Sí,Sí,2024-03-28,No,
DOC-00007,SIN-0003,Denuncia Policial,Sí,Sí,2024-04-05,No,
DOC-00008,SIN-0003,Fotos Daño,Sí,Sí,2024-03-31,No,
DOC-00009,SIN-0004,Denuncia Policial,Sí,Sí,2023-05-22,No,
DOC-00010,SIN-0004,Factura Taller,Sí,Sí,2023-05-15,No,
DOC-00011,SIN-0004,Informe Perito,Sí,Sí,2023-05-23,No,
DOC-00012,SIN-0004,Fotos Daño,Sí,Sí,2023-05-21,No,
DOC-00013,SIN-0005,Copia Matrícula,Sí,Sí,2024-09-15,No,
DOC-00014,SIN-0005,Factura Taller,Sí,Sí,2024-09-25,No,
DOC-00015,SIN-0005,Denuncia Policial,Sí,Sí,2024-09-22,No,
DOC-00016,SIN-0006,Copia Licencia,Sí,Sí,2024-05-14,No,
DOC-00017,SIN-0006,Fotos Daño,Sí,Sí,2024-05-21,No,
DOC-00018,SIN-0006,Factura Taller,Sí,Sí,2024-05-16,No,
DOC-00019,SIN-0007,Denuncia Policial,Sí,Sí,2023-10-18,No,
DOC-00020,SIN-0007,Copia Licencia,Sí,Sí,2023-10-22,No,
DOC-00021,SIN-0007,Informe Perito,Sí,Sí,2023-10-22,No,
DOC-00022,SIN-0007,Factura Taller,Sí,Sí,2023-10-24,No,
DOC-00023,SIN-0008,Factura Taller,Sí,Sí,2023-12-07,No,
DOC-00024,SIN-0008,Fotos Daño,Sí,Sí,2023-12-13,No,
DOC-00025,SIN-0008,Copia Licencia,Sí,Sí,2023-12-11,No,
DOC-00026,SIN-0009,Acta Policial,Sí,Sí,2024-11-12,No,
DOC-00027,SIN-0009,Fotos Daño,Sí,Sí,2024-11-09,No,
DOC-00028,SIN-0009,Informe Técnico,Sí,Sí,2024-11-11,No,
DOC-00029,SIN-0009,Cotización Reparación,Sí,Sí,2024-11-03,No,
DOC-00030,SIN-0010,Fotos Daño,Sí,Sí,2024-07-06,No,
DOC-00031,SIN-0010,Copia Matrícula,Sí,Sí,2024-07-06,No,
DOC-00032,SIN-0010,Factura Taller,Sí,Sí,2024-07-14,No,
DOC-00033,SIN-0010,Denuncia Policial,Sí,Sí,2024-07-17,No,
DOC-00034,SIN-0011,Denuncia Policial,Sí,Sí,2020-06-07,No,
DOC-00035,SIN-0011,Copia Licencia,Sí,Sí,2020-06-11,No,
DOC-00036,SIN-0011,Copia Matrícula,Sí,Sí,2020-06-14,No,
DOC-00037,SIN-0011,Fotos Daño,No,No,,No,Documento no entregado por el asegurado
DOC-00038,SIN-0012,Denuncia Policial,Sí,Sí,2024-09-22,No,
DOC-00039,SIN-0012,Informe Perito,Sí,Sí,2024-09-26,No,
DOC-00040,SIN-0012,Fotos Daño,Sí,Sí,2024-09-22,No,
DOC-00041,SIN-0013,Informe Perito,Sí,Sí,2024-05-09,No,
DOC-00042,SIN-0013,Copia Matrícula,Sí,Sí,2024-05-09,No,
DOC-00043,SIN-0014,Copia Matrícula,Sí,Sí,2023-06-02,No,
DOC-00044,SIN-0014,Fotos Daño,Sí,Sí,2023-05-27,No,
DOC-00045,SIN-0015,Informe Médico,Sí,Sí,2023-02-09,No,
DOC-00046,SIN-0015,Resultados Exámenes,Sí,Sí,2023-02-04,No,
DOC-00047,SIN-0015,Recetas Médicas,Sí,Sí,2023-02-07,No,
DOC-00048,SIN-0015,Factura Hospital,Sí,Sí,2023-02-10,No,
DOC-00049,SIN-0016,Factura Reparación,Sí,Sí,2023-12-22,No,
DOC-00050,SIN-0016,Fotos Daño,Sí,Sí,2023-12-14,No,
DOC-00051,SIN-0016,Informe Bomberos,Sí,Sí,2023-12-19,No,
DOC-00052,SIN-0017,Copia Licencia,Sí,Sí,2024-02-16,No,
DOC-00053,SIN-0017,Informe Perito,Sí,Sí,2024-02-22,No,
DOC-00054,SIN-0017,Fotos Daño,Sí,Sí,2024-02-21,No,
DOC-00055,SIN-0017,Factura Taller,Sí,Sí,2024-02-13,No,
DOC-00056,SIN-0018,Informe Perito,Sí,Sí,2025-01-13,Sí,Documento ilegible en secciones clave
DOC-00057,SIN-0018,Copia Matrícula,Sí,Sí,2025-01-12,Sí,Firma del asegurado no coincide
DOC-00058,SIN-0018,Factura Taller,No,No,2025-01-16,Sí,Firma del asegurado no coincide
DOC-00059,SIN-0018,Denuncia Policial,Sí,Sí,2025-01-23,Sí,Valores en factura no coinciden con el informe del perito
DOC-00060,SIN-0019,Informe Perito,No,No,2023-06-19,Sí,Sello del proveedor no reconocido
DOC-00061,SIN-0019,Fotos Daño,No,No,,No,Documento no entregado por el asegurado
DOC-00062,SIN-0019,Copia Matrícula,Sí,Sí,2023-05-28,Sí,Fecha de factura anterior a la fecha del siniestro
DOC-00063,SIN-0020,Informe Bomberos,Sí,Sí,2023-05-19,No,
DOC-00064,SIN-0020,Inventario Bienes,No,No,,No,Documento no entregado por el asegurado
DOC-00065,SIN-0020,Factura Reparación,No,No,,No,Documento no entregado por el asegurado
DOC-00066,SIN-0020,Fotos Daño,Sí,Sí,2023-05-25,No,
DOC-00067,SIN-0021,Copia Matrícula,Sí,Sí,2023-12-21,No,
DOC-00068,SIN-0021,Denuncia Policial,Sí,Sí,2023-12-15,No,
DOC-00069,SIN-0022,Inventario Bienes,Sí,Sí,2023-10-13,No,
DOC-00070,SIN-0022,Informe Bomberos,Sí,Sí,2023-10-19,No,
DOC-00071,SIN-0023,Acta Policial,Sí,Sí,2023-06-14,No,
DOC-00072,SIN-0023,Cotización Reparación,Sí,Sí,2023-06-17,No,
DOC-00073,SIN-0023,Fotos Daño,Sí,Sí,2023-06-20,No,
DOC-00074,SIN-0024,Copia Licencia,No,No,,No,Documento no entregado por el asegurado
DOC-00075,SIN-0024,Informe Perito,Sí,Sí,2024-08-25,Sí,Fecha de emisión posterior a la fecha de reporte
DOC-00076,SIN-0024,Fotos Daño,No,No,2024-09-02,Sí,Documento ilegible en secciones clave
DOC-00077,SIN-0025,Copia Licencia,Sí,Sí,2023-08-14,No,
DOC-00078,SIN-0025,Factura Taller,Sí,Sí,2023-08-17,No,
DOC-00079,SIN-0025,Denuncia Policial,Sí,Sí,2023-08-24,No,
DOC-00080,SIN-0025,Fotos Daño,Sí,Sí,2023-08-15,No,
DOC-00081,SIN-0026,Copia Matrícula,Sí,Sí,2024-02-09,No,
DOC-00082,SIN-0026,Informe Perito,Sí,Sí,2024-01-31,No,
DOC-00083,SIN-0026,Factura Taller,Sí,Sí,2024-01-31,No,
DOC-00084,SIN-0027,Póliza Original,Sí,Sí,2023-06-07,No,
DOC-00085,SIN-0027,Copia Cédula Beneficiario,Sí,Sí,2023-06-09,No,
DOC-00086,SIN-0027,Informe Médico,Sí,Sí,2023-06-15,No,
DOC-00087,SIN-0027,Acta de Defunción,Sí,Sí,2023-06-04,No,
DOC-00088,SIN-0028,Acta de Defunción,Sí,Sí,2023-09-03,No,
DOC-00089,SIN-0028,Copia Cédula Beneficiario,Sí,Sí,2023-08-31,No,
DOC-00090,SIN-0028,Póliza Original,Sí,Sí,2023-08-26,No,
DOC-00091,SIN-0029,Factura Hospital,Sí,Sí,2025-02-15,No,
DOC-00092,SIN-0029,Historia Clínica,Sí,Sí,2025-02-22,No,
DOC-00093,SIN-0029,Resultados Exámenes,Sí,Sí,2025-02-17,No,
DOC-00094,SIN-0029,Recetas Médicas,Sí,Sí,2025-02-22,No,
DOC-00095,SIN-0030,Acta de Defunción,Sí,Sí,2023-03-01,No,
DOC-00096,SIN-0030,Póliza Original,Sí,Sí,2023-03-06,No,
DOC-00097,SIN-0030,Informe Médico,Sí,Sí,2023-03-08,No,
DOC-00098,SIN-0030,Copia Cédula Beneficiario,Sí,Sí,2023-03-07,No,
DOC-00099,SIN-0031,Factura Taller,Sí,Sí,2024-06-20,No,
DOC-00100,SIN-0031,Fotos Daño,Sí,Sí,2024-06-17,No,
DOC-00101,SIN-0031,Copia Licencia,Sí,Sí,2024-06-14,No,
DOC-00102,SIN-0031,Denuncia Policial,Sí,Sí,2024-06-10,No,
DOC-00103,SIN-0032,Informe Perito,Sí,Sí,2024-06-29,No,
DOC-00104,SIN-0032,Fotos Daño,Sí,Sí,2024-06-28,No,
DOC-00105,SIN-0032,Copia Licencia,Sí,Sí,2024-07-04,No,
DOC-00106,SIN-0033,Copia Matrícula,No,No,,No,Documento no entregado por el asegurado
DOC-00107,SIN-0033,Informe Perito,Sí,Sí,2024-03-31,No,
DOC-00108,SIN-0034,Informe Médico,Sí,Sí,2024-05-06,No,
DOC-00109,SIN-0034,Acta de Defunción,No,No,,No,Documento no entregado por el asegurado
DOC-00110,SIN-0034,Copia Cédula Beneficiario,Sí,Sí,2024-05-15,No,
DOC-00111,SIN-0035,Informe Perito,No,No,,No,Documento no entregado por el asegurado
DOC-00112,SIN-0035,Denuncia Policial,No,No,,No,Documento no entregado por el asegurado
DOC-00113,SIN-0036,Informe Médico,Sí,Sí,2023-07-16,No,
DOC-00114,SIN-0036,Historia Clínica,Sí,Sí,2023-07-18,No,
DOC-00115,SIN-0036,Recetas Médicas,Sí,Sí,2023-07-26,No,
DOC-00116,SIN-0036,Resultados Exámenes,Sí,Sí,2023-07-25,No,
DOC-00117,SIN-0037,Factura Hospital,Sí,Sí,2023-11-25,No,
DOC-00118,SIN-0037,Recetas Médicas,Sí,Sí,2023-11-25,No,
DOC-00119,SIN-0037,Historia Clínica,Sí,Sí,2023-11-25,No,
DOC-00120,SIN-0038,Copia Matrícula,No,No,,No,Documento no entregado por el asegurado
DOC-00121,SIN-0038,Fotos Daño,No,No,,No,Documento no entregado por el asegurado
DOC-00122,SIN-0039,Copia Cédula Beneficiario,Sí,Sí,2024-12-02,No,
DOC-00123,SIN-0039,Póliza Original,Sí,Sí,2024-11-29,No,
DOC-00124,SIN-0040,Acta Policial,Sí,Sí,2023-05-23,No,
DOC-00125,SIN-0040,Cotización Reparación,Sí,Sí,2023-05-12,No,
DOC-00126,SIN-0040,Informe Técnico,Sí,Sí,2023-05-17,No,
DOC-00127,SIN-0041,Informe Perito,Sí,Sí,2024-07-12,No,
DOC-00128,SIN-0041,Copia Matrícula,Sí,Sí,2024-07-06,No,
DOC-00129,SIN-0041,Denuncia Policial,Sí,Sí,2024-07-07,No,
DOC-00130,SIN-0042,Copia Matrícula,Sí,Sí,2022-10-18,No,
DOC-00131,SIN-0042,Copia Licencia,Sí,Sí,2022-10-15,No,
DOC-00132,SIN-0042,Fotos Daño,Sí,Sí,2022-10-20,No,
DOC-00133,SIN-0042,Informe Perito,Sí,Sí,2022-10-07,No,
DOC-00134,SIN-0043,Informe Perito,Sí,Sí,2023-03-22,No,
DOC-00135,SIN-0043,Copia Matrícula,Sí,Sí,2023-03-16,No,
DOC-00136,SIN-0043,Factura Taller,Sí,Sí,2023-03-09,No,
DOC-00137,SIN-0044,Factura Reparación,Sí,Sí,2025-01-29,No,
DOC-00138,SIN-0044,Inventario Bienes,Sí,Sí,2025-02-07,No,
DOC-00139,SIN-0045,Informe Médico,Sí,Sí,2025-03-05,No,
DOC-00140,SIN-0045,Factura Hospital,No,No,,No,Documento no entregado por el asegurado
DOC-00141,SIN-0045,Resultados Exámenes,No,No,,No,Documento no entregado por el asegurado
DOC-00142,SIN-0045,Recetas Médicas,No,No,,No,Documento no entregado por el asegurado
DOC-00143,SIN-0046,Copia Matrícula,No,No,,No,Documento no entregado por el asegurado
DOC-00144,SIN-0046,Informe Perito,Sí,Sí,2023-11-10,No,
DOC-00145,SIN-0046,Denuncia Policial,Sí,Sí,2023-10-31,No,
DOC-00146,SIN-0046,Factura Taller,Sí,Sí,2023-11-01,No,
DOC-00147,SIN-0047,Fotos Daño,Sí,Sí,2025-02-23,No,
DOC-00148,SIN-0047,Informe Bomberos,Sí,Sí,2025-02-17,No,
DOC-00149,SIN-0047,Inventario Bienes,Sí,Sí,2025-02-23,No,
DOC-00150,SIN-0047,Factura Reparación,Sí,Sí,2025-02-12,No,
DOC-00151,SIN-0048,Fotos Daño,Sí,Sí,2024-03-04,No,
DOC-00152,SIN-0048,Informe Perito,No,No,,No,Documento no entregado por el asegurado
DOC-00153,SIN-0048,Copia Matrícula,No,No,,No,Documento no entregado por el asegurado
DOC-00154,SIN-0049,Copia Licencia,No,No,,No,Documento no entregado por el asegurado
DOC-00155,SIN-0049,Copia Matrícula,Sí,Sí,2024-08-26,No,
DOC-00156,SIN-0050,Factura Taller,Sí,Sí,2023-12-02,No,
DOC-00157,SIN-0050,Denuncia Policial,Sí,Sí,2023-11-22,No,
DOC-00158,SIN-0050,Copia Licencia,Sí,Sí,2023-11-28,No,
DOC-00159,SIN-0051,Factura Taller,No,No,2023-05-19,Sí,Fecha de emisión posterior a la fecha de reporte
DOC-00160,SIN-0051,Copia Matrícula,Sí,Sí,2023-05-11,Sí,Firma del asegurado no coincide
DOC-00161,SIN-0051,Copia Licencia,No,No,,No,Documento no entregado por el asegurado
DOC-00162,SIN-0051,Denuncia Policial,No,No,2023-05-18,Sí,Valores en factura no coinciden con el informe del perito
DOC-00163,SIN-0052,Copia Licencia,No,No,,No,Documento no entregado por el asegurado
DOC-00164,SIN-0052,Informe Perito,No,No,,No,Documento no entregado por el asegurado
DOC-00165,SIN-0052,Fotos Daño,No,No,,No,Documento no entregado por el asegurado
DOC-00166,SIN-0052,Factura Taller,Sí,Sí,2024-04-23,No,
DOC-00167,SIN-0053,Denuncia Policial,Sí,Sí,2024-04-14,No,
DOC-00168,SIN-0053,Copia Licencia,Sí,Sí,2024-04-11,No,
DOC-00169,SIN-0054,Acta de Defunción,Sí,Sí,2024-01-11,No,
DOC-00170,SIN-0054,Copia Cédula Beneficiario,Sí,Sí,2024-01-12,No,
DOC-00171,SIN-0054,Póliza Original,Sí,Sí,2024-01-17,No,
DOC-00172,SIN-0054,Informe Médico,Sí,Sí,2024-01-10,No,
DOC-00173,SIN-0055,Denuncia Policial,Sí,Sí,2025-01-27,No,
DOC-00174,SIN-0055,Informe Perito,Sí,Sí,2025-01-17,No,
DOC-00175,SIN-0055,Copia Licencia,Sí,Sí,2025-01-22,No,
DOC-00176,SIN-0056,Denuncia Policial,Sí,Sí,2021-02-20,No,
DOC-00177,SIN-0056,Copia Licencia,Sí,Sí,2021-02-25,No,
DOC-00178,SIN-0056,Copia Matrícula,No,No,,No,Documento no entregado por el asegurado
DOC-00179,SIN-0056,Informe Perito,No,No,,No,Documento no entregado por el asegurado
DOC-00180,SIN-0057,Póliza Original,Sí,Sí,2022-04-12,No,
DOC-00181,SIN-0057,Informe Médico,Sí,Sí,2022-04-06,No,
DOC-00182,SIN-0057,Acta de Defunción,Sí,Sí,2022-04-10,No,
DOC-00183,SIN-0058,Copia Licencia,Sí,Sí,2024-11-30,No,
DOC-00184,SIN-0058,Copia Matrícula,Sí,Sí,2024-12-10,No,
DOC-00185,SIN-0058,Fotos Daño,Sí,Sí,2024-12-03,No,
DOC-00186,SIN-0058,Factura Taller,Sí,Sí,2024-12-09,No,
DOC-00187,SIN-0059,Historia Clínica,Sí,Sí,2025-02-14,No,
DOC-00188,SIN-0059,Recetas Médicas,Sí,Sí,2025-02-03,No,
DOC-00189,SIN-0059,Factura Hospital,Sí,Sí,2025-02-03,No,
DOC-00190,SIN-0059,Informe Médico,Sí,Sí,2025-02-04,No,
DOC-00191,SIN-0060,Fotos Daño,Sí,Sí,2025-02-21,No,
DOC-00192,SIN-0060,Informe Perito,Sí,Sí,2025-02-21,No,
DOC-00193,SIN-0060,Copia Licencia,Sí,Sí,2025-02-25,No,
DOC-00194,SIN-0061,Factura Reparación,Sí,Sí,2023-11-09,No,
DOC-00195,SIN-0061,Inventario Bienes,Sí,Sí,2023-11-09,No,
DOC-00196,SIN-0061,Fotos Daño,Sí,Sí,2023-10-28,No,
DOC-00197,SIN-0061,Acta Policial,Sí,Sí,2023-11-03,No,
DOC-00198,SIN-0062,Copia Matrícula,Sí,Sí,2023-07-27,No,
DOC-00199,SIN-0062,Denuncia Policial,Sí,Sí,2023-07-22,No,
DOC-00200,SIN-0063,Factura Taller,Sí,Sí,2025-03-04,No,
DOC-00201,SIN-0063,Fotos Daño,Sí,Sí,2025-03-03,No,
DOC-00202,SIN-0064,Copia Licencia,Sí,Sí,2023-09-02,No,
DOC-00203,SIN-0064,Fotos Daño,No,No,,No,Documento no entregado por el asegurado
DOC-00204,SIN-0064,Factura Taller,No,No,,No,Documento no entregado por el asegurado
DOC-00205,SIN-0064,Copia Matrícula,No,No,,No,Documento no entregado por el asegurado
DOC-00206,SIN-0065,Informe Médico,Sí,Sí,2024-01-16,No,
DOC-00207,SIN-0065,Historia Clínica,Sí,Sí,2024-01-10,No,
DOC-00208,SIN-0065,Factura Hospital,Sí,Sí,2024-01-04,No,
DOC-00209,SIN-0065,Resultados Exámenes,Sí,Sí,2024-01-13,No,
DOC-00210,SIN-0066,Resultados Exámenes,Sí,Sí,2025-02-27,No,
DOC-00211,SIN-0066,Recetas Médicas,Sí,Sí,2025-02-19,No,
DOC-00212,SIN-0066,Informe Médico,Sí,Sí,2025-02-22,No,
DOC-00213,SIN-0067,Inventario Bienes,Sí,Sí,2023-08-03,No,
DOC-00214,SIN-0067,Acta Policial,Sí,Sí,2023-08-06,No,
DOC-00215,SIN-0067,Factura Reparación,Sí,Sí,2023-08-06,No,
DOC-00216,SIN-0068,Resultados Exámenes,Sí,Sí,2023-10-16,No,
DOC-00217,SIN-0068,Historia Clínica,Sí,Sí,2023-10-08,No,
DOC-00218,SIN-0069,Resultados Exámenes,No,No,,No,Documento no entregado por el asegurado
DOC-00219,SIN-0069,Informe Médico,No,No,,No,Documento no entregado por el asegurado
DOC-00220,SIN-0069,Factura Hospital,No,No,,No,Documento no entregado por el asegurado
DOC-00221,SIN-0069,Historia Clínica,No,No,,No,Documento no entregado por el asegurado
DOC-00222,SIN-0070,Informe Perito,Sí,Sí,2024-12-16,No,
DOC-00223,SIN-0070,Copia Matrícula,Sí,Sí,2024-12-12,No,
DOC-00224,SIN-0070,Fotos Daño,Sí,Sí,2024-12-20,No,
DOC-00225,SIN-0070,Factura Taller,No,No,,No,Documento no entregado por el asegurado
DOC-00226,SIN-0071,Informe Médico,Sí,Sí,2023-11-08,No,
DOC-00227,SIN-0071,Historia Clínica,Sí,Sí,2023-11-08,No,
DOC-00228,SIN-0072,Copia Matrícula,No,No,,No,Documento no entregado por el asegurado
DOC-00229,SIN-0072,Fotos Daño,No,No,,No,Documento no entregado por el asegurado
DOC-00230,SIN-0072,Denuncia Policial,No,No,,No,Documento no entregado por el asegurado
DOC-00231,SIN-0072,Factura Taller,No,No,,No,Documento no entregado por el asegurado
DOC-00232,SIN-0073,Fotos Daño,No,No,,No,Documento no entregado por el asegurado
DOC-00233,SIN-0073,Factura Taller,Sí,Sí,2023-12-09,No,
DOC-00234,SIN-0074,Acta Policial,Sí,Sí,2025-02-18,No,
DOC-00235,SIN-0074,Fotos Daño,Sí,Sí,2025-02-17,No,
DOC-00236,SIN-0074,Factura Reparación,Sí,Sí,2025-02-05,No,
DOC-00237,SIN-0075,Factura Equipo,Sí,Sí,2023-12-06,No,
DOC-00238,SIN-0075,Acta Policial,Sí,Sí,2023-12-08,No,
DOC-00239,SIN-0075,Informe Técnico,Sí,Sí,2023-12-12,No,
DOC-00240,SIN-0075,Fotos Daño,Sí,Sí,2023-12-09,No,
DOC-00241,SIN-0076,Informe Técnico,Sí,Sí,2023-11-24,No,
DOC-00242,SIN-0076,Cotización Reparación,Sí,Sí,2023-11-20,No,
DOC-00243,SIN-0076,Fotos Daño,Sí,Sí,2023-11-11,No,
DOC-00244,SIN-0076,Factura Equipo,Sí,Sí,2023-11-21,No,
DOC-00245,SIN-0077,Denuncia Policial,Sí,Sí,2023-06-09,No,
DOC-00246,SIN-0077,Informe Perito,Sí,Sí,2023-05-31,No,
DOC-00247,SIN-0078,Informe Perito,Sí,Sí,2024-04-06,No,
DOC-00248,SIN-0078,Copia Licencia,Sí,Sí,2024-04-02,No,
DOC-00249,SIN-0078,Denuncia Policial,Sí,Sí,2024-04-05,No,
DOC-00250,SIN-0079,Copia Matrícula,Sí,Sí,2024-12-20,No,
DOC-00251,SIN-0079,Informe Perito,Sí,Sí,2024-12-25,No,
DOC-00252,SIN-0079,Copia Licencia,Sí,Sí,2024-12-31,No,
DOC-00253,SIN-0080,Denuncia Policial,Sí,Sí,2020-04-08,No,
DOC-00254,SIN-0080,Copia Matrícula,Sí,Sí,2020-04-18,No,
DOC-00255,SIN-0080,Factura Taller,Sí,Sí,2020-04-06,No,
DOC-00256,SIN-0080,Fotos Daño,Sí,Sí,2020-04-08,No,
DOC-00257,SIN-0081,Factura Hospital,Sí,Sí,2024-11-26,No,
DOC-00258,SIN-0081,Recetas Médicas,Sí,Sí,2024-11-27,No,
DOC-00259,SIN-0081,Informe Médico,Sí,Sí,2024-12-03,No,
DOC-00260,SIN-0082,Factura Taller,Sí,Sí,2025-01-31,No,
DOC-00261,SIN-0082,Denuncia Policial,Sí,Sí,2025-01-31,No,
DOC-00262,SIN-0083,Informe Perito,Sí,Sí,2023-09-02,No,
DOC-00263,SIN-0083,Factura Taller,Sí,Sí,2023-09-11,No,
DOC-00264,SIN-0083,Copia Matrícula,Sí,Sí,2023-09-09,No,
DOC-00265,SIN-0084,Fotos Daño,Sí,Sí,2025-04-23,No,
DOC-00266,SIN-0084,Acta Policial,Sí,Sí,2025-05-02,No,
DOC-00267,SIN-0085,Resultados Exámenes,Sí,Sí,2023-03-11,No,
DOC-00268,SIN-0085,Informe Médico,Sí,Sí,2023-03-20,No,
DOC-00269,SIN-0085,Historia Clínica,Sí,Sí,2023-03-18,No,
DOC-00270,SIN-0085,Factura Hospital,No,No,,No,Documento no entregado por el asegurado
DOC-00271,SIN-0086,Fotos Daño,No,No,,No,Documento no entregado por el asegurado
DOC-00272,SIN-0086,Copia Matrícula,Sí,Sí,2024-03-01,No,
DOC-00273,SIN-0086,Copia Licencia,Sí,Sí,2024-02-29,No,
DOC-00274,SIN-0086,Informe Perito,Sí,Sí,2024-02-24,No,
DOC-00275,SIN-0087,Recetas Médicas,Sí,Sí,2023-08-19,No,
DOC-00276,SIN-0087,Resultados Exámenes,Sí,Sí,2023-08-16,No,
DOC-00277,SIN-0088,Fotos Daño,Sí,Sí,2024-05-04,No,
DOC-00278,SIN-0088,Copia Licencia,Sí,Sí,2024-05-07,No,
DOC-00279,SIN-0088,Factura Taller,Sí,Sí,2024-05-02,No,
DOC-00280,SIN-0088,Informe Perito,Sí,Sí,2024-05-05,No,
DOC-00281,SIN-0089,Recetas Médicas,No,No,,No,Documento no entregado por el asegurado
DOC-00282,SIN-0089,Resultados Exámenes,No,No,,No,Documento no entregado por el asegurado
DOC-00283,SIN-0090,Copia Matrícula,Sí,Sí,2023-05-22,No,
DOC-00284,SIN-0090,Informe Perito,Sí,Sí,2023-06-03,No,
DOC-00285,SIN-0090,Copia Licencia,Sí,Sí,2023-06-05,No,
DOC-00286,SIN-0091,Historia Clínica,Sí,Sí,2023-06-22,No,
DOC-00287,SIN-0091,Resultados Exámenes,No,No,,No,Documento no entregado por el asegurado
DOC-00288,SIN-0092,Copia Matrícula,Sí,Sí,2023-10-12,No,
DOC-00289,SIN-0092,Fotos Daño,Sí,Sí,2023-10-19,No,
DOC-00290,SIN-0093,Informe Médico,Sí,Sí,2023-08-04,No,
DOC-00291,SIN-0093,Resultados Exámenes,Sí,Sí,2023-07-29,No,
DOC-00292,SIN-0093,Recetas Médicas,Sí,Sí,2023-08-06,No,
DOC-00293,SIN-0093,Factura Hospital,Sí,Sí,2023-07-28,No,
DOC-00294,SIN-0094,Informe Médico,Sí,Sí,2024-07-25,No,
DOC-00295,SIN-0094,Póliza Original,Sí,Sí,2024-07-26,No,
DOC-00296,SIN-0094,Copia Cédula Beneficiario,Sí,Sí,2024-07-20,No,
DOC-00297,SIN-0094,Acta de Defunción,Sí,Sí,2024-07-23,No,
DOC-00298,SIN-0095,Fotos Daño,Sí,Sí,2023-09-21,No,
DOC-00299,SIN-0095,Factura Taller,Sí,Sí,2023-09-25,No,
DOC-00300,SIN-0095,Denuncia Policial,Sí,Sí,2023-09-20,No,
DOC-00301,SIN-0096,Informe Médico,No,No,,No,Documento no entregado por el asegurado
DOC-00302,SIN-0096,Historia Clínica,No,No,,No,Documento no entregado por el asegurado
DOC-00303,SIN-0096,Factura Hospital,Sí,Sí,2024-05-22,No,
DOC-00304,SIN-0096,Recetas Médicas,Sí,Sí,2024-05-20,No,
DOC-00305,SIN-0097,Factura Taller,Sí,Sí,2023-08-11,No,
DOC-00306,SIN-0097,Informe Perito,Sí,Sí,2023-08-04,No,
DOC-00307,SIN-0097,Copia Matrícula,Sí,Sí,2023-08-14,No,
DOC-00308,SIN-0098,Resultados Exámenes,Sí,Sí,2024-02-10,No,
DOC-00309,SIN-0098,Recetas Médicas,Sí,Sí,2024-02-12,No,
DOC-00310,SIN-0098,Historia Clínica,Sí,Sí,2024-02-10,No,
DOC-00311,SIN-0098,Informe Médico,Sí,Sí,2024-02-06,No,
DOC-00312,SIN-0099,Fotos Daño,Sí,Sí,2024-09-28,No,
DOC-00313,SIN-0099,Informe Perito,Sí,Sí,2024-09-22,No,
DOC-00314,SIN-0100,Cotización Reparación,Sí,Sí,2024-09-07,No,
DOC-00315,SIN-0100,Factura Equipo,Sí,Sí,2024-09-05,No,
DOC-00316,SIN-0101,Fotos Daño,Sí,Sí,2023-12-15,No,
DOC-00317,SIN-0101,Informe Perito,Sí,Sí,2023-12-17,No,
DOC-00318,SIN-0101,Copia Licencia,Sí,Sí,2023-12-12,No,
DOC-00319,SIN-0101,Denuncia Policial,Sí,Sí,2023-12-22,No,
DOC-00320,SIN-0102,Historia Clínica,Sí,Sí,2023-06-16,No,
DOC-00321,SIN-0102,Informe Médico,Sí,Sí,2023-06-12,No,
DOC-00322,SIN-0102,Factura Hospital,Sí,Sí,2023-06-23,No,
DOC-00323,SIN-0102,Recetas Médicas,Sí,Sí,2023-06-14,No,
DOC-00324,SIN-0103,Recetas Médicas,Sí,Sí,2024-02-29,No,
DOC-00325,SIN-0103,Resultados Exámenes,Sí,Sí,2024-02-24,No,
DOC-00326,SIN-0104,Factura Taller,No,No,2024-12-03,Sí,Valores en factura no coinciden con el informe del perito
DOC-00327,SIN-0104,Copia Matrícula,No,No,2024-12-01,Sí,Valores en factura no coinciden con el informe del perito
DOC-00328,SIN-0105,Historia Clínica,Sí,Sí,2024-11-02,No,
DOC-00329,SIN-0105,Factura Hospital,Sí,Sí,2024-11-05,No,
DOC-00330,SIN-0105,Recetas Médicas,Sí,Sí,2024-11-12,No,
DOC-00331,SIN-0105,Informe Médico,Sí,Sí,2024-11-10,No,
DOC-00332,SIN-0106,Informe Perito,Sí,Sí,2024-12-04,No,
DOC-00333,SIN-0106,Denuncia Policial,Sí,Sí,2024-12-08,No,
DOC-00334,SIN-0107,Fotos Daño,No,No,,No,Documento no entregado por el asegurado
DOC-00335,SIN-0107,Factura Taller,No,No,2025-03-28,Sí,Número de placa diferente al registrado en la póliza
DOC-00336,SIN-0108,Factura Reparación,Sí,Sí,2025-04-25,No,
DOC-00337,SIN-0108,Informe Bomberos,Sí,Sí,2025-04-29,No,
DOC-00338,SIN-0108,Inventario Bienes,Sí,Sí,2025-04-23,No,
DOC-00339,SIN-0108,Fotos Daño,Sí,Sí,2025-04-18,No,
DOC-00340,SIN-0109,Cotización Reparación,Sí,Sí,2023-11-07,No,
DOC-00341,SIN-0109,Factura Equipo,Sí,Sí,2023-11-02,No,
DOC-00342,SIN-0109,Informe Técnico,Sí,Sí,2023-11-03,No,
DOC-00343,SIN-0110,Póliza Original,Sí,Sí,2023-02-07,No,
DOC-00344,SIN-0110,Informe Médico,Sí,Sí,2023-02-21,No,
DOC-00345,SIN-0110,Copia Cédula Beneficiario,Sí,Sí,2023-02-13,No,
DOC-00346,SIN-0110,Acta de Defunción,Sí,Sí,2023-02-14,No,
DOC-00347,SIN-0111,Informe Perito,No,No,2024-10-28,Sí,Fecha de emisión posterior a la fecha de reporte
DOC-00348,SIN-0111,Copia Licencia,No,No,,No,Documento no entregado por el asegurado
DOC-00349,SIN-0111,Copia Matrícula,Sí,Sí,2024-10-29,No,
DOC-00350,SIN-0112,Fotos Daño,Sí,Sí,2023-04-16,No,
DOC-00351,SIN-0112,Factura Taller,Sí,Sí,2023-04-20,No,
DOC-00352,SIN-0112,Informe Perito,Sí,Sí,2023-04-16,No,
DOC-00353,SIN-0113,Fotos Daño,Sí,Sí,2024-02-13,No,
DOC-00354,SIN-0113,Informe Bomberos,Sí,Sí,2024-02-23,No,
DOC-00355,SIN-0114,Informe Perito,No,No,,No,Documento no entregado por el asegurado
DOC-00356,SIN-0114,Copia Licencia,Sí,Sí,2023-03-20,No,
DOC-00357,SIN-0114,Fotos Daño,No,No,,No,Documento no entregado por el asegurado
DOC-00358,SIN-0114,Denuncia Policial,Sí,Sí,2023-03-08,No,
DOC-00359,SIN-0115,Denuncia Policial,No,No,,No,Documento no entregado por el asegurado
DOC-00360,SIN-0115,Factura Taller,No,No,,No,Documento no entregado por el asegurado
DOC-00361,SIN-0115,Informe Perito,Sí,Sí,2022-09-09,No,
DOC-00362,SIN-0115,Copia Licencia,Sí,Sí,2022-09-10,No,
DOC-00363,SIN-0116,Copia Matrícula,Sí,Sí,2023-05-13,No,
DOC-00364,SIN-0116,Factura Taller,Sí,Sí,2023-05-13,No,
DOC-00365,SIN-0116,Denuncia Policial,Sí,Sí,2023-05-07,No,
DOC-00366,SIN-0117,Copia Licencia,Sí,Sí,2023-12-30,No,
DOC-00367,SIN-0117,Denuncia Policial,Sí,Sí,2023-12-18,No,
DOC-00368,SIN-0117,Fotos Daño,Sí,Sí,2023-12-18,No,
DOC-00369,SIN-0117,Informe Perito,Sí,Sí,2023-12-22,No,
DOC-00370,SIN-0118,Copia Cédula Beneficiario,No,No,,No,Documento no entregado por el asegurado
DOC-00371,SIN-0118,Póliza Original,No,No,,No,Documento no entregado por el asegurado
DOC-00372,SIN-0118,Informe Médico,No,No,,No,Documento no entregado por el asegurado
DOC-00373,SIN-0118,Acta de Defunción,Sí,Sí,2023-06-20,No,
DOC-00374,SIN-0119,Denuncia Policial,Sí,Sí,2025-02-01,No,
DOC-00375,SIN-0119,Informe Perito,Sí,Sí,2025-02-04,No,
DOC-00376,SIN-0120,Denuncia Policial,Sí,Sí,2025-04-01,No,
DOC-00377,SIN-0120,Copia Matrícula,Sí,Sí,2025-04-09,No,
DOC-00378,SIN-0120,Factura Taller,Sí,Sí,2025-04-06,No,
DOC-00379,SIN-0121,Fotos Daño,Sí,Sí,2025-01-07,No,
DOC-00380,SIN-0121,Copia Matrícula,Sí,Sí,2025-01-08,No,
DOC-00381,SIN-0122,Recetas Médicas,Sí,Sí,2023-11-24,No,
DOC-00382,SIN-0122,Historia Clínica,Sí,Sí,2023-11-27,No,
DOC-00383,SIN-0123,Resultados Exámenes,No,No,,No,Documento no entregado por el asegurado
DOC-00384,SIN-0123,Factura Hospital,Sí,Sí,2024-11-28,No,
DOC-00385,SIN-0123,Recetas Médicas,Sí,Sí,2024-11-28,No,
DOC-00386,SIN-0124,Informe Bomberos,Sí,Sí,2023-02-13,No,
DOC-00387,SIN-0124,Factura Reparación,Sí,Sí,2023-02-18,No,
DOC-00388,SIN-0124,Fotos Daño,Sí,Sí,2023-02-13,No,
DOC-00389,SIN-0124,Acta Policial,Sí,Sí,2023-02-16,No,
DOC-00390,SIN-0125,Acta Policial,No,No,,No,Documento no entregado por el asegurado
DOC-00391,SIN-0125,Factura Reparación,Sí,Sí,2025-04-09,No,
DOC-00392,SIN-0125,Informe Bomberos,Sí,Sí,2025-04-02,No,
DOC-00393,SIN-0126,Copia Matrícula,No,No,,No,Documento no entregado por el asegurado
DOC-00394,SIN-0126,Factura Taller,Sí,Sí,2024-03-03,No,
DOC-00395,SIN-0127,Copia Licencia,No,No,,No,Documento no entregado por el asegurado
DOC-00396,SIN-0127,Factura Taller,Sí,Sí,2024-03-01,No,
DOC-00397,SIN-0127,Informe Perito,Sí,Sí,2024-03-03,No,
DOC-00398,SIN-0128,Fotos Daño,Sí,Sí,2020-12-28,No,
DOC-00399,SIN-0128,Factura Taller,Sí,Sí,2020-12-16,No,
DOC-00400,SIN-0128,Denuncia Policial,Sí,Sí,2020-12-27,No,
DOC-00401,SIN-0129,Historia Clínica,Sí,Sí,2024-10-08,No,
DOC-00402,SIN-0129,Resultados Exámenes,Sí,Sí,2024-10-14,No,
DOC-00403,SIN-0130,Acta de Defunción,Sí,Sí,2022-03-24,No,
DOC-00404,SIN-0130,Informe Médico,Sí,Sí,2022-03-16,No,
DOC-00405,SIN-0130,Copia Cédula Beneficiario,Sí,Sí,2022-03-27,No,
DOC-00406,SIN-0130,Póliza Original,Sí,Sí,2022-03-19,No,
DOC-00407,SIN-0131,Informe Perito,Sí,Sí,2025-02-26,No,
DOC-00408,SIN-0131,Denuncia Policial,Sí,Sí,2025-02-25,No,
DOC-00409,SIN-0132,Denuncia Policial,Sí,Sí,2024-06-16,No,
DOC-00410,SIN-0132,Fotos Daño,Sí,Sí,2024-06-11,No,
DOC-00411,SIN-0132,Copia Licencia,No,No,,No,Documento no entregado por el asegurado
DOC-00412,SIN-0133,Acta de Defunción,Sí,Sí,2024-09-16,No,
DOC-00413,SIN-0133,Informe Médico,Sí,Sí,2024-09-09,No,
DOC-00414,SIN-0134,Denuncia Policial,Sí,Sí,2023-06-13,No,
DOC-00415,SIN-0134,Factura Taller,No,No,,No,Documento no entregado por el asegurado
DOC-00416,SIN-0135,Factura Reparación,Sí,Sí,2024-07-21,No,
DOC-00417,SIN-0135,Informe Bomberos,Sí,Sí,2024-07-16,No,
DOC-00418,SIN-0136,Póliza Original,Sí,Sí,2025-04-14,No,
DOC-00419,SIN-0136,Informe Médico,Sí,Sí,2025-04-13,No,
DOC-00420,SIN-0137,Fotos Daño,Sí,Sí,2023-12-27,No,
DOC-00421,SIN-0137,Factura Taller,Sí,Sí,2023-12-23,No,
DOC-00422,SIN-0137,Informe Perito,Sí,Sí,2023-12-21,No,
DOC-00423,SIN-0138,Informe Perito,Sí,Sí,2023-12-17,No,
DOC-00424,SIN-0138,Factura Taller,Sí,Sí,2023-12-12,No,
DOC-00425,SIN-0139,Fotos Daño,Sí,Sí,2024-11-28,No,
DOC-00426,SIN-0139,Copia Licencia,Sí,Sí,2024-11-27,No,
DOC-00427,SIN-0140,Fotos Daño,Sí,Sí,2024-09-08,No,
DOC-00428,SIN-0140,Factura Taller,Sí,Sí,2024-09-08,No,
DOC-00429,SIN-0140,Copia Matrícula,Sí,Sí,2024-09-10,No,
DOC-00430,SIN-0141,Informe Perito,Sí,Sí,2023-10-23,No,
DOC-00431,SIN-0141,Fotos Daño,Sí,Sí,2023-10-24,No,
DOC-00432,SIN-0141,Copia Licencia,Sí,Sí,2023-10-19,No,
DOC-00433,SIN-0141,Factura Taller,Sí,Sí,2023-10-27,No,
DOC-00434,SIN-0142,Copia Licencia,Sí,Sí,2022-04-26,No,
DOC-00435,SIN-0142,Copia Matrícula,Sí,Sí,2022-04-24,No,
DOC-00436,SIN-0143,Fotos Daño,Sí,Sí,2023-04-16,No,
DOC-00437,SIN-0143,Denuncia Policial,Sí,Sí,2023-04-09,No,
DOC-00438,SIN-0143,Copia Licencia,Sí,Sí,2023-04-07,No,
DOC-00439,SIN-0143,Copia Matrícula,Sí,Sí,2023-04-18,No,
DOC-00440,SIN-0144,Fotos Daño,No,No,2023-05-19,Sí,Documento ilegible en secciones clave
DOC-00441,SIN-0144,Denuncia Policial,No,No,,No,Documento no entregado por el asegurado
DOC-00442,SIN-0144,Copia Licencia,No,No,,No,Documento no entregado por el asegurado
DOC-00443,SIN-0145,Copia Cédula Beneficiario,Sí,Sí,2024-04-21,No,
DOC-00444,SIN-0145,Informe Médico,Sí,Sí,2024-04-10,No,
DOC-00445,SIN-0146,Factura Taller,Sí,Sí,2025-03-05,No,
DOC-00446,SIN-0146,Fotos Daño,Sí,Sí,2025-03-06,No,
DOC-00447,SIN-0146,Informe Perito,Sí,Sí,2025-03-11,No,
DOC-00448,SIN-0147,Inventario Bienes,Sí,Sí,2023-12-27,No,
DOC-00449,SIN-0147,Factura Reparación,Sí,Sí,2023-12-25,No,
DOC-00450,SIN-0147,Fotos Daño,Sí,Sí,2023-12-20,No,
DOC-00451,SIN-0147,Acta Policial,Sí,Sí,2023-12-27,No,
DOC-00452,SIN-0148,Historia Clínica,Sí,Sí,2023-10-10,No,
DOC-00453,SIN-0148,Informe Médico,Sí,Sí,2023-10-13,No,
DOC-00454,SIN-0148,Resultados Exámenes,Sí,Sí,2023-10-09,No,
DOC-00455,SIN-0149,Factura Taller,Sí,Sí,2024-07-01,No,
DOC-00456,SIN-0149,Fotos Daño,Sí,Sí,2024-07-04,No,
DOC-00457,SIN-0150,Factura Taller,Sí,Sí,2024-02-07,No,
DOC-00458,SIN-0150,Denuncia Policial,Sí,Sí,2024-02-03,No,
DOC-00459,SIN-0150,Copia Licencia,Sí,Sí,2024-02-07,No,
DOC-00460,SIN-0151,Recetas Médicas,Sí,Sí,2024-08-11,No,
DOC-00461,SIN-0151,Factura Hospital,Sí,Sí,2024-08-08,No,
DOC-00462,SIN-0152,Copia Licencia,Sí,Sí,2024-08-20,No,
DOC-00463,SIN-0152,Factura Taller,Sí,Sí,2024-08-08,No,
DOC-00464,SIN-0152,Informe Perito,Sí,Sí,2024-08-19,No,
DOC-00465,SIN-0153,Acta Policial,Sí,Sí,2023-07-25,No,
DOC-00466,SIN-0153,Informe Bomberos,Sí,Sí,2023-07-20,No,
DOC-00467,SIN-0153,Fotos Daño,Sí,Sí,2023-07-17,No,
DOC-00468,SIN-0154,Copia Licencia,Sí,Sí,2023-05-10,No,
DOC-00469,SIN-0154,Denuncia Policial,Sí,Sí,2023-05-19,No,
DOC-00470,SIN-0154,Informe Perito,Sí,Sí,2023-05-18,No,
DOC-00471,SIN-0154,Factura Taller,Sí,Sí,2023-05-20,No,
DOC-00472,SIN-0155,Informe Médico,Sí,Sí,2022-02-16,No,
DOC-00473,SIN-0155,Factura Hospital,Sí,Sí,2022-02-06,No,
DOC-00474,SIN-0155,Recetas Médicas,Sí,Sí,2022-02-08,No,
DOC-00475,SIN-0156,Factura Hospital,Sí,Sí,2023-07-02,No,
DOC-00476,SIN-0156,Historia Clínica,Sí,Sí,2023-07-02,No,
DOC-00477,SIN-0156,Informe Médico,Sí,Sí,2023-07-02,No,
DOC-00478,SIN-0157,Denuncia Policial,Sí,Sí,2024-02-09,No,
DOC-00479,SIN-0157,Copia Matrícula,Sí,Sí,2024-02-20,No,
DOC-00480,SIN-0157,Factura Taller,Sí,Sí,2024-02-13,No,
DOC-00481,SIN-0158,Factura Hospital,Sí,Sí,2024-09-23,No,
DOC-00482,SIN-0158,Informe Médico,Sí,Sí,2024-10-05,No,
DOC-00483,SIN-0158,Recetas Médicas,Sí,Sí,2024-10-03,No,
DOC-00484,SIN-0158,Resultados Exámenes,Sí,Sí,2024-09-27,No,
DOC-00485,SIN-0159,Acta de Defunción,Sí,Sí,2023-09-21,No,
DOC-00486,SIN-0159,Póliza Original,Sí,Sí,2023-10-01,No,
DOC-00487,SIN-0159,Informe Médico,Sí,Sí,2023-09-19,No,
DOC-00488,SIN-0160,Informe Perito,Sí,Sí,2024-01-10,No,
DOC-00489,SIN-0160,Factura Taller,Sí,Sí,2024-01-15,No,
DOC-00490,SIN-0160,Fotos Daño,Sí,Sí,2024-01-16,No,
DOC-00491,SIN-0160,Copia Matrícula,Sí,Sí,2024-01-24,No,
DOC-00492,SIN-0161,Acta de Defunción,Sí,Sí,2024-09-17,No,
DOC-00493,SIN-0161,Copia Cédula Beneficiario,Sí,Sí,2024-09-06,No,
DOC-00494,SIN-0161,Informe Médico,Sí,Sí,2024-09-13,No,
DOC-00495,SIN-0161,Póliza Original,Sí,Sí,2024-09-08,No,
DOC-00496,SIN-0162,Informe Médico,No,No,,No,Documento no entregado por el asegurado
DOC-00497,SIN-0162,Factura Hospital,No,No,,No,Documento no entregado por el asegurado
DOC-00498,SIN-0162,Recetas Médicas,No,No,,No,Documento no entregado por el asegurado
DOC-00499,SIN-0163,Acta Policial,Sí,Sí,2023-03-16,No,
DOC-00500,SIN-0163,Factura Equipo,Sí,Sí,2023-03-17,No,
DOC-00501,SIN-0164,Factura Taller,Sí,Sí,2025-01-06,No,
DOC-00502,SIN-0164,Fotos Daño,Sí,Sí,2025-01-01,No,
DOC-00503,SIN-0165,Factura Taller,Sí,Sí,2024-01-01,No,
DOC-00504,SIN-0165,Copia Licencia,Sí,Sí,2023-12-24,No,
DOC-00505,SIN-0165,Copia Matrícula,Sí,Sí,2023-12-20,No,
DOC-00506,SIN-0166,Acta Policial,Sí,Sí,2023-08-10,No,
DOC-00507,SIN-0166,Cotización Reparación,Sí,Sí,2023-08-12,No,
DOC-00508,SIN-0166,Informe Técnico,Sí,Sí,2023-08-20,No,
DOC-00509,SIN-0167,Copia Cédula Beneficiario,Sí,Sí,2023-12-08,No,
DOC-00510,SIN-0167,Póliza Original,Sí,Sí,2023-12-02,No,
DOC-00511,SIN-0167,Acta de Defunción,Sí,Sí,2023-12-04,No,
DOC-00512,SIN-0167,Informe Médico,Sí,Sí,2023-12-03,No,
DOC-00513,SIN-0168,Copia Licencia,Sí,Sí,2024-08-11,No,
DOC-00514,SIN-0168,Fotos Daño,Sí,Sí,2024-08-03,No,
DOC-00515,SIN-0168,Informe Perito,Sí,Sí,2024-08-10,No,
DOC-00516,SIN-0168,Copia Matrícula,Sí,Sí,2024-08-05,No,
DOC-00517,SIN-0169,Resultados Exámenes,Sí,Sí,2024-01-27,No,
DOC-00518,SIN-0169,Factura Hospital,Sí,Sí,2024-01-30,No,
DOC-00519,SIN-0169,Informe Médico,Sí,Sí,2024-01-31,No,
DOC-00520,SIN-0170,Copia Licencia,Sí,Sí,2023-05-09,No,
DOC-00521,SIN-0170,Fotos Daño,Sí,Sí,2023-05-09,No,
DOC-00522,SIN-0170,Factura Taller,Sí,Sí,2023-05-07,No,
DOC-00523,SIN-0171,Fotos Daño,Sí,Sí,2024-10-03,No,
DOC-00524,SIN-0171,Copia Matrícula,Sí,Sí,2024-10-05,No,
DOC-00525,SIN-0171,Informe Perito,Sí,Sí,2024-10-01,No,
DOC-00526,SIN-0172,Historia Clínica,No,No,,No,Documento no entregado por el asegurado
DOC-00527,SIN-0172,Factura Hospital,Sí,Sí,2024-08-03,No,
DOC-00528,SIN-0173,Factura Reparación,Sí,Sí,2024-03-30,No,
DOC-00529,SIN-0173,Inventario Bienes,Sí,Sí,2024-04-04,No,
DOC-00530,SIN-0173,Informe Bomberos,Sí,Sí,2024-03-30,No,
DOC-00531,SIN-0173,Fotos Daño,Sí,Sí,2024-04-12,No,
DOC-00532,SIN-0174,Copia Licencia,No,No,,No,Documento no entregado por el asegurado
DOC-00533,SIN-0174,Factura Taller,No,No,,No,Documento no entregado por el asegurado
DOC-00534,SIN-0174,Denuncia Policial,No,No,,No,Documento no entregado por el asegurado
DOC-00535,SIN-0174,Copia Matrícula,Sí,Sí,2022-09-30,No,
DOC-00536,SIN-0175,Informe Médico,Sí,Sí,2025-02-08,No,
DOC-00537,SIN-0175,Acta de Defunción,Sí,Sí,2025-02-17,No,
DOC-00538,SIN-0176,Factura Equipo,Sí,Sí,2021-04-12,No,
DOC-00539,SIN-0176,Cotización Reparación,Sí,Sí,2021-04-12,No,
DOC-00540,SIN-0176,Acta Policial,Sí,Sí,2021-04-10,No,
DOC-00541,SIN-0177,Factura Equipo,Sí,Sí,2024-12-18,No,
DOC-00542,SIN-0177,Informe Técnico,Sí,Sí,2024-12-24,No,
DOC-00543,SIN-0177,Cotización Reparación,Sí,Sí,2024-12-16,No,
DOC-00544,SIN-0177,Acta Policial,Sí,Sí,2024-12-29,No,
DOC-00545,SIN-0178,Cotización Reparación,Sí,Sí,2024-02-20,No,
DOC-00546,SIN-0178,Informe Técnico,Sí,Sí,2024-02-21,No,
DOC-00547,SIN-0179,Copia Licencia,Sí,Sí,2024-05-10,No,
DOC-00548,SIN-0179,Informe Perito,Sí,Sí,2024-05-14,No,
DOC-00549,SIN-0179,Factura Taller,Sí,Sí,2024-05-13,No,
DOC-00550,SIN-0179,Denuncia Policial,Sí,Sí,2024-05-21,No,
DOC-00551,SIN-0180,Factura Taller,Sí,Sí,2020-10-27,No,
DOC-00552,SIN-0180,Copia Matrícula,Sí,Sí,2020-10-14,No,
DOC-00553,SIN-0180,Fotos Daño,Sí,Sí,2020-10-18,No,
DOC-00554,SIN-0180,Informe Perito,Sí,Sí,2020-10-20,No,
DOC-00555,SIN-0181,Fotos Daño,Sí,Sí,2023-09-19,No,
DOC-00556,SIN-0181,Informe Bomberos,Sí,Sí,2023-09-11,No,
DOC-00557,SIN-0182,Factura Equipo,Sí,Sí,2025-05-13,No,
DOC-00558,SIN-0182,Cotización Reparación,Sí,Sí,2025-05-07,No,
DOC-00559,SIN-0182,Fotos Daño,Sí,Sí,2025-05-01,No,
DOC-00560,SIN-0182,Informe Técnico,Sí,Sí,2025-05-09,No,
DOC-00561,SIN-0183,Informe Técnico,Sí,Sí,2024-09-09,No,
DOC-00562,SIN-0183,Cotización Reparación,Sí,Sí,2024-09-08,No,
DOC-00563,SIN-0183,Fotos Daño,Sí,Sí,2024-09-03,No,
DOC-00564,SIN-0184,Recetas Médicas,Sí,Sí,2023-05-20,No,
DOC-00565,SIN-0184,Informe Médico,Sí,Sí,2023-05-28,No,
DOC-00566,SIN-0184,Resultados Exámenes,Sí,Sí,2023-05-24,No,
DOC-00567,SIN-0185,Factura Taller,Sí,Sí,2025-03-07,No,
DOC-00568,SIN-0185,Informe Perito,Sí,Sí,2025-03-01,No,
DOC-00569,SIN-0186,Resultados Exámenes,Sí,Sí,2023-08-06,No,
DOC-00570,SIN-0186,Factura Hospital,Sí,Sí,2023-08-15,No,
DOC-00571,SIN-0186,Informe Médico,Sí,Sí,2023-08-17,No,
DOC-00572,SIN-0186,Recetas Médicas,Sí,Sí,2023-08-13,No,
DOC-00573,SIN-0187,Factura Hospital,Sí,Sí,2024-09-16,No,
DOC-00574,SIN-0187,Recetas Médicas,Sí,Sí,2024-09-16,No,
DOC-00575,SIN-0187,Historia Clínica,Sí,Sí,2024-09-07,No,
DOC-00576,SIN-0187,Informe Médico,Sí,Sí,2024-09-09,No,
DOC-00577,SIN-0188,Fotos Daño,Sí,Sí,2024-01-14,No,
DOC-00578,SIN-0188,Factura Taller,Sí,Sí,2024-01-13,No,
DOC-00579,SIN-0189,Fotos Daño,Sí,Sí,2024-06-14,No,
DOC-00580,SIN-0189,Informe Bomberos,Sí,Sí,2024-06-08,No,
DOC-00581,SIN-0189,Acta Policial,Sí,Sí,2024-06-14,No,
DOC-00582,SIN-0189,Factura Reparación,Sí,Sí,2024-06-10,No,
DOC-00583,SIN-0190,Acta Policial,Sí,Sí,2023-09-24,No,
DOC-00584,SIN-0190,Informe Bomberos,Sí,Sí,2023-09-22,No,
DOC-00585,SIN-0190,Factura Reparación,Sí,Sí,2023-09-27,No,
DOC-00586,SIN-0190,Inventario Bienes,Sí,Sí,2023-09-21,No,
DOC-00587,SIN-0191,Informe Bomberos,Sí,Sí,2023-01-26,No,
DOC-00588,SIN-0191,Acta Policial,Sí,Sí,2023-01-21,No,
DOC-00589,SIN-0192,Acta Policial,Sí,Sí,2022-05-24,No,
DOC-00590,SIN-0192,Inventario Bienes,Sí,Sí,2022-06-01,No,
DOC-00591,SIN-0193,Denuncia Policial,No,No,,No,Documento no entregado por el asegurado
DOC-00592,SIN-0193,Copia Matrícula,Sí,Sí,2023-09-19,No,
DOC-00593,SIN-0193,Factura Taller,Sí,Sí,2023-09-21,No,
DOC-00594,SIN-0194,Informe Médico,Sí,Sí,2024-04-10,No,
DOC-00595,SIN-0194,Historia Clínica,Sí,Sí,2024-04-17,No,
DOC-00596,SIN-0195,Fotos Daño,No,No,,No,Documento no entregado por el asegurado
DOC-00597,SIN-0195,Factura Taller,No,No,2023-09-03,Sí,Valores en factura no coinciden con el informe del perito
DOC-00598,SIN-0196,Factura Reparación,Sí,Sí,2025-04-01,No,
DOC-00599,SIN-0196,Informe Bomberos,No,No,,No,Documento no entregado por el asegurado
DOC-00600,SIN-0197,Copia Licencia,No,No,,No,Documento no entregado por el asegurado
DOC-00601,SIN-0197,Fotos Daño,No,No,,No,Documento no entregado por el asegurado
DOC-00602,SIN-0197,Factura Taller,No,No,,No,Documento no entregado por el asegurado
DOC-00603,SIN-0198,Fotos Daño,Sí,Sí,2025-02-19,No,
DOC-00604,SIN-0198,Informe Perito,Sí,Sí,2025-02-15,No,
DOC-00605,SIN-0198,Copia Matrícula,Sí,Sí,2025-02-12,No,
DOC-00606,SIN-0199,Copia Matrícula,No,No,,No,Documento no entregado por el asegurado
DOC-00607,SIN-0199,Copia Licencia,No,No,,No,Documento no entregado por el asegurado
DOC-00608,SIN-0199,Factura Taller,Sí,Sí,2024-01-20,No,
DOC-00609,SIN-0199,Denuncia Policial,No,No,,No,Documento no entregado por el asegurado
DOC-00610,SIN-0200,Factura Taller,Sí,Sí,2024-04-14,No,
DOC-00611,SIN-0200,Copia Licencia,Sí,Sí,2024-04-12,No,
DOC-00612,SIN-0201,Copia Licencia,Sí,Sí,2025-02-22,No,
DOC-00613,SIN-0201,Factura Taller,Sí,Sí,2025-02-23,No,
DOC-00614,SIN-0201,Informe Perito,Sí,Sí,2025-02-26,No,
DOC-00615,SIN-0201,Copia Matrícula,Sí,Sí,2025-03-03,No,
DOC-00616,SIN-0202,Copia Licencia,Sí,Sí,2024-10-07,No,
DOC-00617,SIN-0202,Factura Taller,Sí,Sí,2024-10-09,No,
DOC-00618,SIN-0202,Informe Perito,Sí,Sí,2024-09-30,No,
DOC-00619,SIN-0202,Copia Matrícula,Sí,Sí,2024-09-29,No,
DOC-00620,SIN-0203,Copia Licencia,Sí,Sí,2023-04-08,No,
DOC-00621,SIN-0203,Denuncia Policial,Sí,Sí,2023-04-07,No,
DOC-00622,SIN-0204,Historia Clínica,Sí,Sí,2023-05-26,No,
DOC-00623,SIN-0204,Recetas Médicas,Sí,Sí,2023-06-02,No,
DOC-00624,SIN-0204,Resultados Exámenes,Sí,Sí,2023-06-08,No,
DOC-00625,SIN-0204,Informe Médico,Sí,Sí,2023-06-05,No,
DOC-00626,SIN-0205,Informe Médico,No,No,2024-02-13,Sí,Número de placa diferente al registrado en la póliza
DOC-00627,SIN-0205,Copia Cédula Beneficiario,No,No,,No,Documento no entregado por el asegurado
DOC-00628,SIN-0205,Póliza Original,Sí,Sí,2024-01-28,Sí,Sello del proveedor no reconocido
DOC-00629,SIN-0205,Acta de Defunción,No,No,,No,Documento no entregado por el asegurado
DOC-00630,SIN-0206,Resultados Exámenes,No,No,,No,Documento no entregado por el asegurado
DOC-00631,SIN-0206,Recetas Médicas,Sí,Sí,2023-03-18,No,
DOC-00632,SIN-0207,Fotos Daño,Sí,Sí,2021-10-04,No,
DOC-00633,SIN-0207,Denuncia Policial,Sí,Sí,2021-10-02,No,
DOC-00634,SIN-0207,Copia Matrícula,Sí,Sí,2021-10-08,No,
DOC-00635,SIN-0207,Informe Perito,Sí,Sí,2021-10-13,No,
DOC-00636,SIN-0208,Informe Médico,Sí,Sí,2023-08-04,No,
DOC-00637,SIN-0208,Resultados Exámenes,Sí,Sí,2023-07-26,No,
DOC-00638,SIN-0209,Copia Matrícula,No,No,2022-12-07,Sí,Fecha de factura anterior a la fecha del siniestro
DOC-00639,SIN-0209,Copia Licencia,Sí,Sí,2023-01-04,Sí,Firma del asegurado no coincide
DOC-00640,SIN-0209,Denuncia Policial,No,No,2023-01-04,Sí,Documento ilegible en secciones clave
DOC-00641,SIN-0210,Informe Médico,No,No,2023-07-29,Sí,Documento ilegible en secciones clave
DOC-00642,SIN-0210,Acta de Defunción,Sí,Sí,2023-07-31,No,
DOC-00643,SIN-0211,Resultados Exámenes,Sí,Sí,2023-07-27,No,
DOC-00644,SIN-0211,Factura Hospital,Sí,Sí,2023-08-01,No,
DOC-00645,SIN-0212,Informe Perito,Sí,Sí,2023-08-17,No,
DOC-00646,SIN-0212,Factura Taller,Sí,Sí,2023-08-18,No,
DOC-00647,SIN-0212,Fotos Daño,Sí,Sí,2023-08-07,No,
DOC-00648,SIN-0212,Copia Matrícula,Sí,Sí,2023-08-07,No,
DOC-00649,SIN-0213,Póliza Original,Sí,Sí,2023-07-29,No,
DOC-00650,SIN-0213,Acta de Defunción,Sí,Sí,2023-07-25,No,
DOC-00651,SIN-0214,Factura Reparación,Sí,Sí,2023-07-05,No,
DOC-00652,SIN-0214,Inventario Bienes,Sí,Sí,2023-07-11,No,
DOC-00653,SIN-0214,Informe Bomberos,Sí,Sí,2023-07-05,No,
DOC-00654,SIN-0214,Fotos Daño,Sí,Sí,2023-07-15,No,
DOC-00655,SIN-0215,Acta de Defunción,Sí,Sí,2023-07-25,No,
DOC-00656,SIN-0215,Copia Cédula Beneficiario,Sí,Sí,2023-07-27,No,
DOC-00657,SIN-0215,Informe Médico,Sí,Sí,2023-08-03,No,
DOC-00658,SIN-0216,Informe Perito,Sí,Sí,2023-08-16,No,
DOC-00659,SIN-0216,Denuncia Policial,Sí,Sí,2023-08-17,No,
DOC-00660,SIN-0216,Copia Licencia,Sí,Sí,2023-08-17,No,
DOC-00661,SIN-0216,Copia Matrícula,Sí,Sí,2023-08-16,No,
DOC-00662,SIN-0217,Denuncia Policial,Sí,Sí,2025-02-06,No,
DOC-00663,SIN-0217,Copia Matrícula,No,No,,No,Documento no entregado por el asegurado
DOC-00664,SIN-0217,Copia Licencia,Sí,Sí,2025-02-08,No,
DOC-00665,SIN-0218,Fotos Daño,Sí,Sí,2024-02-17,No,
DOC-00666,SIN-0218,Copia Licencia,Sí,Sí,2024-02-12,No,
DOC-00667,SIN-0218,Factura Taller,Sí,Sí,2024-02-09,No,
DOC-00668,SIN-0219,Factura Taller,Sí,Sí,2024-12-13,No,
DOC-00669,SIN-0219,Informe Perito,Sí,Sí,2024-12-19,No,
DOC-00670,SIN-0219,Copia Matrícula,Sí,Sí,2024-12-24,No,
DOC-00671,SIN-0220,Informe Médico,Sí,Sí,2025-02-15,No,
DOC-00672,SIN-0220,Póliza Original,Sí,Sí,2025-02-12,No,
DOC-00673,SIN-0220,Acta de Defunción,Sí,Sí,2025-02-14,No,
DOC-00674,SIN-0221,Informe Bomberos,Sí,Sí,2022-05-31,No,
DOC-00675,SIN-0221,Factura Reparación,Sí,Sí,2022-06-02,No,
DOC-00676,SIN-0221,Fotos Daño,Sí,Sí,2022-05-27,No,
DOC-00677,SIN-0221,Inventario Bienes,Sí,Sí,2022-05-31,No,
DOC-00678,SIN-0222,Fotos Daño,Sí,Sí,2023-01-10,No,
DOC-00679,SIN-0222,Denuncia Policial,Sí,Sí,2023-01-10,No,
DOC-00680,SIN-0222,Copia Matrícula,Sí,Sí,2023-01-09,No,
DOC-00681,SIN-0223,Fotos Daño,Sí,Sí,2024-02-28,No,
DOC-00682,SIN-0223,Denuncia Policial,No,No,,No,Documento no entregado por el asegurado
DOC-00683,SIN-0223,Factura Taller,No,No,,No,Documento no entregado por el asegurado
DOC-00684,SIN-0223,Copia Licencia,No,No,,No,Documento no entregado por el asegurado
DOC-00685,SIN-0224,Informe Bomberos,Sí,Sí,2023-12-03,No,
DOC-00686,SIN-0224,Fotos Daño,Sí,Sí,2023-12-01,No,
DOC-00687,SIN-0224,Factura Reparación,Sí,Sí,2023-11-29,No,
DOC-00688,SIN-0224,Inventario Bienes,Sí,Sí,2023-11-28,No,
DOC-00689,SIN-0225,Copia Licencia,Sí,Sí,2023-01-16,No,
DOC-00690,SIN-0225,Fotos Daño,Sí,Sí,2023-01-13,No,
DOC-00691,SIN-0226,Copia Matrícula,Sí,Sí,2025-03-29,No,
DOC-00692,SIN-0226,Fotos Daño,Sí,Sí,2025-03-24,No,
DOC-00693,SIN-0226,Informe Perito,Sí,Sí,2025-03-28,No,
DOC-00694,SIN-0226,Denuncia Policial,Sí,Sí,2025-03-31,No,
DOC-00695,SIN-0227,Copia Matrícula,Sí,Sí,2025-05-03,No,
DOC-00696,SIN-0227,Copia Licencia,Sí,Sí,2025-05-10,No,
DOC-00697,SIN-0227,Denuncia Policial,Sí,Sí,2025-05-08,No,
DOC-00698,SIN-0228,Factura Taller,Sí,Sí,2024-02-13,No,
DOC-00699,SIN-0228,Denuncia Policial,Sí,Sí,2024-02-21,No,
DOC-00700,SIN-0228,Fotos Daño,Sí,Sí,2024-02-09,No,
DOC-00701,SIN-0228,Copia Matrícula,Sí,Sí,2024-02-09,No,
DOC-00702,SIN-0229,Fotos Daño,Sí,Sí,2023-07-15,No,
DOC-00703,SIN-0229,Informe Técnico,Sí,Sí,2023-07-08,No,
DOC-00704,SIN-0230,Factura Taller,Sí,Sí,2022-02-21,No,
DOC-00705,SIN-0230,Informe Perito,Sí,Sí,2022-02-22,No,
DOC-00706,SIN-0231,Informe Perito,Sí,Sí,2024-02-21,No,
DOC-00707,SIN-0231,Copia Licencia,Sí,Sí,2024-02-17,No,
DOC-00708,SIN-0231,Copia Matrícula,Sí,Sí,2024-02-15,No,
DOC-00709,SIN-0231,Factura Taller,Sí,Sí,2024-02-28,No,
DOC-00710,SIN-0232,Informe Médico,Sí,Sí,2024-08-27,No,
DOC-00711,SIN-0232,Póliza Original,Sí,Sí,2024-08-26,No,
DOC-00712,SIN-0232,Acta de Defunción,Sí,Sí,2024-08-27,No,
DOC-00713,SIN-0232,Copia Cédula Beneficiario,Sí,Sí,2024-08-24,No,
DOC-00714,SIN-0233,Informe Bomberos,No,No,,No,Documento no entregado por el asegurado
DOC-00715,SIN-0233,Inventario Bienes,No,No,,No,Documento no entregado por el asegurado
DOC-00716,SIN-0233,Fotos Daño,Sí,Sí,2024-09-13,No,
DOC-00717,SIN-0234,Inventario Bienes,Sí,Sí,2023-07-05,No,
DOC-00718,SIN-0234,Fotos Daño,Sí,Sí,2023-07-09,No,
DOC-00719,SIN-0235,Factura Taller,Sí,Sí,2024-10-09,No,
DOC-00720,SIN-0235,Informe Perito,Sí,Sí,2024-10-23,No,
DOC-00721,SIN-0236,Informe Bomberos,Sí,Sí,2024-12-23,No,
DOC-00722,SIN-0236,Acta Policial,Sí,Sí,2024-12-31,No,
DOC-00723,SIN-0237,Póliza Original,No,No,,No,Documento no entregado por el asegurado
DOC-00724,SIN-0237,Acta de Defunción,Sí,Sí,2024-11-25,No,
DOC-00725,SIN-0238,Denuncia Policial,No,No,2024-04-21,Sí,Fecha de emisión posterior a la fecha de reporte
DOC-00726,SIN-0238,Factura Taller,Sí,Sí,2024-05-09,Sí,Fecha de emisión posterior a la fecha de reporte
DOC-00727,SIN-0239,Acta Policial,Sí,Sí,2024-04-13,No,
DOC-00728,SIN-0239,Informe Técnico,Sí,Sí,2024-04-16,No,
DOC-00729,SIN-0240,Recetas Médicas,Sí,Sí,2024-04-22,Sí,Fecha de factura anterior a la fecha del siniestro
DOC-00730,SIN-0240,Resultados Exámenes,No,No,2024-05-18,Sí,Fecha de emisión posterior a la fecha de reporte
DOC-00731,SIN-0240,Factura Hospital,Sí,Sí,2024-05-03,No,
DOC-00732,SIN-0241,Póliza Original,No,No,,No,Documento no entregado por el asegurado
DOC-00733,SIN-0241,Copia Cédula Beneficiario,Sí,Sí,2024-02-17,No,
DOC-00734,SIN-0242,Factura Equipo,Sí,Sí,2023-09-02,No,
DOC-00735,SIN-0242,Cotización Reparación,Sí,Sí,2023-08-24,No,
DOC-00736,SIN-0242,Informe Técnico,Sí,Sí,2023-08-23,No,
DOC-00737,SIN-0243,Factura Reparación,Sí,Sí,2024-01-25,No,
DOC-00738,SIN-0243,Fotos Daño,Sí,Sí,2024-01-27,No,
DOC-00739,SIN-0243,Acta Policial,Sí,Sí,2024-01-15,No,
DOC-00740,SIN-0244,Historia Clínica,Sí,Sí,2025-01-30,No,
DOC-00741,SIN-0244,Recetas Médicas,Sí,Sí,2025-02-08,No,
DOC-00742,SIN-0245,Copia Licencia,Sí,Sí,2023-06-01,No,
DOC-00743,SIN-0245,Fotos Daño,Sí,Sí,2023-06-03,No,
DOC-00744,SIN-0245,Copia Matrícula,Sí,Sí,2023-06-13,No,
DOC-00745,SIN-0246,Factura Taller,Sí,Sí,2023-07-14,No,
DOC-00746,SIN-0246,Copia Licencia,Sí,Sí,2023-07-04,No,
DOC-00747,SIN-0246,Copia Matrícula,No,No,,No,Documento no entregado por el asegurado
DOC-00748,SIN-0246,Denuncia Policial,Sí,Sí,2023-07-06,No,
DOC-00749,SIN-0247,Informe Perito,Sí,Sí,2023-05-31,No,
DOC-00750,SIN-0247,Fotos Daño,Sí,Sí,2023-06-04,No,
DOC-00751,SIN-0247,Denuncia Policial,Sí,Sí,2023-06-01,No,
DOC-00752,SIN-0247,Copia Matrícula,Sí,Sí,2023-06-04,No,
DOC-00753,SIN-0248,Denuncia Policial,Sí,Sí,2023-05-19,No,
DOC-00754,SIN-0248,Informe Perito,Sí,Sí,2023-05-20,No,
DOC-00755,SIN-0248,Factura Taller,Sí,Sí,2023-05-30,No,
DOC-00756,SIN-0249,Póliza Original,Sí,Sí,2023-01-11,No,
DOC-00757,SIN-0249,Informe Médico,Sí,Sí,2023-01-23,No,
DOC-00758,SIN-0249,Copia Cédula Beneficiario,Sí,Sí,2023-01-22,No,
DOC-00759,SIN-0249,Acta de Defunción,Sí,Sí,2023-01-17,No,
DOC-00760,SIN-0250,Fotos Daño,Sí,Sí,2023-03-28,No,
DOC-00761,SIN-0250,Informe Perito,Sí,Sí,2023-04-06,No,
DOC-00762,SIN-0250,Copia Matrícula,Sí,Sí,2023-04-08,No,
DOC-00763,SIN-0251,Denuncia Policial,Sí,Sí,2023-11-27,No,
DOC-00764,SIN-0251,Fotos Daño,Sí,Sí,2023-11-28,No,
DOC-00765,SIN-0252,Resultados Exámenes,Sí,Sí,2023-12-12,No,
DOC-00766,SIN-0252,Historia Clínica,Sí,Sí,2023-12-06,No,
DOC-00767,SIN-0252,Informe Médico,Sí,Sí,2023-12-18,No,
DOC-00768,SIN-0253,Historia Clínica,Sí,Sí,2024-08-27,No,
DOC-00769,SIN-0253,Informe Médico,Sí,Sí,2024-08-30,No,
DOC-00770,SIN-0253,Recetas Médicas,Sí,Sí,2024-08-19,No,
DOC-00771,SIN-0254,Acta de Defunción,Sí,Sí,2025-01-03,No,
DOC-00772,SIN-0254,Póliza Original,No,No,2024-12-21,Sí,Sello del proveedor no reconocido
DOC-00773,SIN-0254,Informe Médico,Sí,Sí,2024-12-22,Sí,Fecha de emisión posterior a la fecha de reporte
DOC-00774,SIN-0255,Fotos Daño,Sí,Sí,2024-05-31,No,
DOC-00775,SIN-0255,Copia Matrícula,Sí,Sí,2024-05-28,No,
DOC-00776,SIN-0255,Copia Licencia,Sí,Sí,2024-05-29,No,
DOC-00777,SIN-0255,Informe Perito,Sí,Sí,2024-05-23,No,
DOC-00778,SIN-0256,Copia Licencia,No,No,,No,Documento no entregado por el asegurado
DOC-00779,SIN-0256,Fotos Daño,Sí,Sí,2024-04-04,No,
DOC-00780,SIN-0256,Denuncia Policial,Sí,Sí,2024-04-05,No,
DOC-00781,SIN-0257,Copia Licencia,Sí,Sí,2024-11-11,No,
DOC-00782,SIN-0257,Informe Perito,Sí,Sí,2024-11-14,No,
DOC-00783,SIN-0258,Fotos Daño,No,No,,No,Documento no entregado por el asegurado
DOC-00784,SIN-0258,Factura Taller,No,No,,No,Documento no entregado por el asegurado
DOC-00785,SIN-0258,Copia Matrícula,Sí,Sí,2023-06-24,No,
DOC-00786,SIN-0259,Fotos Daño,Sí,Sí,2023-06-16,No,
DOC-00787,SIN-0259,Factura Taller,Sí,Sí,2023-06-09,No,
DOC-00788,SIN-0259,Copia Licencia,Sí,Sí,2023-06-10,No,
DOC-00789,SIN-0259,Informe Perito,Sí,Sí,2023-06-19,No,
DOC-00790,SIN-0260,Copia Matrícula,Sí,Sí,2023-05-17,No,
DOC-00791,SIN-0260,Informe Perito,Sí,Sí,2023-05-09,No,
DOC-00792,SIN-0260,Factura Taller,Sí,Sí,2023-05-17,No,
DOC-00793,SIN-0261,Informe Bomberos,Sí,Sí,2024-03-27,No,
DOC-00794,SIN-0261,Acta Policial,Sí,Sí,2024-03-28,No,
DOC-00795,SIN-0262,Denuncia Policial,Sí,Sí,2023-02-25,No,
DOC-00796,SIN-0262,Informe Perito,Sí,Sí,2023-02-22,No,
DOC-00797,SIN-0262,Copia Licencia,Sí,Sí,2023-02-16,No,
DOC-00798,SIN-0263,Factura Equipo,Sí,Sí,2023-07-20,No,
DOC-00799,SIN-0263,Cotización Reparación,Sí,Sí,2023-07-27,No,
DOC-00800,SIN-0263,Fotos Daño,Sí,Sí,2023-07-24,No,
DOC-00801,SIN-0264,Recetas Médicas,Sí,Sí,2024-06-11,No,
DOC-00802,SIN-0264,Resultados Exámenes,Sí,Sí,2024-06-09,No,
DOC-00803,SIN-0264,Factura Hospital,Sí,Sí,2024-06-05,No,
DOC-00804,SIN-0264,Informe Médico,Sí,Sí,2024-06-02,No,
DOC-00805,SIN-0265,Denuncia Policial,Sí,Sí,2024-07-10,No,
DOC-00806,SIN-0265,Informe Perito,Sí,Sí,2024-07-05,No,
DOC-00807,SIN-0265,Copia Matrícula,Sí,Sí,2024-07-11,No,
DOC-00808,SIN-0265,Copia Licencia,No,No,,No,Documento no entregado por el asegurado
DOC-00809,SIN-0266,Recetas Médicas,Sí,Sí,2023-06-29,No,
DOC-00810,SIN-0266,Resultados Exámenes,Sí,Sí,2023-06-21,No,
DOC-00811,SIN-0267,Factura Hospital,Sí,Sí,2023-07-12,No,
DOC-00812,SIN-0267,Resultados Exámenes,Sí,Sí,2023-07-17,No,
DOC-00813,SIN-0267,Recetas Médicas,Sí,Sí,2023-07-21,No,
DOC-00814,SIN-0268,Informe Bomberos,Sí,Sí,2023-04-03,No,
DOC-00815,SIN-0268,Fotos Daño,Sí,Sí,2023-04-14,No,
DOC-00816,SIN-0269,Copia Licencia,No,No,,No,Documento no entregado por el asegurado
DOC-00817,SIN-0269,Fotos Daño,Sí,Sí,2024-12-10,No,
DOC-00818,SIN-0269,Factura Taller,No,No,,No,Documento no entregado por el asegurado
DOC-00819,SIN-0269,Informe Perito,Sí,Sí,2024-12-12,No,
DOC-00820,SIN-0270,Denuncia Policial,Sí,Sí,2024-03-12,No,
DOC-00821,SIN-0270,Fotos Daño,Sí,Sí,2024-03-01,No,
DOC-00822,SIN-0270,Factura Taller,Sí,Sí,2024-03-02,No,
DOC-00823,SIN-0270,Copia Licencia,Sí,Sí,2024-03-10,No,
DOC-00824,SIN-0271,Póliza Original,Sí,Sí,2023-11-12,No,
DOC-00825,SIN-0271,Copia Cédula Beneficiario,Sí,Sí,2023-11-16,No,
DOC-00826,SIN-0272,Cotización Reparación,Sí,Sí,2024-08-18,No,
DOC-00827,SIN-0272,Informe Técnico,Sí,Sí,2024-08-19,No,
DOC-00828,SIN-0273,Factura Hospital,Sí,Sí,2023-06-16,No,
DOC-00829,SIN-0273,Resultados Exámenes,Sí,Sí,2023-06-17,No,
DOC-00830,SIN-0274,Fotos Daño,Sí,Sí,2025-02-20,No,
DOC-00831,SIN-0274,Copia Licencia,Sí,Sí,2025-02-23,No,
DOC-00832,SIN-0274,Copia Matrícula,Sí,Sí,2025-02-18,No,
DOC-00833,SIN-0275,Copia Licencia,Sí,Sí,2023-11-11,No,
DOC-00834,SIN-0275,Factura Taller,Sí,Sí,2023-11-16,No,
DOC-00835,SIN-0275,Informe Perito,Sí,Sí,2023-11-12,No,
DOC-00836,SIN-0275,Copia Matrícula,Sí,Sí,2023-11-21,No,
DOC-00837,SIN-0276,Acta de Defunción,Sí,Sí,2025-03-08,No,
DOC-00838,SIN-0276,Informe Médico,Sí,Sí,2025-03-09,No,
DOC-00839,SIN-0276,Póliza Original,Sí,Sí,2025-03-17,No,
DOC-00840,SIN-0277,Fotos Daño,Sí,Sí,2023-12-03,No,
DOC-00841,SIN-0277,Copia Licencia,Sí,Sí,2023-12-02,No,
DOC-00842,SIN-0278,Informe Perito,Sí,Sí,2024-11-06,No,
DOC-00843,SIN-0278,Fotos Daño,Sí,Sí,2024-11-14,No,
DOC-00844,SIN-0279,Informe Perito,Sí,Sí,2024-09-03,No,
DOC-00845,SIN-0279,Factura Taller,Sí,Sí,2024-09-07,No,
DOC-00846,SIN-0279,Denuncia Policial,Sí,Sí,2024-08-28,No,
DOC-00847,SIN-0280,Factura Taller,No,No,,No,Documento no entregado por el asegurado
DOC-00848,SIN-0280,Denuncia Policial,No,No,,No,Documento no entregado por el asegurado
DOC-00849,SIN-0280,Informe Perito,No,No,,No,Documento no entregado por el asegurado
DOC-00850,SIN-0280,Copia Matrícula,Sí,Sí,2024-07-10,No,
DOC-00851,SIN-0281,Cotización Reparación,No,No,,No,Documento no entregado por el asegurado
DOC-00852,SIN-0281,Fotos Daño,Sí,Sí,2025-04-02,No,
DOC-00853,SIN-0282,Inventario Bienes,Sí,Sí,2024-07-14,No,
DOC-00854,SIN-0282,Factura Reparación,Sí,Sí,2024-07-13,No,
DOC-00855,SIN-0282,Fotos Daño,Sí,Sí,2024-07-06,No,
DOC-00856,SIN-0283,Informe Médico,No,No,,No,Documento no entregado por el asegurado
DOC-00857,SIN-0283,Historia Clínica,Sí,Sí,2024-05-25,Sí,Fecha de emisión posterior a la fecha de reporte
DOC-00858,SIN-0284,Fotos Daño,Sí,Sí,2023-12-28,No,
DOC-00859,SIN-0284,Informe Perito,Sí,Sí,2023-12-30,No,
DOC-00860,SIN-0285,Fotos Daño,No,No,,No,Documento no entregado por el asegurado
DOC-00861,SIN-0285,Factura Taller,No,No,,No,Documento no entregado por el asegurado
DOC-00862,SIN-0286,Copia Licencia,Sí,Sí,2024-07-13,No,
DOC-00863,SIN-0286,Denuncia Policial,Sí,Sí,2024-07-15,No,
DOC-00864,SIN-0286,Fotos Daño,Sí,Sí,2024-07-02,No,
DOC-00865,SIN-0286,Informe Perito,Sí,Sí,2024-07-03,No,
DOC-00866,SIN-0287,Factura Reparación,No,No,,No,Documento no entregado por el asegurado
DOC-00867,SIN-0287,Informe Bomberos,Sí,Sí,2025-03-16,No,
DOC-00868,SIN-0287,Acta Policial,No,No,,No,Documento no entregado por el asegurado
DOC-00869,SIN-0287,Inventario Bienes,No,No,,No,Documento no entregado por el asegurado
DOC-00870,SIN-0288,Informe Perito,Sí,Sí,2024-04-13,No,
DOC-00871,SIN-0288,Factura Taller,Sí,Sí,2024-04-11,No,
DOC-00872,SIN-0288,Copia Licencia,Sí,Sí,2024-04-01,No,
DOC-00873,SIN-0289,Fotos Daño,Sí,Sí,2021-09-13,No,
DOC-00874,SIN-0289,Acta Policial,Sí,Sí,2021-09-08,No,
DOC-00875,SIN-0290,Copia Cédula Beneficiario,Sí,Sí,2024-05-09,No,
DOC-00876,SIN-0290,Póliza Original,Sí,Sí,2024-05-08,No,
DOC-00877,SIN-0290,Acta de Defunción,Sí,Sí,2024-05-19,No,
DOC-00878,SIN-0290,Informe Médico,Sí,Sí,2024-05-17,No,
DOC-00879,SIN-0291,Factura Taller,Sí,Sí,2023-03-14,No,
DOC-00880,SIN-0291,Copia Licencia,No,No,,No,Documento no entregado por el asegurado
DOC-00881,SIN-0292,Copia Cédula Beneficiario,Sí,Sí,2023-06-20,No,
DOC-00882,SIN-0292,Póliza Original,Sí,Sí,2023-06-19,No,
DOC-00883,SIN-0293,Denuncia Policial,Sí,Sí,2023-05-08,No,
DOC-00884,SIN-0293,Copia Matrícula,Sí,Sí,2023-05-14,No,
DOC-00885,SIN-0293,Informe Perito,Sí,Sí,2023-05-18,No,
DOC-00886,SIN-0294,Factura Reparación,No,No,,No,Documento no entregado por el asegurado
DOC-00887,SIN-0294,Acta Policial,Sí,Sí,2023-04-06,No,
DOC-00888,SIN-0295,Copia Matrícula,Sí,Sí,2024-09-10,No,
DOC-00889,SIN-0295,Factura Taller,Sí,Sí,2024-09-03,No,
DOC-00890,SIN-0295,Fotos Daño,Sí,Sí,2024-09-02,No,
DOC-00891,SIN-0296,Informe Bomberos,Sí,Sí,2021-01-12,No,
DOC-00892,SIN-0296,Acta Policial,Sí,Sí,2021-01-10,No,
DOC-00893,SIN-0297,Informe Técnico,Sí,Sí,2024-09-08,No,
DOC-00894,SIN-0297,Cotización Reparación,Sí,Sí,2024-08-31,No,
DOC-00895,SIN-0297,Acta Policial,Sí,Sí,2024-09-09,No,
DOC-00896,SIN-0297,Factura Equipo,Sí,Sí,2024-09-12,No,
DOC-00897,SIN-0298,Factura Hospital,Sí,Sí,2023-05-08,No,
DOC-00898,SIN-0298,Recetas Médicas,Sí,Sí,2023-05-16,No,
DOC-00899,SIN-0298,Informe Médico,Sí,Sí,2023-05-10,No,
DOC-00900,SIN-0298,Resultados Exámenes,Sí,Sí,2023-05-08,No,
DOC-00901,SIN-0299,Inventario Bienes,Sí,Sí,2023-03-22,No,
DOC-00902,SIN-0299,Fotos Daño,Sí,Sí,2023-03-20,No,
DOC-00903,SIN-0299,Factura Reparación,Sí,Sí,2023-03-19,No,
DOC-00904,SIN-0300,Factura Reparación,Sí,Sí,2023-09-06,No,
DOC-00905,SIN-0300,Informe Bomberos,Sí,Sí,2023-08-31,No,
DOC-00906,SIN-0300,Acta Policial,Sí,Sí,2023-09-06,No,
DOC-00907,SIN-0300,Inventario Bienes,Sí,Sí,2023-09-03,No,
DOC-00908,SIN-0301,Factura Hospital,Sí,Sí,2023-06-21,No,
DOC-00909,SIN-0301,Informe Médico,Sí,Sí,2023-06-12,No,
DOC-00910,SIN-0301,Recetas Médicas,Sí,Sí,2023-06-16,No,
DOC-00911,SIN-0301,Historia Clínica,Sí,Sí,2023-06-09,No,
DOC-00912,SIN-0302,Historia Clínica,Sí,Sí,2024-09-22,No,
DOC-00913,SIN-0302,Resultados Exámenes,Sí,Sí,2024-10-01,No,
DOC-00914,SIN-0302,Factura Hospital,Sí,Sí,2024-09-23,No,
DOC-00915,SIN-0302,Informe Médico,Sí,Sí,2024-09-23,No,
DOC-00916,SIN-0303,Informe Bomberos,Sí,Sí,2023-10-01,No,
DOC-00917,SIN-0303,Acta Policial,Sí,Sí,2023-09-17,No,
DOC-00918,SIN-0303,Factura Reparación,Sí,Sí,2023-09-17,No,
DOC-00919,SIN-0304,Factura Taller,Sí,Sí,2024-09-14,No,
DOC-00920,SIN-0304,Informe Perito,Sí,Sí,2024-09-19,No,
DOC-00921,SIN-0304,Copia Matrícula,No,No,,No,Documento no entregado por el asegurado
DOC-00922,SIN-0305,Copia Licencia,Sí,Sí,2025-03-21,No,
DOC-00923,SIN-0305,Denuncia Policial,Sí,Sí,2025-03-31,No,
DOC-00924,SIN-0305,Copia Matrícula,Sí,Sí,2025-03-29,No,
DOC-00925,SIN-0305,Informe Perito,Sí,Sí,2025-04-02,No,
DOC-00926,SIN-0306,Copia Matrícula,Sí,Sí,2024-06-22,No,
DOC-00927,SIN-0306,Factura Taller,Sí,Sí,2024-06-19,No,
DOC-00928,SIN-0307,Factura Taller,Sí,Sí,2024-12-23,No,
DOC-00929,SIN-0307,Copia Matrícula,Sí,Sí,2024-12-26,No,
DOC-00930,SIN-0308,Resultados Exámenes,Sí,Sí,2024-11-11,No,
DOC-00931,SIN-0308,Factura Hospital,Sí,Sí,2024-11-10,No,
DOC-00932,SIN-0308,Recetas Médicas,Sí,Sí,2024-11-14,No,
DOC-00933,SIN-0309,Factura Taller,Sí,Sí,2023-06-23,No,
DOC-00934,SIN-0309,Fotos Daño,Sí,Sí,2023-06-24,No,
DOC-00935,SIN-0309,Denuncia Policial,Sí,Sí,2023-06-30,No,
DOC-00936,SIN-0310,Denuncia Policial,No,No,,No,Documento no entregado por el asegurado
DOC-00937,SIN-0310,Informe Perito,No,No,,No,Documento no entregado por el asegurado
DOC-00938,SIN-0310,Factura Taller,No,No,,No,Documento no entregado por el asegurado
DOC-00939,SIN-0311,Fotos Daño,Sí,Sí,2025-03-03,No,
DOC-00940,SIN-0311,Denuncia Policial,Sí,Sí,2025-03-05,No,
DOC-00941,SIN-0311,Copia Licencia,Sí,Sí,2025-02-22,No,
DOC-00942,SIN-0311,Copia Matrícula,Sí,Sí,2025-02-20,No,
DOC-00943,SIN-0312,Copia Matrícula,Sí,Sí,2025-02-02,No,
DOC-00944,SIN-0312,Denuncia Policial,Sí,Sí,2025-01-28,No,
DOC-00945,SIN-0313,Informe Bomberos,Sí,Sí,2024-03-23,No,
DOC-00946,SIN-0313,Inventario Bienes,Sí,Sí,2024-03-29,No,
DOC-00947,SIN-0313,Fotos Daño,Sí,Sí,2024-03-21,No,
DOC-00948,SIN-0313,Factura Reparación,Sí,Sí,2024-03-18,No,
DOC-00949,SIN-0314,Factura Taller,Sí,Sí,2023-03-27,No,
DOC-00950,SIN-0314,Fotos Daño,Sí,Sí,2023-04-08,No,
DOC-00951,SIN-0314,Copia Licencia,Sí,Sí,2023-03-29,No,
DOC-00952,SIN-0314,Informe Perito,Sí,Sí,2023-03-30,No,
DOC-00953,SIN-0315,Denuncia Policial,Sí,Sí,2023-08-15,No,
DOC-00954,SIN-0315,Factura Taller,Sí,Sí,2023-08-07,No,
DOC-00955,SIN-0315,Fotos Daño,Sí,Sí,2023-08-13,No,
DOC-00956,SIN-0315,Copia Matrícula,Sí,Sí,2023-08-06,No,
DOC-00957,SIN-0316,Fotos Daño,Sí,Sí,2023-05-31,No,
DOC-00958,SIN-0316,Copia Matrícula,Sí,Sí,2023-05-31,No,
DOC-00959,SIN-0317,Informe Bomberos,Sí,Sí,2024-02-04,No,
DOC-00960,SIN-0317,Acta Policial,Sí,Sí,2024-02-15,No,
DOC-00961,SIN-0318,Resultados Exámenes,Sí,Sí,2023-07-15,No,
DOC-00962,SIN-0318,Factura Hospital,Sí,Sí,2023-07-25,No,
DOC-00963,SIN-0318,Informe Médico,Sí,Sí,2023-07-16,No,
DOC-00964,SIN-0318,Historia Clínica,Sí,Sí,2023-07-19,No,
DOC-00965,SIN-0319,Denuncia Policial,No,No,,No,Documento no entregado por el asegurado
DOC-00966,SIN-0319,Fotos Daño,No,No,,No,Documento no entregado por el asegurado
DOC-00967,SIN-0320,Acta Policial,Sí,Sí,2022-03-13,No,
DOC-00968,SIN-0320,Fotos Daño,Sí,Sí,2022-03-15,No,
DOC-00969,SIN-0320,Informe Bomberos,Sí,Sí,2022-03-17,No,
DOC-00970,SIN-0321,Acta Policial,Sí,Sí,2023-12-28,No,
DOC-00971,SIN-0321,Factura Reparación,Sí,Sí,2024-01-06,No,
DOC-00972,SIN-0321,Informe Bomberos,Sí,Sí,2024-01-04,No,
DOC-00973,SIN-0322,Informe Médico,Sí,Sí,2023-11-11,No,
DOC-00974,SIN-0322,Recetas Médicas,Sí,Sí,2023-10-31,No,
DOC-00975,SIN-0322,Factura Hospital,Sí,Sí,2023-11-07,No,
DOC-00976,SIN-0323,Resultados Exámenes,Sí,Sí,2024-09-12,No,
DOC-00977,SIN-0323,Informe Médico,Sí,Sí,2024-09-18,No,
DOC-00978,SIN-0323,Factura Hospital,Sí,Sí,2024-09-20,No,
DOC-00979,SIN-0323,Recetas Médicas,Sí,Sí,2024-09-13,No,
DOC-00980,SIN-0324,Copia Licencia,Sí,Sí,2020-02-23,No,
DOC-00981,SIN-0324,Denuncia Policial,Sí,Sí,2020-03-03,No,
DOC-00982,SIN-0324,Factura Taller,Sí,Sí,2020-03-01,No,
DOC-00983,SIN-0324,Copia Matrícula,No,No,,No,Documento no entregado por el asegurado
DOC-00984,SIN-0325,Resultados Exámenes,Sí,Sí,2023-07-15,No,
DOC-00985,SIN-0325,Informe Médico,Sí,Sí,2023-07-15,No,
DOC-00986,SIN-0325,Recetas Médicas,Sí,Sí,2023-07-09,No,
DOC-00987,SIN-0325,Factura Hospital,Sí,Sí,2023-07-04,No,
DOC-00988,SIN-0326,Informe Médico,No,No,,No,Documento no entregado por el asegurado
DOC-00989,SIN-0326,Recetas Médicas,No,No,,No,Documento no entregado por el asegurado
DOC-00990,SIN-0326,Historia Clínica,No,No,,No,Documento no entregado por el asegurado
DOC-00991,SIN-0326,Factura Hospital,Sí,Sí,2023-01-22,No,
DOC-00992,SIN-0327,Recetas Médicas,Sí,Sí,2024-12-15,No,
DOC-00993,SIN-0327,Historia Clínica,Sí,Sí,2024-12-13,No,
DOC-00994,SIN-0328,Historia Clínica,Sí,Sí,2024-05-04,No,
DOC-00995,SIN-0328,Resultados Exámenes,Sí,Sí,2024-05-18,No,
DOC-00996,SIN-0329,Copia Cédula Beneficiario,Sí,Sí,2023-04-09,No,
DOC-00997,SIN-0329,Acta de Defunción,Sí,Sí,2023-04-10,No,
DOC-00998,SIN-0329,Informe Médico,Sí,Sí,2023-04-15,No,
DOC-00999,SIN-0329,Póliza Original,Sí,Sí,2023-04-07,No,
DOC-01000,SIN-0330,Resultados Exámenes,Sí,Sí,2025-04-25,No,
DOC-01001,SIN-0330,Factura Hospital,Sí,Sí,2025-04-26,No,
DOC-01002,SIN-0331,Fotos Daño,Sí,Sí,2023-07-25,No,
DOC-01003,SIN-0331,Copia Licencia,Sí,Sí,2023-07-23,No,
DOC-01004,SIN-0331,Informe Perito,Sí,Sí,2023-07-24,No,
DOC-01005,SIN-0331,Copia Matrícula,Sí,Sí,2023-07-17,No,
DOC-01006,SIN-0332,Informe Médico,No,No,2025-03-22,Sí,Sello del proveedor no reconocido
DOC-01007,SIN-0332,Resultados Exámenes,No,No,2025-04-09,Sí,Sello del proveedor no reconocido
DOC-01008,SIN-0333,Factura Equipo,Sí,Sí,2024-12-07,No,
DOC-01009,SIN-0333,Acta Policial,Sí,Sí,2024-12-16,No,
DOC-01010,SIN-0333,Fotos Daño,Sí,Sí,2024-12-08,No,
DOC-01011,SIN-0333,Informe Técnico,Sí,Sí,2024-12-20,No,
DOC-01012,SIN-0334,Informe Perito,Sí,Sí,2023-12-14,No,
DOC-01013,SIN-0334,Fotos Daño,Sí,Sí,2023-12-18,No,
DOC-01014,SIN-0334,Copia Licencia,Sí,Sí,2023-12-14,No,
DOC-01015,SIN-0335,Denuncia Policial,No,No,2024-06-21,Sí,Fecha de factura anterior a la fecha del siniestro
DOC-01016,SIN-0335,Copia Licencia,Sí,Sí,2024-07-22,Sí,Firma del asegurado no coincide
DOC-01017,SIN-0336,Fotos Daño,Sí,Sí,2025-04-05,No,
DOC-01018,SIN-0336,Copia Licencia,Sí,Sí,2025-04-02,No,
DOC-01019,SIN-0336,Factura Taller,Sí,Sí,2025-04-06,No,
DOC-01020,SIN-0336,Copia Matrícula,Sí,Sí,2025-04-01,No,
DOC-01021,SIN-0337,Factura Hospital,No,No,,No,Documento no entregado por el asegurado
DOC-01022,SIN-0337,Historia Clínica,Sí,Sí,2023-11-08,No,
DOC-01023,SIN-0337,Resultados Exámenes,No,No,,No,Documento no entregado por el asegurado
DOC-01024,SIN-0338,Recetas Médicas,Sí,Sí,2024-06-02,No,
DOC-01025,SIN-0338,Factura Hospital,Sí,Sí,2024-06-01,No,
DOC-01026,SIN-0338,Resultados Exámenes,Sí,Sí,2024-05-26,No,
DOC-01027,SIN-0339,Factura Hospital,Sí,Sí,2025-04-02,Sí,Sello del proveedor no reconocido
DOC-01028,SIN-0339,Informe Médico,No,No,2025-04-03,Sí,Valores en factura no coinciden con el informe del perito
DOC-01029,SIN-0340,Fotos Daño,Sí,Sí,2024-08-18,No,
DOC-01030,SIN-0340,Informe Técnico,Sí,Sí,2024-08-13,No,
DOC-01031,SIN-0340,Cotización Reparación,Sí,Sí,2024-08-08,No,
DOC-01032,SIN-0341,Copia Licencia,Sí,Sí,2023-09-25,No,
DOC-01033,SIN-0341,Denuncia Policial,Sí,Sí,2023-09-29,No,
DOC-01034,SIN-0341,Informe Perito,Sí,Sí,2023-09-20,No,
DOC-01035,SIN-0341,Fotos Daño,Sí,Sí,2023-09-24,No,
DOC-01036,SIN-0342,Denuncia Policial,Sí,Sí,2024-02-27,No,
DOC-01037,SIN-0342,Informe Perito,Sí,Sí,2024-03-05,No,
DOC-01038,SIN-0343,Fotos Daño,Sí,Sí,2024-06-08,No,
DOC-01039,SIN-0343,Informe Perito,Sí,Sí,2024-06-17,No,
DOC-01040,SIN-0344,Copia Cédula Beneficiario,Sí,Sí,2024-02-02,No,
DOC-01041,SIN-0344,Informe Médico,Sí,Sí,2024-02-01,No,
DOC-01042,SIN-0344,Póliza Original,Sí,Sí,2024-01-31,No,
DOC-01043,SIN-0345,Acta Policial,Sí,Sí,2023-11-20,No,
DOC-01044,SIN-0345,Informe Técnico,Sí,Sí,2023-11-23,No,
DOC-01045,SIN-0345,Factura Equipo,Sí,Sí,2023-11-12,No,
DOC-01046,SIN-0345,Fotos Daño,Sí,Sí,2023-11-21,No,
DOC-01047,SIN-0346,Informe Técnico,Sí,Sí,2023-12-06,No,
DOC-01048,SIN-0346,Factura Equipo,Sí,Sí,2023-12-04,No,
DOC-01049,SIN-0347,Acta Policial,Sí,Sí,2024-08-27,No,
DOC-01050,SIN-0347,Informe Bomberos,Sí,Sí,2024-08-26,No,
DOC-01051,SIN-0347,Inventario Bienes,Sí,Sí,2024-08-28,No,
DOC-01052,SIN-0348,Fotos Daño,No,No,,No,Documento no entregado por el asegurado
DOC-01053,SIN-0348,Copia Matrícula,No,No,,No,Documento no entregado por el asegurado
DOC-01054,SIN-0349,Informe Perito,Sí,Sí,2024-09-05,No,
DOC-01055,SIN-0349,Copia Licencia,Sí,Sí,2024-09-11,No,
DOC-01056,SIN-0349,Factura Taller,Sí,Sí,2024-09-05,No,
DOC-01057,SIN-0350,Resultados Exámenes,Sí,Sí,2025-01-20,No,
DOC-01058,SIN-0350,Factura Hospital,Sí,Sí,2025-01-26,No,
DOC-01059,SIN-0351,Informe Médico,Sí,Sí,2024-06-21,No,
DOC-01060,SIN-0351,Factura Hospital,Sí,Sí,2024-06-15,No,
DOC-01061,SIN-0352,Factura Taller,Sí,Sí,2024-02-04,No,
DOC-01062,SIN-0352,Informe Perito,Sí,Sí,2024-02-01,No,
DOC-01063,SIN-0352,Copia Matrícula,Sí,Sí,2024-01-30,No,
DOC-01064,SIN-0352,Copia Licencia,Sí,Sí,2024-02-03,No,
DOC-01065,SIN-0353,Informe Técnico,Sí,Sí,2023-06-02,No,
DOC-01066,SIN-0353,Acta Policial,Sí,Sí,2023-05-25,No,
DOC-01067,SIN-0353,Fotos Daño,Sí,Sí,2023-06-04,No,
DOC-01068,SIN-0353,Cotización Reparación,Sí,Sí,2023-06-06,No,
DOC-01069,SIN-0354,Informe Perito,Sí,Sí,2023-07-25,No,
DOC-01070,SIN-0354,Copia Matrícula,Sí,Sí,2023-08-08,No,
DOC-01071,SIN-0354,Copia Licencia,Sí,Sí,2023-07-25,No,
DOC-01072,SIN-0355,Copia Licencia,Sí,Sí,2024-01-07,No,
DOC-01073,SIN-0355,Informe Perito,Sí,Sí,2024-01-06,No,
DOC-01074,SIN-0355,Fotos Daño,Sí,Sí,2024-01-07,No,
DOC-01075,SIN-0355,Factura Taller,Sí,Sí,2024-01-02,No,
DOC-01076,SIN-0356,Fotos Daño,Sí,Sí,2023-01-23,No,
DOC-01077,SIN-0356,Factura Taller,Sí,Sí,2023-01-24,No,
DOC-01078,SIN-0356,Copia Matrícula,Sí,Sí,2023-01-17,No,
DOC-01079,SIN-0357,Copia Licencia,Sí,Sí,2024-05-10,No,
DOC-01080,SIN-0357,Copia Matrícula,Sí,Sí,2024-05-20,No,
DOC-01081,SIN-0357,Fotos Daño,Sí,Sí,2024-05-17,No,
DOC-01082,SIN-0357,Informe Perito,Sí,Sí,2024-05-22,No,
DOC-01083,SIN-0358,Fotos Daño,Sí,Sí,2023-05-12,No,
DOC-01084,SIN-0358,Copia Licencia,Sí,Sí,2023-05-12,No,
DOC-01085,SIN-0359,Fotos Daño,No,No,,No,Documento no entregado por el asegurado
DOC-01086,SIN-0359,Copia Licencia,No,No,,No,Documento no entregado por el asegurado
DOC-01087,SIN-0359,Informe Perito,No,No,,No,Documento no entregado por el asegurado
DOC-01088,SIN-0359,Copia Matrícula,Sí,Sí,2024-12-10,No,
DOC-01089,SIN-0360,Copia Matrícula,Sí,Sí,2025-02-25,No,
DOC-01090,SIN-0360,Denuncia Policial,Sí,Sí,2025-02-20,No,
DOC-01091,SIN-0361,Denuncia Policial,Sí,Sí,2024-09-10,No,
DOC-01092,SIN-0361,Fotos Daño,Sí,Sí,2024-09-05,No,
DOC-01093,SIN-0361,Factura Taller,Sí,Sí,2024-09-06,No,
DOC-01094,SIN-0362,Copia Cédula Beneficiario,Sí,Sí,2024-07-14,No,
DOC-01095,SIN-0362,Informe Médico,Sí,Sí,2024-07-09,No,
DOC-01096,SIN-0362,Póliza Original,Sí,Sí,2024-07-08,No,
DOC-01097,SIN-0363,Copia Licencia,Sí,Sí,2020-10-17,No,
DOC-01098,SIN-0363,Fotos Daño,Sí,Sí,2020-10-25,No,
DOC-01099,SIN-0363,Denuncia Policial,No,No,,No,Documento no entregado por el asegurado
DOC-01100,SIN-0364,Acta Policial,Sí,Sí,2020-06-07,No,
DOC-01101,SIN-0364,Fotos Daño,Sí,Sí,2020-06-10,No,
DOC-01102,SIN-0365,Cotización Reparación,Sí,Sí,2023-01-31,No,
DOC-01103,SIN-0365,Informe Técnico,Sí,Sí,2023-02-07,No,
DOC-01104,SIN-0365,Factura Equipo,Sí,Sí,2023-02-03,No,
DOC-01105,SIN-0365,Acta Policial,Sí,Sí,2023-02-01,No,
DOC-01106,SIN-0366,Copia Matrícula,Sí,Sí,2023-01-11,No,
DOC-01107,SIN-0366,Informe Perito,Sí,Sí,2023-01-17,No,
DOC-01108,SIN-0367,Informe Perito,No,No,,No,Documento no entregado por el asegurado
DOC-01109,SIN-0367,Copia Matrícula,Sí,Sí,2020-07-22,No,
DOC-01110,SIN-0367,Denuncia Policial,Sí,Sí,2020-07-19,No,
DOC-01111,SIN-0368,Copia Matrícula,Sí,Sí,2023-03-30,No,
DOC-01112,SIN-0368,Fotos Daño,Sí,Sí,2023-03-24,No,
DOC-01113,SIN-0368,Copia Licencia,Sí,Sí,2023-04-02,No,
DOC-01114,SIN-0368,Denuncia Policial,Sí,Sí,2023-03-24,No,
DOC-01115,SIN-0369,Acta Policial,No,No,,No,Documento no entregado por el asegurado
DOC-01116,SIN-0369,Inventario Bienes,Sí,Sí,2023-06-11,No,
DOC-01117,SIN-0369,Informe Bomberos,Sí,Sí,2023-06-12,No,
DOC-01118,SIN-0370,Factura Hospital,Sí,Sí,2023-11-13,No,
DOC-01119,SIN-0370,Historia Clínica,Sí,Sí,2023-11-02,No,
DOC-01120,SIN-0371,Denuncia Policial,No,No,,No,Documento no entregado por el asegurado
DOC-01121,SIN-0371,Informe Perito,No,No,,No,Documento no entregado por el asegurado
DOC-01122,SIN-0371,Copia Matrícula,Sí,Sí,2025-03-29,No,
DOC-01123,SIN-0371,Factura Taller,Sí,Sí,2025-03-26,No,
DOC-01124,SIN-0372,Fotos Daño,Sí,Sí,2025-03-03,No,
DOC-01125,SIN-0372,Informe Perito,Sí,Sí,2025-03-04,No,
DOC-01126,SIN-0372,Factura Taller,Sí,Sí,2025-03-08,No,
DOC-01127,SIN-0373,Acta Policial,Sí,Sí,2023-02-02,No,
DOC-01128,SIN-0373,Fotos Daño,Sí,Sí,2023-01-23,No,
DOC-01129,SIN-0374,Resultados Exámenes,Sí,Sí,2025-05-04,No,
DOC-01130,SIN-0374,Historia Clínica,Sí,Sí,2025-04-28,No,
DOC-01131,SIN-0374,Factura Hospital,Sí,Sí,2025-05-04,No,
DOC-01132,SIN-0374,Recetas Médicas,Sí,Sí,2025-05-03,No,
DOC-01133,SIN-0375,Fotos Daño,Sí,Sí,2023-10-26,No,
DOC-01134,SIN-0375,Copia Licencia,Sí,Sí,2023-11-05,No,
DOC-01135,SIN-0375,Copia Matrícula,Sí,Sí,2023-10-28,No,
DOC-01136,SIN-0375,Denuncia Policial,Sí,Sí,2023-11-03,No,
DOC-01137,SIN-0376,Factura Hospital,Sí,Sí,2023-04-04,No,
DOC-01138,SIN-0376,Informe Médico,Sí,Sí,2023-03-26,No,
DOC-01139,SIN-0376,Historia Clínica,Sí,Sí,2023-03-21,No,
DOC-01140,SIN-0377,Historia Clínica,Sí,Sí,2024-12-21,No,
DOC-01141,SIN-0377,Factura Hospital,Sí,Sí,2024-12-26,No,
DOC-01142,SIN-0377,Informe Médico,Sí,Sí,2025-01-02,No,
DOC-01143,SIN-0377,Recetas Médicas,Sí,Sí,2024-12-30,No,
DOC-01144,SIN-0378,Factura Taller,No,No,,No,Documento no entregado por el asegurado
DOC-01145,SIN-0378,Copia Matrícula,No,No,,No,Documento no entregado por el asegurado
DOC-01146,SIN-0378,Copia Licencia,Sí,Sí,2024-07-18,No,
DOC-01147,SIN-0379,Copia Licencia,Sí,Sí,2023-12-20,No,
DOC-01148,SIN-0379,Copia Matrícula,Sí,Sí,2023-12-15,No,
DOC-01149,SIN-0380,Acta Policial,Sí,Sí,2024-02-04,No,
DOC-01150,SIN-0380,Cotización Reparación,Sí,Sí,2024-02-07,No,
DOC-01151,SIN-0381,Fotos Daño,Sí,Sí,2023-03-18,No,
DOC-01152,SIN-0381,Copia Matrícula,Sí,Sí,2023-03-16,No,
DOC-01153,SIN-0381,Denuncia Policial,Sí,Sí,2023-03-08,No,
DOC-01154,SIN-0382,Recetas Médicas,Sí,Sí,2023-02-27,No,
DOC-01155,SIN-0382,Historia Clínica,Sí,Sí,2023-02-21,No,
DOC-01156,SIN-0382,Factura Hospital,Sí,Sí,2023-03-01,No,
DOC-01157,SIN-0383,Informe Perito,Sí,Sí,2023-03-09,No,
DOC-01158,SIN-0383,Factura Taller,Sí,Sí,2023-03-16,No,
DOC-01159,SIN-0383,Copia Licencia,Sí,Sí,2023-03-18,No,
DOC-01160,SIN-0383,Denuncia Policial,Sí,Sí,2023-03-22,No,
DOC-01161,SIN-0384,Informe Médico,No,No,,No,Documento no entregado por el asegurado
DOC-01162,SIN-0384,Recetas Médicas,Sí,Sí,2023-02-01,No,
DOC-01163,SIN-0384,Factura Hospital,Sí,Sí,2023-01-29,No,
DOC-01164,SIN-0385,Informe Perito,No,No,,No,Documento no entregado por el asegurado
DOC-01165,SIN-0385,Fotos Daño,Sí,Sí,2025-01-12,No,
DOC-01166,SIN-0386,Informe Bomberos,Sí,Sí,2023-11-24,Sí,Fecha de emisión posterior a la fecha de reporte
DOC-01167,SIN-0386,Acta Policial,Sí,Sí,2023-11-20,Sí,Valores en factura no coinciden con el informe del perito
DOC-01168,SIN-0386,Inventario Bienes,No,No,2023-10-13,Sí,Fecha de factura anterior a la fecha del siniestro
DOC-01169,SIN-0386,Factura Reparación,No,No,2023-10-05,Sí,Fecha de factura anterior a la fecha del siniestro
DOC-01170,SIN-0387,Resultados Exámenes,Sí,Sí,2024-02-05,No,
DOC-01171,SIN-0387,Factura Hospital,Sí,Sí,2024-02-08,No,
DOC-01172,SIN-0387,Informe Médico,Sí,Sí,2024-01-29,No,
DOC-01173,SIN-0387,Historia Clínica,Sí,Sí,2024-01-29,No,
DOC-01174,SIN-0388,Informe Bomberos,Sí,Sí,2025-05-02,No,
DOC-01175,SIN-0388,Factura Reparación,Sí,Sí,2025-04-30,No,
DOC-01176,SIN-0388,Inventario Bienes,Sí,Sí,2025-04-28,No,
DOC-01177,SIN-0388,Acta Policial,Sí,Sí,2025-04-19,No,
DOC-01178,SIN-0389,Factura Taller,Sí,Sí,2024-05-16,No,
DOC-01179,SIN-0389,Fotos Daño,Sí,Sí,2024-05-15,No,
DOC-01180,SIN-0390,Recetas Médicas,Sí,Sí,2024-11-01,No,
DOC-01181,SIN-0390,Factura Hospital,Sí,Sí,2024-11-01,No,
DOC-01182,SIN-0391,Copia Matrícula,Sí,Sí,2024-07-05,No,
DOC-01183,SIN-0391,Informe Perito,Sí,Sí,2024-07-14,No,
DOC-01184,SIN-0391,Denuncia Policial,Sí,Sí,2024-07-09,No,
DOC-01185,SIN-0392,Copia Matrícula,Sí,Sí,2024-08-09,No,
DOC-01186,SIN-0392,Denuncia Policial,Sí,Sí,2024-07-31,No,
DOC-01187,SIN-0392,Copia Licencia,Sí,Sí,2024-08-07,No,
DOC-01188,SIN-0392,Informe Perito,Sí,Sí,2024-08-11,No,
DOC-01189,SIN-0393,Póliza Original,Sí,Sí,2025-04-09,No,
DOC-01190,SIN-0393,Informe Médico,Sí,Sí,2025-04-07,No,
DOC-01191,SIN-0393,Acta de Defunción,Sí,Sí,2025-04-07,No,
DOC-01192,SIN-0394,Informe Médico,Sí,Sí,2025-04-21,No,
DOC-01193,SIN-0394,Copia Cédula Beneficiario,Sí,Sí,2025-04-23,No,
DOC-01194,SIN-0394,Póliza Original,Sí,Sí,2025-05-01,No,
DOC-01195,SIN-0394,Acta de Defunción,Sí,Sí,2025-04-22,No,
DOC-01196,SIN-0395,Informe Perito,Sí,Sí,2023-11-21,No,
DOC-01197,SIN-0395,Denuncia Policial,Sí,Sí,2023-11-19,No,
DOC-01198,SIN-0395,Copia Matrícula,Sí,Sí,2023-12-01,No,
DOC-01199,SIN-0395,Copia Licencia,Sí,Sí,2023-11-22,No,
DOC-01200,SIN-0396,Resultados Exámenes,Sí,Sí,2024-03-25,No,
DOC-01201,SIN-0396,Informe Médico,Sí,Sí,2024-03-29,No,
DOC-01202,SIN-0397,Acta Policial,Sí,Sí,2024-08-12,No,
DOC-01203,SIN-0397,Inventario Bienes,Sí,Sí,2024-08-07,No,
DOC-01204,SIN-0397,Fotos Daño,Sí,Sí,2024-08-05,No,
DOC-01205,SIN-0398,Copia Matrícula,Sí,Sí,2024-10-27,No,
DOC-01206,SIN-0398,Informe Perito,Sí,Sí,2024-10-30,No,
DOC-01207,SIN-0399,Fotos Daño,Sí,Sí,2023-07-04,No,
DOC-01208,SIN-0399,Inventario Bienes,Sí,Sí,2023-07-04,No,
DOC-01209,SIN-0399,Informe Bomberos,Sí,Sí,2023-06-30,No,
DOC-01210,SIN-0400,Factura Reparación,Sí,Sí,2023-03-25,No,
DOC-01211,SIN-0400,Acta Policial,Sí,Sí,2023-03-21,No,
DOC-01212,SIN-0400,Fotos Daño,Sí,Sí,2023-03-22,No,
DOC-01213,SIN-0401,Copia Matrícula,No,No,,No,Documento no entregado por el asegurado
DOC-01214,SIN-0401,Informe Perito,Sí,Sí,2024-02-16,No,
DOC-01215,SIN-0401,Denuncia Policial,Sí,Sí,2024-02-21,No,
DOC-01216,SIN-0401,Copia Licencia,Sí,Sí,2024-02-24,No,
DOC-01217,SIN-0402,Póliza Original,Sí,Sí,2024-01-01,No,
DOC-01218,SIN-0402,Copia Cédula Beneficiario,Sí,Sí,2024-01-11,No,
DOC-01219,SIN-0403,Fotos Daño,Sí,Sí,2022-02-20,No,
DOC-01220,SIN-0403,Factura Taller,Sí,Sí,2022-02-15,No,
DOC-01221,SIN-0404,Informe Perito,Sí,Sí,2023-04-21,No,
DOC-01222,SIN-0404,Factura Taller,Sí,Sí,2023-04-22,No,
DOC-01223,SIN-0404,Copia Matrícula,Sí,Sí,2023-04-24,No,
DOC-01224,SIN-0405,Factura Hospital,Sí,Sí,2023-05-07,No,
DOC-01225,SIN-0405,Historia Clínica,Sí,Sí,2023-05-09,No,
DOC-01226,SIN-0405,Recetas Médicas,Sí,Sí,2023-05-08,No,
DOC-01227,SIN-0405,Resultados Exámenes,Sí,Sí,2023-05-05,No,
DOC-01228,SIN-0406,Copia Licencia,Sí,Sí,2024-02-27,No,
DOC-01229,SIN-0406,Fotos Daño,Sí,Sí,2024-03-02,No,
DOC-01230,SIN-0407,Recetas Médicas,Sí,Sí,2023-06-20,No,
DOC-01231,SIN-0407,Resultados Exámenes,Sí,Sí,2023-06-17,No,
DOC-01232,SIN-0407,Historia Clínica,Sí,Sí,2023-06-23,No,
DOC-01233,SIN-0407,Informe Médico,Sí,Sí,2023-06-19,No,
DOC-01234,SIN-0408,Copia Matrícula,Sí,Sí,2023-11-16,No,
DOC-01235,SIN-0408,Informe Perito,Sí,Sí,2023-11-11,No,
DOC-01236,SIN-0408,Denuncia Policial,Sí,Sí,2023-11-09,No,
DOC-01237,SIN-0408,Fotos Daño,Sí,Sí,2023-11-10,No,
DOC-01238,SIN-0409,Inventario Bienes,Sí,Sí,2023-02-21,No,
DOC-01239,SIN-0409,Acta Policial,Sí,Sí,2023-02-18,No,
DOC-01240,SIN-0410,Cotización Reparación,Sí,Sí,2021-12-19,No,
DOC-01241,SIN-0410,Acta Policial,Sí,Sí,2021-12-18,No,
DOC-01242,SIN-0410,Fotos Daño,Sí,Sí,2021-12-22,No,
DOC-01243,SIN-0411,Fotos Daño,Sí,Sí,2023-08-14,No,
DOC-01244,SIN-0411,Copia Licencia,Sí,Sí,2023-08-16,No,
DOC-01245,SIN-0412,Inventario Bienes,Sí,Sí,2023-06-01,No,
DOC-01246,SIN-0412,Acta Policial,Sí,Sí,2023-05-28,No,
DOC-01247,SIN-0413,Fotos Daño,Sí,Sí,2025-02-21,No,
DOC-01248,SIN-0413,Informe Técnico,Sí,Sí,2025-02-18,No,
DOC-01249,SIN-0413,Cotización Reparación,Sí,Sí,2025-02-28,No,
DOC-01250,SIN-0414,Recetas Médicas,Sí,Sí,2023-03-17,No,
DOC-01251,SIN-0414,Factura Hospital,Sí,Sí,2023-03-15,No,
DOC-01252,SIN-0414,Informe Médico,Sí,Sí,2023-03-07,No,
DOC-01253,SIN-0415,Factura Equipo,Sí,Sí,2024-12-16,No,
DOC-01254,SIN-0415,Fotos Daño,Sí,Sí,2024-12-20,No,
DOC-01255,SIN-0416,Copia Licencia,Sí,Sí,2024-06-01,No,
DOC-01256,SIN-0416,Denuncia Policial,Sí,Sí,2024-06-06,No,
DOC-01257,SIN-0417,Inventario Bienes,Sí,Sí,2023-01-06,No,
DOC-01258,SIN-0417,Informe Bomberos,Sí,Sí,2023-01-13,No,
DOC-01259,SIN-0418,Informe Técnico,Sí,Sí,2024-03-16,No,
DOC-01260,SIN-0418,Cotización Reparación,Sí,Sí,2024-03-30,No,
DOC-01261,SIN-0418,Acta Policial,Sí,Sí,2024-03-18,No,
DOC-01262,SIN-0419,Fotos Daño,Sí,Sí,2023-07-28,No,
DOC-01263,SIN-0419,Acta Policial,Sí,Sí,2023-07-15,No,
DOC-01264,SIN-0419,Cotización Reparación,Sí,Sí,2023-07-18,No,
DOC-01265,SIN-0420,Acta Policial,Sí,Sí,2025-02-20,No,
DOC-01266,SIN-0420,Informe Técnico,Sí,Sí,2025-02-21,No,
DOC-01267,SIN-0420,Cotización Reparación,Sí,Sí,2025-03-01,No,
DOC-01268,SIN-0420,Fotos Daño,Sí,Sí,2025-02-23,No,
DOC-01269,SIN-0421,Factura Hospital,Sí,Sí,2023-03-22,No,
DOC-01270,SIN-0421,Informe Médico,Sí,Sí,2023-03-21,No,
DOC-01271,SIN-0421,Historia Clínica,Sí,Sí,2023-04-04,No,
DOC-01272,SIN-0422,Historia Clínica,Sí,Sí,2025-01-13,No,
DOC-01273,SIN-0422,Resultados Exámenes,Sí,Sí,2025-01-14,No,
DOC-01274,SIN-0423,Factura Taller,No,No,,No,Documento no entregado por el asegurado
DOC-01275,SIN-0423,Denuncia Policial,No,No,,No,Documento no entregado por el asegurado
DOC-01276,SIN-0423,Copia Licencia,Sí,Sí,2023-05-13,No,
DOC-01277,SIN-0424,Fotos Daño,Sí,Sí,2025-04-01,No,
DOC-01278,SIN-0424,Informe Perito,Sí,Sí,2025-03-25,No,
DOC-01279,SIN-0424,Factura Taller,Sí,Sí,2025-03-23,No,
DOC-01280,SIN-0424,Denuncia Policial,Sí,Sí,2025-03-24,No,
DOC-01281,SIN-0425,Recetas Médicas,Sí,Sí,2021-02-16,No,
DOC-01282,SIN-0425,Factura Hospital,Sí,Sí,2021-02-18,No,
DOC-01283,SIN-0426,Copia Licencia,Sí,Sí,2023-02-14,No,
DOC-01284,SIN-0426,Fotos Daño,Sí,Sí,2023-02-18,No,
DOC-01285,SIN-0427,Factura Reparación,Sí,Sí,2024-07-20,No,
DOC-01286,SIN-0427,Acta Policial,Sí,Sí,2024-07-18,No,
DOC-01287,SIN-0428,Denuncia Policial,Sí,Sí,2023-06-18,No,
DOC-01288,SIN-0428,Copia Licencia,Sí,Sí,2023-06-20,No,
DOC-01289,SIN-0428,Copia Matrícula,No,No,,No,Documento no entregado por el asegurado
DOC-01290,SIN-0428,Fotos Daño,Sí,Sí,2023-06-22,No,
DOC-01291,SIN-0429,Informe Técnico,Sí,Sí,2023-01-20,No,
DOC-01292,SIN-0429,Cotización Reparación,Sí,Sí,2023-01-20,No,
DOC-01293,SIN-0429,Fotos Daño,Sí,Sí,2023-01-26,No,
DOC-01294,SIN-0429,Acta Policial,Sí,Sí,2023-01-21,No,
DOC-01295,SIN-0430,Copia Matrícula,No,No,,No,Documento no entregado por el asegurado
DOC-01296,SIN-0430,Fotos Daño,Sí,Sí,2021-04-11,No,
DOC-01297,SIN-0431,Informe Médico,No,No,,No,Documento no entregado por el asegurado
DOC-01298,SIN-0431,Factura Hospital,Sí,Sí,2025-02-06,No,
DOC-01299,SIN-0431,Historia Clínica,No,No,,No,Documento no entregado por el asegurado
DOC-01300,SIN-0432,Informe Médico,Sí,Sí,2023-12-12,No,
DOC-01301,SIN-0432,Historia Clínica,Sí,Sí,2023-12-24,No,
DOC-01302,SIN-0432,Factura Hospital,Sí,Sí,2023-12-19,No,
DOC-01303,SIN-0432,Resultados Exámenes,Sí,Sí,2023-12-22,No,
DOC-01304,SIN-0433,Denuncia Policial,Sí,Sí,2023-10-25,No,
DOC-01305,SIN-0433,Informe Perito,Sí,Sí,2023-10-20,No,
DOC-01306,SIN-0434,Historia Clínica,Sí,Sí,2024-11-27,No,
DOC-01307,SIN-0434,Factura Hospital,Sí,Sí,2024-11-14,No,
DOC-01308,SIN-0435,Informe Médico,Sí,Sí,2024-05-14,No,
DOC-01309,SIN-0435,Historia Clínica,Sí,Sí,2024-05-27,No,
DOC-01310,SIN-0435,Recetas Médicas,Sí,Sí,2024-05-16,No,
DOC-01311,SIN-0435,Factura Hospital,Sí,Sí,2024-05-21,No,
DOC-01312,SIN-0436,Copia Matrícula,Sí,Sí,2024-07-17,No,
DOC-01313,SIN-0436,Factura Taller,Sí,Sí,2024-07-19,No,
DOC-01314,SIN-0436,Informe Perito,Sí,Sí,2024-07-17,No,
DOC-01315,SIN-0437,Fotos Daño,No,No,,No,Documento no entregado por el asegurado
DOC-01316,SIN-0437,Copia Matrícula,No,No,,No,Documento no entregado por el asegurado
DOC-01317,SIN-0437,Copia Licencia,Sí,Sí,2020-03-29,No,
DOC-01318,SIN-0438,Recetas Médicas,Sí,Sí,2023-03-06,No,
DOC-01319,SIN-0438,Factura Hospital,Sí,Sí,2023-03-04,No,
DOC-01320,SIN-0438,Resultados Exámenes,Sí,Sí,2023-02-27,No,
DOC-01321,SIN-0439,Factura Taller,No,No,2024-10-03,Sí,Fecha de factura anterior a la fecha del siniestro
DOC-01322,SIN-0439,Copia Licencia,Sí,Sí,2024-11-17,Sí,Sello del proveedor no reconocido
DOC-01323,SIN-0439,Informe Perito,No,No,2024-11-16,Sí,Sello del proveedor no reconocido
DOC-01324,SIN-0440,Informe Perito,Sí,Sí,2024-07-24,No,
DOC-01325,SIN-0440,Denuncia Policial,Sí,Sí,2024-07-29,No,
DOC-01326,SIN-0440,Factura Taller,Sí,Sí,2024-07-24,No,
DOC-01327,SIN-0441,Denuncia Policial,Sí,Sí,2023-05-04,No,
DOC-01328,SIN-0441,Informe Perito,Sí,Sí,2023-05-04,No,
DOC-01329,SIN-0442,Acta Policial,Sí,Sí,2023-09-08,No,
DOC-01330,SIN-0442,Informe Bomberos,Sí,Sí,2023-09-11,No,
DOC-01331,SIN-0443,Acta de Defunción,Sí,Sí,2024-10-20,No,
DOC-01332,SIN-0443,Copia Cédula Beneficiario,Sí,Sí,2024-10-23,No,
DOC-01333,SIN-0444,Informe Perito,Sí,Sí,2023-04-11,No,
DOC-01334,SIN-0444,Fotos Daño,Sí,Sí,2023-04-05,No,
DOC-01335,SIN-0444,Denuncia Policial,Sí,Sí,2023-04-09,No,
DOC-01336,SIN-0445,Copia Licencia,Sí,Sí,2024-09-02,No,
DOC-01337,SIN-0445,Copia Matrícula,Sí,Sí,2024-09-01,No,
DOC-01338,SIN-0445,Fotos Daño,No,No,,No,Documento no entregado por el asegurado
DOC-01339,SIN-0446,Fotos Daño,Sí,Sí,2023-07-01,No,
DOC-01340,SIN-0446,Inventario Bienes,Sí,Sí,2023-06-22,No,
DOC-01341,SIN-0447,Informe Perito,Sí,Sí,2023-06-04,No,
DOC-01342,SIN-0447,Factura Taller,Sí,Sí,2023-06-02,No,
DOC-01343,SIN-0447,Fotos Daño,Sí,Sí,2023-05-23,No,
DOC-01344,SIN-0447,Copia Matrícula,Sí,Sí,2023-05-31,No,
DOC-01345,SIN-0448,Acta de Defunción,No,No,,No,Documento no entregado por el asegurado
DOC-01346,SIN-0448,Copia Cédula Beneficiario,No,No,,No,Documento no entregado por el asegurado
DOC-01347,SIN-0448,Informe Médico,Sí,Sí,2024-08-02,No,
DOC-01348,SIN-0448,Póliza Original,No,No,,No,Documento no entregado por el asegurado
DOC-01349,SIN-0449,Acta Policial,Sí,Sí,2023-06-04,No,
DOC-01350,SIN-0449,Fotos Daño,Sí,Sí,2023-05-30,No,
DOC-01351,SIN-0450,Acta de Defunción,Sí,Sí,2024-09-19,No,
DOC-01352,SIN-0450,Informe Médico,Sí,Sí,2024-09-16,No,
DOC-01353,SIN-0450,Póliza Original,Sí,Sí,2024-09-21,No,
DOC-01354,SIN-0451,Copia Matrícula,No,No,,No,Documento no entregado por el asegurado
DOC-01355,SIN-0451,Copia Licencia,No,No,2023-08-15,Sí,Número de placa diferente al registrado en la póliza
DOC-01356,SIN-0451,Denuncia Policial,No,No,2023-08-30,Sí,Documento ilegible en secciones clave
DOC-01357,SIN-0451,Factura Taller,No,No,2023-08-24,Sí,Documento ilegible en secciones clave
DOC-01358,SIN-0452,Fotos Daño,Sí,Sí,2023-11-05,No,
DOC-01359,SIN-0452,Factura Taller,Sí,Sí,2023-11-04,No,
DOC-01360,SIN-0452,Copia Matrícula,Sí,Sí,2023-11-06,No,
DOC-01361,SIN-0452,Informe Perito,Sí,Sí,2023-11-01,No,
DOC-01362,SIN-0453,Fotos Daño,No,No,,No,Documento no entregado por el asegurado
DOC-01363,SIN-0453,Denuncia Policial,Sí,Sí,2021-06-20,No,
DOC-01364,SIN-0453,Copia Matrícula,No,No,,No,Documento no entregado por el asegurado
DOC-01365,SIN-0454,Acta Policial,Sí,Sí,2024-02-10,No,
DOC-01366,SIN-0454,Cotización Reparación,Sí,Sí,2024-02-11,No,
DOC-01367,SIN-0455,Fotos Daño,Sí,Sí,2024-09-08,No,
DOC-01368,SIN-0455,Informe Perito,Sí,Sí,2024-09-05,No,
DOC-01369,SIN-0455,Denuncia Policial,Sí,Sí,2024-09-11,No,
DOC-01370,SIN-0455,Copia Matrícula,Sí,Sí,2024-08-28,No,
DOC-01371,SIN-0456,Fotos Daño,Sí,Sí,2024-06-09,Sí,Firma del asegurado no coincide
DOC-01372,SIN-0456,Copia Licencia,No,No,2024-06-18,Sí,Número de placa diferente al registrado en la póliza
DOC-01373,SIN-0457,Fotos Daño,Sí,Sí,2023-12-04,No,
DOC-01374,SIN-0457,Copia Licencia,Sí,Sí,2023-12-04,No,
DOC-01375,SIN-0457,Denuncia Policial,Sí,Sí,2023-12-05,No,
DOC-01376,SIN-0458,Informe Médico,Sí,Sí,2023-03-25,No,
DOC-01377,SIN-0458,Factura Hospital,Sí,Sí,2023-03-26,No,
DOC-01378,SIN-0459,Copia Matrícula,Sí,Sí,2024-02-10,No,
DOC-01379,SIN-0459,Factura Taller,Sí,Sí,2024-02-15,No,
DOC-01380,SIN-0460,Historia Clínica,Sí,Sí,2022-09-16,No,
DOC-01381,SIN-0460,Factura Hospital,Sí,Sí,2022-09-26,No,
DOC-01382,SIN-0461,Factura Taller,No,No,,No,Documento no entregado por el asegurado
DOC-01383,SIN-0461,Denuncia Policial,Sí,Sí,2023-06-30,No,
DOC-01384,SIN-0461,Informe Perito,No,No,,No,Documento no entregado por el asegurado
DOC-01385,SIN-0461,Copia Matrícula,No,No,,No,Documento no entregado por el asegurado
DOC-01386,SIN-0462,Informe Perito,Sí,Sí,2023-02-18,No,
DOC-01387,SIN-0462,Denuncia Policial,Sí,Sí,2023-02-26,No,
DOC-01388,SIN-0462,Copia Matrícula,Sí,Sí,2023-02-28,No,
DOC-01389,SIN-0463,Fotos Daño,Sí,Sí,2025-04-02,No,
DOC-01390,SIN-0463,Cotización Reparación,Sí,Sí,2025-04-08,Sí,Sello del proveedor no reconocido
DOC-01391,SIN-0464,Denuncia Policial,Sí,Sí,2023-11-13,No,
DOC-01392,SIN-0464,Copia Licencia,Sí,Sí,2023-11-20,No,
DOC-01393,SIN-0464,Factura Taller,No,No,,No,Documento no entregado por el asegurado
DOC-01394,SIN-0464,Informe Perito,No,No,,No,Documento no entregado por el asegurado
DOC-01395,SIN-0465,Denuncia Policial,Sí,Sí,2023-02-03,No,
DOC-01396,SIN-0465,Copia Matrícula,Sí,Sí,2023-02-05,No,
DOC-01397,SIN-0465,Copia Licencia,Sí,Sí,2023-02-11,No,
DOC-01398,SIN-0465,Fotos Daño,Sí,Sí,2023-02-08,No,
DOC-01399,SIN-0466,Informe Médico,Sí,Sí,2024-03-03,No,
DOC-01400,SIN-0466,Recetas Médicas,Sí,Sí,2024-02-29,No,
DOC-01401,SIN-0467,Copia Licencia,Sí,Sí,2025-02-23,No,
DOC-01402,SIN-0467,Denuncia Policial,Sí,Sí,2025-02-24,No,
DOC-01403,SIN-0468,Informe Técnico,Sí,Sí,2023-04-08,No,
DOC-01404,SIN-0468,Fotos Daño,Sí,Sí,2023-03-30,No,
DOC-01405,SIN-0469,Copia Cédula Beneficiario,Sí,Sí,2024-10-03,No,
DOC-01406,SIN-0469,Póliza Original,Sí,Sí,2024-10-08,No,
DOC-01407,SIN-0469,Acta de Defunción,Sí,Sí,2024-10-09,No,
DOC-01408,SIN-0469,Informe Médico,Sí,Sí,2024-10-16,No,
DOC-01409,SIN-0470,Acta de Defunción,Sí,Sí,2025-02-03,No,
DOC-01410,SIN-0470,Informe Médico,Sí,Sí,2025-02-10,No,
DOC-01411,SIN-0470,Copia Cédula Beneficiario,Sí,Sí,2025-02-07,No,
DOC-01412,SIN-0471,Resultados Exámenes,Sí,Sí,2024-06-27,No,
DOC-01413,SIN-0471,Recetas Médicas,Sí,Sí,2024-06-30,No,
DOC-01414,SIN-0471,Historia Clínica,Sí,Sí,2024-07-07,No,
DOC-01415,SIN-0472,Factura Taller,Sí,Sí,2024-07-31,No,
DOC-01416,SIN-0472,Informe Perito,Sí,Sí,2024-08-10,No,
DOC-01417,SIN-0473,Copia Matrícula,Sí,Sí,2025-01-06,No,
DOC-01418,SIN-0473,Fotos Daño,Sí,Sí,2024-12-25,No,
DOC-01419,SIN-0473,Factura Taller,Sí,Sí,2025-01-04,No,
DOC-01420,SIN-0474,Inventario Bienes,Sí,Sí,2023-07-13,No,
DOC-01421,SIN-0474,Factura Reparación,Sí,Sí,2023-07-16,No,
DOC-01422,SIN-0475,Fotos Daño,Sí,Sí,2023-05-11,No,
DOC-01423,SIN-0475,Informe Bomberos,Sí,Sí,2023-04-27,No,
DOC-01424,SIN-0475,Inventario Bienes,Sí,Sí,2023-05-03,No,
DOC-01425,SIN-0476,Fotos Daño,Sí,Sí,2024-06-14,No,
DOC-01426,SIN-0476,Informe Bomberos,Sí,Sí,2024-06-18,No,
DOC-01427,SIN-0476,Inventario Bienes,Sí,Sí,2024-06-20,No,
DOC-01428,SIN-0476,Factura Reparación,Sí,Sí,2024-06-13,No,
DOC-01429,SIN-0477,Copia Licencia,Sí,Sí,2023-04-03,No,
DOC-01430,SIN-0477,Copia Matrícula,Sí,Sí,2023-04-10,No,
DOC-01431,SIN-0478,Copia Matrícula,Sí,Sí,2023-04-28,No,
DOC-01432,SIN-0478,Factura Taller,Sí,Sí,2023-05-02,No,
DOC-01433,SIN-0479,Denuncia Policial,Sí,Sí,2023-01-28,No,
DOC-01434,SIN-0479,Copia Licencia,Sí,Sí,2023-01-18,No,
DOC-01435,SIN-0479,Copia Matrícula,Sí,Sí,2023-01-24,No,
DOC-01436,SIN-0480,Fotos Daño,Sí,Sí,2023-11-13,No,
DOC-01437,SIN-0480,Cotización Reparación,Sí,Sí,2023-11-12,No,
DOC-01438,SIN-0480,Acta Policial,Sí,Sí,2023-11-22,No,
DOC-01439,SIN-0481,Copia Matrícula,Sí,Sí,2025-03-13,No,
DOC-01440,SIN-0481,Factura Taller,Sí,Sí,2025-03-15,No,
DOC-01441,SIN-0481,Denuncia Policial,Sí,Sí,2025-03-09,No,
DOC-01442,SIN-0481,Fotos Daño,Sí,Sí,2025-03-12,No,
DOC-01443,SIN-0482,Historia Clínica,Sí,Sí,2023-08-03,No,
DOC-01444,SIN-0482,Recetas Médicas,No,No,,No,Documento no entregado por el asegurado
DOC-01445,SIN-0482,Informe Médico,Sí,Sí,2023-07-31,No,
DOC-01446,SIN-0482,Factura Hospital,No,No,,No,Documento no entregado por el asegurado
DOC-01447,SIN-0483,Fotos Daño,Sí,Sí,2023-09-16,No,
DOC-01448,SIN-0483,Cotización Reparación,Sí,Sí,2023-09-23,No,
DOC-01449,SIN-0484,Denuncia Policial,Sí,Sí,2023-12-20,No,
DOC-01450,SIN-0484,Informe Perito,Sí,Sí,2023-12-23,No,
DOC-01451,SIN-0484,Factura Taller,Sí,Sí,2023-12-16,No,
DOC-01452,SIN-0484,Copia Licencia,Sí,Sí,2023-12-18,No,
DOC-01453,SIN-0485,Copia Licencia,Sí,Sí,2024-03-19,No,
DOC-01454,SIN-0485,Copia Matrícula,Sí,Sí,2024-03-30,No,
DOC-01455,SIN-0485,Denuncia Policial,Sí,Sí,2024-03-24,No,
DOC-01456,SIN-0486,Fotos Daño,Sí,Sí,2025-04-12,Sí,Fecha de emisión posterior a la fecha de reporte
DOC-01457,SIN-0486,Cotización Reparación,No,No,2025-03-30,Sí,Fecha de factura anterior a la fecha del siniestro
DOC-01458,SIN-0486,Factura Equipo,Sí,Sí,2025-04-26,Sí,Firma del asegurado no coincide
DOC-01459,SIN-0487,Informe Perito,Sí,Sí,2024-04-17,No,
DOC-01460,SIN-0487,Fotos Daño,Sí,Sí,2024-04-17,No,
DOC-01461,SIN-0487,Factura Taller,No,No,,No,Documento no entregado por el asegurado
DOC-01462,SIN-0488,Denuncia Policial,Sí,Sí,2023-04-17,No,
DOC-01463,SIN-0488,Fotos Daño,Sí,Sí,2023-04-11,No,
DOC-01464,SIN-0488,Factura Taller,Sí,Sí,2023-04-17,No,
DOC-01465,SIN-0489,Factura Equipo,Sí,Sí,2025-04-21,No,
DOC-01466,SIN-0489,Acta Policial,Sí,Sí,2025-04-21,No,
DOC-01467,SIN-0489,Cotización Reparación,Sí,Sí,2025-04-19,No,
DOC-01468,SIN-0490,Denuncia Policial,Sí,Sí,2020-08-04,No,
DOC-01469,SIN-0490,Informe Perito,No,No,,No,Documento no entregado por el asegurado
DOC-01470,SIN-0491,Acta de Defunción,Sí,Sí,2023-12-30,No,
DOC-01471,SIN-0491,Póliza Original,Sí,Sí,2023-12-27,No,
DOC-01472,SIN-0491,Copia Cédula Beneficiario,Sí,Sí,2023-12-29,No,
DOC-01473,SIN-0492,Denuncia Policial,Sí,Sí,2024-08-26,No,
DOC-01474,SIN-0492,Copia Licencia,Sí,Sí,2024-08-31,No,
DOC-01475,SIN-0492,Fotos Daño,No,No,,No,Documento no entregado por el asegurado
DOC-01476,SIN-0493,Informe Bomberos,Sí,Sí,2023-02-21,No,
DOC-01477,SIN-0493,Factura Reparación,Sí,Sí,2023-02-21,No,
DOC-01478,SIN-0493,Fotos Daño,Sí,Sí,2023-02-11,No,
DOC-01479,SIN-0494,Copia Licencia,Sí,Sí,2024-01-17,No,
DOC-01480,SIN-0494,Informe Perito,Sí,Sí,2024-01-22,No,
DOC-01481,SIN-0494,Denuncia Policial,Sí,Sí,2024-01-28,No,
DOC-01482,SIN-0494,Copia Matrícula,Sí,Sí,2024-01-18,No,
DOC-01483,SIN-0495,Informe Bomberos,Sí,Sí,2023-08-01,No,
DOC-01484,SIN-0495,Factura Reparación,Sí,Sí,2023-08-04,No,
DOC-01485,SIN-0495,Inventario Bienes,Sí,Sí,2023-08-03,No,
DOC-01486,SIN-0496,Fotos Daño,Sí,Sí,2025-03-31,No,
DOC-01487,SIN-0496,Informe Perito,Sí,Sí,2025-04-04,No,
DOC-01488,SIN-0497,Historia Clínica,Sí,Sí,2025-02-04,No,
DOC-01489,SIN-0497,Resultados Exámenes,Sí,Sí,2025-02-08,No,
DOC-01490,SIN-0498,Resultados Exámenes,Sí,Sí,2024-10-23,No,
DOC-01491,SIN-0498,Factura Hospital,Sí,Sí,2024-10-23,No,
DOC-01492,SIN-0498,Informe Médico,Sí,Sí,2024-10-13,No,
DOC-01493,SIN-0499,Fotos Daño,Sí,Sí,2024-07-10,No,
DOC-01494,SIN-0499,Copia Matrícula,Sí,Sí,2024-07-10,No,
DOC-01495,SIN-0499,Factura Taller,Sí,Sí,2024-07-04,No,
DOC-01496,SIN-0500,Copia Matrícula,Sí,Sí,2023-07-19,No,
DOC-01497,SIN-0500,Copia Licencia,Sí,Sí,2023-07-24,No,
DOC-01498,SIN-0500,Informe Perito,Sí,Sí,2023-07-23,No,
DOC-01499,SIN-0500,Factura Taller,Sí,Sí,2023-07-29,No,
DOC-01500,SIN-0501,Factura Hospital,Sí,Sí,2024-09-29,No,
DOC-01501,SIN-0501,Informe Médico,Sí,Sí,2024-09-24,No,
DOC-01502,SIN-0501,Historia Clínica,Sí,Sí,2024-09-21,No,
DOC-01503,SIN-0501,Recetas Médicas,Sí,Sí,2024-10-02,No,
DOC-01504,SIN-0502,Copia Matrícula,Sí,Sí,2023-03-01,No,
DOC-01505,SIN-0502,Denuncia Policial,Sí,Sí,2023-02-23,No,
DOC-01506,SIN-0503,Fotos Daño,Sí,Sí,2023-07-31,No,
DOC-01507,SIN-0503,Factura Taller,Sí,Sí,2023-07-19,No,
DOC-01508,SIN-0503,Copia Licencia,Sí,Sí,2023-07-26,No,
DOC-01509,SIN-0504,Factura Taller,Sí,Sí,2023-09-05,No,
DOC-01510,SIN-0504,Informe Perito,Sí,Sí,2023-09-05,No,
DOC-01511,SIN-0505,Informe Médico,Sí,Sí,2023-04-17,No,
DOC-01512,SIN-0505,Póliza Original,Sí,Sí,2023-04-23,No,
DOC-01513,SIN-0506,Cotización Reparación,Sí,Sí,2025-02-27,No,
DOC-01514,SIN-0506,Factura Equipo,Sí,Sí,2025-02-22,No,
DOC-01515,SIN-0506,Acta Policial,Sí,Sí,2025-02-25,No,
DOC-01516,SIN-0507,Copia Matrícula,Sí,Sí,2025-05-03,No,
DOC-01517,SIN-0507,Factura Taller,Sí,Sí,2025-04-25,No,
DOC-01518,SIN-0508,Copia Matrícula,No,No,,No,Documento no entregado por el asegurado
DOC-01519,SIN-0508,Informe Perito,Sí,Sí,2023-09-01,No,
DOC-01520,SIN-0508,Factura Taller,Sí,Sí,2023-08-30,No,
DOC-01521,SIN-0509,Copia Licencia,Sí,Sí,2024-04-10,No,
DOC-01522,SIN-0509,Informe Perito,Sí,Sí,2024-04-07,No,
DOC-01523,SIN-0510,Inventario Bienes,Sí,Sí,2022-10-17,No,
DOC-01524,SIN-0510,Fotos Daño,Sí,Sí,2022-10-19,No,
DOC-01525,SIN-0510,Factura Reparación,Sí,Sí,2022-10-23,No,
DOC-01526,SIN-0511,Fotos Daño,Sí,Sí,2023-03-14,No,
DOC-01527,SIN-0511,Informe Bomberos,Sí,Sí,2023-03-10,No,
DOC-01528,SIN-0512,Fotos Daño,Sí,Sí,2024-02-23,No,
DOC-01529,SIN-0512,Informe Bomberos,Sí,Sí,2024-02-15,No,
DOC-01530,SIN-0512,Factura Reparación,Sí,Sí,2024-02-24,No,
DOC-01531,SIN-0512,Inventario Bienes,Sí,Sí,2024-02-22,No,
DOC-01532,SIN-0513,Resultados Exámenes,Sí,Sí,2023-12-19,No,
DOC-01533,SIN-0513,Recetas Médicas,Sí,Sí,2023-12-18,No,
DOC-01534,SIN-0514,Fotos Daño,Sí,Sí,2024-08-15,No,
DOC-01535,SIN-0514,Copia Licencia,Sí,Sí,2024-08-17,No,
DOC-01536,SIN-0514,Factura Taller,Sí,Sí,2024-08-05,No,
DOC-01537,SIN-0514,Denuncia Policial,Sí,Sí,2024-08-07,No,
DOC-01538,SIN-0515,Denuncia Policial,Sí,Sí,2021-05-03,No,
DOC-01539,SIN-0515,Informe Perito,Sí,Sí,2021-05-13,No,
DOC-01540,SIN-0516,Factura Reparación,Sí,Sí,2024-03-11,No,
DOC-01541,SIN-0516,Inventario Bienes,Sí,Sí,2024-03-06,No,
DOC-01542,SIN-0517,Inventario Bienes,Sí,Sí,2023-02-15,No,
DOC-01543,SIN-0517,Acta Policial,Sí,Sí,2023-02-27,No,
DOC-01544,SIN-0518,Informe Perito,Sí,Sí,2025-01-27,No,
DOC-01545,SIN-0518,Denuncia Policial,Sí,Sí,2025-01-29,No,
DOC-01546,SIN-0519,Informe Médico,Sí,Sí,2023-03-28,No,
DOC-01547,SIN-0519,Póliza Original,Sí,Sí,2023-03-28,No,
DOC-01548,SIN-0519,Acta de Defunción,Sí,Sí,2023-04-09,No,
DOC-01549,SIN-0519,Copia Cédula Beneficiario,Sí,Sí,2023-04-01,No,
DOC-01550,SIN-0520,Copia Matrícula,Sí,Sí,2025-04-30,No,
DOC-01551,SIN-0520,Fotos Daño,Sí,Sí,2025-04-22,No,
DOC-01552,SIN-0521,Resultados Exámenes,Sí,Sí,2024-10-05,No,
DOC-01553,SIN-0521,Historia Clínica,Sí,Sí,2024-10-17,No,
DOC-01554,SIN-0521,Factura Hospital,Sí,Sí,2024-10-12,No,
DOC-01555,SIN-0522,Factura Reparación,Sí,Sí,2023-12-21,No,
DOC-01556,SIN-0522,Acta Policial,Sí,Sí,2023-12-19,No,
DOC-01557,SIN-0522,Informe Bomberos,Sí,Sí,2023-12-21,No,
DOC-01558,SIN-0522,Fotos Daño,Sí,Sí,2023-12-25,No,
DOC-01559,SIN-0523,Copia Matrícula,Sí,Sí,2024-10-02,No,
DOC-01560,SIN-0523,Fotos Daño,Sí,Sí,2024-10-04,No,
DOC-01561,SIN-0523,Copia Licencia,Sí,Sí,2024-09-26,No,
DOC-01562,SIN-0523,Denuncia Policial,Sí,Sí,2024-10-01,No,
DOC-01563,SIN-0524,Fotos Daño,Sí,Sí,2023-05-23,No,
DOC-01564,SIN-0524,Factura Taller,Sí,Sí,2023-05-18,No,
DOC-01565,SIN-0525,Factura Taller,Sí,Sí,2021-08-05,No,
DOC-01566,SIN-0525,Copia Licencia,Sí,Sí,2021-08-04,No,
DOC-01567,SIN-0526,Copia Matrícula,Sí,Sí,2024-12-12,No,
DOC-01568,SIN-0526,Fotos Daño,Sí,Sí,2024-12-13,No,
DOC-01569,SIN-0527,Resultados Exámenes,Sí,Sí,2024-03-07,No,
DOC-01570,SIN-0527,Factura Hospital,Sí,Sí,2024-02-29,No,
DOC-01571,SIN-0527,Recetas Médicas,Sí,Sí,2024-03-10,No,
DOC-01572,SIN-0527,Historia Clínica,Sí,Sí,2024-03-10,No,
DOC-01573,SIN-0528,Fotos Daño,Sí,Sí,2024-11-29,No,
DOC-01574,SIN-0528,Informe Bomberos,No,No,,No,Documento no entregado por el asegurado
DOC-01575,SIN-0528,Inventario Bienes,Sí,Sí,2024-12-03,No,
DOC-01576,SIN-0529,Copia Licencia,Sí,Sí,2024-05-14,No,
DOC-01577,SIN-0529,Fotos Daño,Sí,Sí,2024-05-15,No,
DOC-01578,SIN-0529,Factura Taller,Sí,Sí,2024-05-21,No,
DOC-01579,SIN-0529,Copia Matrícula,Sí,Sí,2024-05-17,No,
DOC-01580,SIN-0530,Copia Matrícula,Sí,Sí,2023-11-05,No,
DOC-01581,SIN-0530,Denuncia Policial,Sí,Sí,2023-11-03,No,
DOC-01582,SIN-0531,Denuncia Policial,Sí,Sí,2023-04-20,No,
DOC-01583,SIN-0531,Fotos Daño,No,No,,No,Documento no entregado por el asegurado
DOC-01584,SIN-0532,Resultados Exámenes,Sí,Sí,2023-09-27,No,
DOC-01585,SIN-0532,Informe Médico,Sí,Sí,2023-09-18,No,
DOC-01586,SIN-0532,Recetas Médicas,Sí,Sí,2023-09-22,No,
DOC-01587,SIN-0532,Factura Hospital,Sí,Sí,2023-09-29,No,
DOC-01588,SIN-0533,Informe Perito,Sí,Sí,2023-06-04,No,
DOC-01589,SIN-0533,Factura Taller,Sí,Sí,2023-06-06,No,
DOC-01590,SIN-0534,Recetas Médicas,Sí,Sí,2023-05-09,No,
DOC-01591,SIN-0534,Historia Clínica,Sí,Sí,2023-04-25,No,
DOC-01592,SIN-0534,Resultados Exámenes,Sí,Sí,2023-05-01,No,
DOC-01593,SIN-0535,Denuncia Policial,Sí,Sí,2024-09-12,No,
DOC-01594,SIN-0535,Fotos Daño,Sí,Sí,2024-09-06,No,
DOC-01595,SIN-0535,Factura Taller,Sí,Sí,2024-09-03,No,
DOC-01596,SIN-0535,Copia Licencia,Sí,Sí,2024-09-12,No,
DOC-01597,SIN-0536,Resultados Exámenes,Sí,Sí,2023-10-16,No,
DOC-01598,SIN-0536,Recetas Médicas,Sí,Sí,2023-10-19,No,
DOC-01599,SIN-0536,Historia Clínica,Sí,Sí,2023-10-17,No,
DOC-01600,SIN-0536,Factura Hospital,Sí,Sí,2023-10-16,No,
DOC-01601,SIN-0537,Denuncia Policial,Sí,Sí,2023-06-13,No,
DOC-01602,SIN-0537,Copia Matrícula,Sí,Sí,2023-06-16,No,
DOC-01603,SIN-0537,Factura Taller,Sí,Sí,2023-06-05,No,
DOC-01604,SIN-0537,Fotos Daño,Sí,Sí,2023-06-14,No,
DOC-01605,SIN-0538,Informe Perito,Sí,Sí,2024-09-18,No,
DOC-01606,SIN-0538,Copia Licencia,Sí,Sí,2024-09-19,No,
DOC-01607,SIN-0538,Copia Matrícula,Sí,Sí,2024-09-20,No,
DOC-01608,SIN-0538,Fotos Daño,Sí,Sí,2024-09-11,No,
DOC-01609,SIN-0539,Copia Matrícula,No,No,,No,Documento no entregado por el asegurado
DOC-01610,SIN-0539,Factura Taller,Sí,Sí,2024-02-22,No,
DOC-01611,SIN-0539,Copia Licencia,No,No,,No,Documento no entregado por el asegurado
DOC-01612,SIN-0540,Copia Licencia,Sí,Sí,2025-03-29,No,
DOC-01613,SIN-0540,Factura Taller,Sí,Sí,2025-03-31,No,
DOC-01614,SIN-0540,Fotos Daño,Sí,Sí,2025-03-30,No,
DOC-01615,SIN-0541,Denuncia Policial,Sí,Sí,2023-02-18,No,
DOC-01616,SIN-0541,Copia Matrícula,Sí,Sí,2023-02-07,No,
DOC-01617,SIN-0542,Acta Policial,No,No,,No,Documento no entregado por el asegurado
DOC-01618,SIN-0542,Inventario Bienes,Sí,Sí,2025-01-27,No,
DOC-01619,SIN-0542,Factura Reparación,Sí,Sí,2025-01-23,No,
DOC-01620,SIN-0543,Informe Perito,No,No,,No,Documento no entregado por el asegurado
DOC-01621,SIN-0543,Factura Taller,No,No,,No,Documento no entregado por el asegurado
DOC-01622,SIN-0543,Denuncia Policial,No,No,,No,Documento no entregado por el asegurado
DOC-01623,SIN-0543,Copia Licencia,No,No,,No,Documento no entregado por el asegurado
DOC-01624,SIN-0544,Factura Hospital,Sí,Sí,2024-05-26,No,
DOC-01625,SIN-0544,Recetas Médicas,Sí,Sí,2024-05-30,No,
DOC-01626,SIN-0544,Informe Médico,Sí,Sí,2024-06-04,No,
DOC-01627,SIN-0545,Inventario Bienes,Sí,Sí,2024-01-11,No,
DOC-01628,SIN-0545,Acta Policial,Sí,Sí,2023-12-29,No,
DOC-01629,SIN-0545,Informe Bomberos,Sí,Sí,2024-01-02,No,
DOC-01630,SIN-0545,Factura Reparación,Sí,Sí,2024-01-09,No,
DOC-01631,SIN-0546,Fotos Daño,Sí,Sí,2024-10-15,No,
DOC-01632,SIN-0546,Copia Matrícula,Sí,Sí,2024-10-22,No,
DOC-01633,SIN-0546,Denuncia Policial,Sí,Sí,2024-10-23,No,
DOC-01634,SIN-0547,Factura Taller,Sí,Sí,2024-03-17,No,
DOC-01635,SIN-0547,Denuncia Policial,Sí,Sí,2024-03-06,No,
DOC-01636,SIN-0547,Informe Perito,Sí,Sí,2024-03-05,No,
DOC-01637,SIN-0548,Historia Clínica,Sí,Sí,2023-11-26,No,
DOC-01638,SIN-0548,Recetas Médicas,Sí,Sí,2023-11-29,No,
DOC-01639,SIN-0548,Informe Médico,Sí,Sí,2023-12-01,No,
DOC-01640,SIN-0549,Informe Perito,Sí,Sí,2024-01-03,No,
DOC-01641,SIN-0549,Copia Licencia,Sí,Sí,2023-12-22,No,
DOC-01642,SIN-0549,Factura Taller,Sí,Sí,2023-12-28,No,
DOC-01643,SIN-0549,Denuncia Policial,Sí,Sí,2023-12-29,No,
DOC-01644,SIN-0550,Fotos Daño,Sí,Sí,2023-02-15,No,
DOC-01645,SIN-0550,Factura Taller,Sí,Sí,2023-02-16,No,
DOC-01646,SIN-0551,Informe Perito,Sí,Sí,2024-03-17,No,
DOC-01647,SIN-0551,Copia Matrícula,Sí,Sí,2024-03-16,No,
DOC-01648,SIN-0552,Factura Hospital,Sí,Sí,2024-07-16,No,
DOC-01649,SIN-0552,Informe Médico,Sí,Sí,2024-07-25,No,
DOC-01650,SIN-0552,Historia Clínica,Sí,Sí,2024-07-12,No,
DOC-01651,SIN-0553,Copia Cédula Beneficiario,Sí,Sí,2024-09-09,No,
DOC-01652,SIN-0553,Póliza Original,Sí,Sí,2024-09-19,No,
DOC-01653,SIN-0553,Informe Médico,Sí,Sí,2024-09-05,No,
DOC-01654,SIN-0554,Informe Perito,Sí,Sí,2024-05-21,No,
DOC-01655,SIN-0554,Fotos Daño,Sí,Sí,2024-05-18,No,
DOC-01656,SIN-0555,Acta Policial,Sí,Sí,2025-04-05,No,
DOC-01657,SIN-0555,Factura Reparación,Sí,Sí,2025-04-05,No,
DOC-01658,SIN-0555,Informe Bomberos,Sí,Sí,2025-04-07,No,
DOC-01659,SIN-0556,Copia Cédula Beneficiario,Sí,Sí,2024-07-01,No,
DOC-01660,SIN-0556,Informe Médico,Sí,Sí,2024-06-23,No,
DOC-01661,SIN-0556,Póliza Original,Sí,Sí,2024-06-26,No,
DOC-01662,SIN-0557,Copia Licencia,Sí,Sí,2023-09-27,No,
DOC-01663,SIN-0557,Informe Perito,Sí,Sí,2023-09-28,No,
DOC-01664,SIN-0557,Factura Taller,Sí,Sí,2023-10-01,No,
DOC-01665,SIN-0558,Fotos Daño,Sí,Sí,2024-03-24,Sí,Fecha de factura anterior a la fecha del siniestro
DOC-01666,SIN-0558,Copia Licencia,No,No,,No,Documento no entregado por el asegurado
DOC-01667,SIN-0558,Factura Taller,No,No,2024-04-27,Sí,Documento ilegible en secciones clave
DOC-01668,SIN-0559,Historia Clínica,Sí,Sí,2023-08-28,No,
DOC-01669,SIN-0559,Resultados Exámenes,Sí,Sí,2023-08-30,No,
DOC-01670,SIN-0560,Factura Taller,Sí,Sí,2024-11-26,No,
DOC-01671,SIN-0560,Fotos Daño,Sí,Sí,2024-11-30,No,
DOC-01672,SIN-0560,Copia Licencia,Sí,Sí,2024-11-28,No,
DOC-01673,SIN-0560,Informe Perito,Sí,Sí,2024-11-28,No,
DOC-01674,SIN-0561,Factura Taller,Sí,Sí,2024-01-03,No,
DOC-01675,SIN-0561,Copia Matrícula,Sí,Sí,2024-01-13,No,
DOC-01676,SIN-0562,Resultados Exámenes,Sí,Sí,2025-01-06,No,
DOC-01677,SIN-0562,Recetas Médicas,Sí,Sí,2025-01-06,No,
DOC-01678,SIN-0563,Copia Cédula Beneficiario,Sí,Sí,2023-08-06,No,
DOC-01679,SIN-0563,Informe Médico,Sí,Sí,2023-08-13,No,
DOC-01680,SIN-0563,Póliza Original,Sí,Sí,2023-08-10,No,
DOC-01681,SIN-0564,Denuncia Policial,Sí,Sí,2024-11-10,No,
DOC-01682,SIN-0564,Copia Licencia,Sí,Sí,2024-11-11,No,
DOC-01683,SIN-0564,Factura Taller,Sí,Sí,2024-11-10,No,
DOC-01684,SIN-0565,Historia Clínica,Sí,Sí,2025-03-03,No,
DOC-01685,SIN-0565,Informe Médico,Sí,Sí,2025-02-21,No,
DOC-01686,SIN-0565,Resultados Exámenes,Sí,Sí,2025-02-20,No,
DOC-01687,SIN-0566,Informe Bomberos,Sí,Sí,2023-08-11,No,
DOC-01688,SIN-0566,Fotos Daño,Sí,Sí,2023-08-15,No,
DOC-01689,SIN-0566,Acta Policial,Sí,Sí,2023-08-11,No,
DOC-01690,SIN-0567,Factura Hospital,Sí,Sí,2024-04-03,No,
DOC-01691,SIN-0567,Historia Clínica,Sí,Sí,2024-03-30,No,
DOC-01692,SIN-0567,Informe Médico,Sí,Sí,2024-03-24,No,
DOC-01693,SIN-0568,Copia Licencia,Sí,Sí,2024-02-12,No,
DOC-01694,SIN-0568,Denuncia Policial,Sí,Sí,2024-02-23,No,
DOC-01695,SIN-0569,Fotos Daño,Sí,Sí,2025-03-09,No,
DOC-01696,SIN-0569,Informe Perito,Sí,Sí,2025-03-15,No,
DOC-01697,SIN-0569,Copia Licencia,No,No,,No,Documento no entregado por el asegurado
DOC-01698,SIN-0570,Resultados Exámenes,Sí,Sí,2023-10-28,No,
DOC-01699,SIN-0570,Informe Médico,Sí,Sí,2023-10-28,No,
DOC-01700,SIN-0571,Factura Equipo,Sí,Sí,2024-03-15,No,
DOC-01701,SIN-0571,Acta Policial,Sí,Sí,2024-03-12,No,
DOC-01702,SIN-0571,Informe Técnico,Sí,Sí,2024-03-11,No,
DOC-01703,SIN-0571,Fotos Daño,Sí,Sí,2024-03-15,No,
DOC-01704,SIN-0572,Informe Perito,Sí,Sí,2021-07-12,No,
DOC-01705,SIN-0572,Copia Licencia,No,No,,No,Documento no entregado por el asegurado
DOC-01706,SIN-0572,Copia Matrícula,No,No,,No,Documento no entregado por el asegurado
DOC-01707,SIN-0573,Fotos Daño,Sí,Sí,2024-01-11,No,
DOC-01708,SIN-0573,Factura Taller,Sí,Sí,2024-01-09,No,
DOC-01709,SIN-0573,Copia Licencia,No,No,,No,Documento no entregado por el asegurado
DOC-01710,SIN-0574,Copia Cédula Beneficiario,Sí,Sí,2025-04-12,No,
DOC-01711,SIN-0574,Acta de Defunción,Sí,Sí,2025-04-10,No,
DOC-01712,SIN-0575,Informe Perito,Sí,Sí,2024-02-11,No,
DOC-01713,SIN-0575,Copia Matrícula,Sí,Sí,2024-02-10,No,
DOC-01714,SIN-0576,Informe Médico,Sí,Sí,2024-10-12,No,
DOC-01715,SIN-0576,Acta de Defunción,Sí,Sí,2024-10-03,No,
DOC-01716,SIN-0576,Póliza Original,Sí,Sí,2024-10-02,No,
DOC-01717,SIN-0577,Póliza Original,Sí,Sí,2024-03-30,No,
DOC-01718,SIN-0577,Informe Médico,Sí,Sí,2024-04-07,No,
DOC-01719,SIN-0578,Copia Matrícula,Sí,Sí,2023-06-26,Sí,Número de placa diferente al registrado en la póliza
DOC-01720,SIN-0578,Denuncia Policial,Sí,Sí,2023-05-09,Sí,Fecha de factura anterior a la fecha del siniestro
DOC-01721,SIN-0578,Copia Licencia,No,No,,No,Documento no entregado por el asegurado
DOC-01722,SIN-0579,Informe Técnico,Sí,Sí,2023-01-16,No,
DOC-01723,SIN-0579,Fotos Daño,Sí,Sí,2023-01-16,No,
DOC-01724,SIN-0580,Historia Clínica,Sí,Sí,2023-01-11,No,
DOC-01725,SIN-0580,Factura Hospital,Sí,Sí,2023-01-10,No,
DOC-01726,SIN-0580,Informe Médico,Sí,Sí,2023-01-18,No,
DOC-01727,SIN-0581,Factura Reparación,Sí,Sí,2023-08-19,No,
DOC-01728,SIN-0581,Fotos Daño,Sí,Sí,2023-08-13,No,
DOC-01729,SIN-0581,Acta Policial,Sí,Sí,2023-08-21,No,
DOC-01730,SIN-0582,Fotos Daño,Sí,Sí,2023-06-30,No,
DOC-01731,SIN-0582,Informe Perito,No,No,,No,Documento no entregado por el asegurado
DOC-01732,SIN-0582,Factura Taller,No,No,,No,Documento no entregado por el asegurado
DOC-01733,SIN-0582,Copia Licencia,No,No,,No,Documento no entregado por el asegurado
DOC-01734,SIN-0583,Copia Licencia,Sí,Sí,2022-04-17,No,
DOC-01735,SIN-0583,Informe Perito,Sí,Sí,2022-04-22,No,
DOC-01736,SIN-0583,Denuncia Policial,Sí,Sí,2022-04-16,No,
DOC-01737,SIN-0584,Copia Matrícula,Sí,Sí,2023-02-24,No,
DOC-01738,SIN-0584,Informe Perito,Sí,Sí,2023-02-22,No,
DOC-01739,SIN-0585,Factura Hospital,Sí,Sí,2023-05-21,No,
DOC-01740,SIN-0585,Recetas Médicas,Sí,Sí,2023-05-25,No,
DOC-01741,SIN-0585,Resultados Exámenes,Sí,Sí,2023-05-26,No,
DOC-01742,SIN-0586,Recetas Médicas,Sí,Sí,2023-06-29,No,
DOC-01743,SIN-0586,Historia Clínica,Sí,Sí,2023-07-03,No,
DOC-01744,SIN-0586,Resultados Exámenes,Sí,Sí,2023-07-10,No,
DOC-01745,SIN-0586,Informe Médico,Sí,Sí,2023-06-30,No,
DOC-01746,SIN-0587,Informe Perito,Sí,Sí,2021-06-29,No,
DOC-01747,SIN-0587,Copia Licencia,Sí,Sí,2021-06-30,No,
DOC-01748,SIN-0587,Factura Taller,Sí,Sí,2021-07-01,No,
DOC-01749,SIN-0587,Copia Matrícula,Sí,Sí,2021-07-02,No,
DOC-01750,SIN-0588,Factura Taller,Sí,Sí,2024-07-28,No,
DOC-01751,SIN-0588,Denuncia Policial,Sí,Sí,2024-07-29,No,
DOC-01752,SIN-0589,Fotos Daño,Sí,Sí,2024-04-03,Sí,Sello del proveedor no reconocido
DOC-01753,SIN-0589,Informe Perito,Sí,Sí,2024-04-06,No,
DOC-01754,SIN-0590,Fotos Daño,Sí,Sí,2025-03-23,No,
DOC-01755,SIN-0590,Informe Perito,Sí,Sí,2025-03-25,No,
DOC-01756,SIN-0590,Copia Matrícula,Sí,Sí,2025-03-17,No,
DOC-01757,SIN-0591,Factura Hospital,Sí,Sí,2024-10-05,No,
DOC-01758,SIN-0591,Resultados Exámenes,Sí,Sí,2024-10-07,No,
DOC-01759,SIN-0592,Fotos Daño,Sí,Sí,2025-05-06,No,
DOC-01760,SIN-0592,Acta Policial,Sí,Sí,2025-05-14,No,
DOC-01761,SIN-0592,Cotización Reparación,Sí,Sí,2025-05-14,No,
DOC-01762,SIN-0593,Historia Clínica,Sí,Sí,2023-09-09,No,
DOC-01763,SIN-0593,Informe Médico,Sí,Sí,2023-09-10,No,
DOC-01764,SIN-0593,Factura Hospital,Sí,Sí,2023-09-03,No,
DOC-01765,SIN-0594,Informe Médico,Sí,Sí,2023-09-14,No,
DOC-01766,SIN-0594,Póliza Original,Sí,Sí,2023-09-07,No,
DOC-01767,SIN-0594,Copia Cédula Beneficiario,Sí,Sí,2023-09-17,No,
DOC-01768,SIN-0595,Fotos Daño,Sí,Sí,2025-03-08,No,
DOC-01769,SIN-0595,Factura Taller,Sí,Sí,2025-02-28,No,
DOC-01770,SIN-0595,Copia Matrícula,Sí,Sí,2025-02-25,No,
DOC-01771,SIN-0595,Informe Perito,Sí,Sí,2025-03-05,No,
DOC-01772,SIN-0596,Fotos Daño,Sí,Sí,2023-01-19,No,
DOC-01773,SIN-0596,Copia Licencia,Sí,Sí,2023-01-23,No,
DOC-01774,SIN-0597,Denuncia Policial,Sí,Sí,2024-06-20,No,
DOC-01775,SIN-0597,Copia Licencia,No,No,,No,Documento no entregado por el asegurado
DOC-01776,SIN-0597,Copia Matrícula,Sí,Sí,2024-06-14,No,
DOC-01777,SIN-0597,Informe Perito,Sí,Sí,2024-06-15,No,
DOC-01778,SIN-0598,Fotos Daño,No,No,,No,Documento no entregado por el asegurado
DOC-01779,SIN-0598,Informe Perito,Sí,Sí,2024-03-23,No,
DOC-01780,SIN-0599,Cotización Reparación,Sí,Sí,2023-08-02,No,
DOC-01781,SIN-0599,Fotos Daño,Sí,Sí,2023-08-07,No,
DOC-01782,SIN-0599,Acta Policial,Sí,Sí,2023-07-26,No,
DOC-01783,SIN-0600,Informe Perito,Sí,Sí,2025-02-07,No,
DOC-01784,SIN-0600,Copia Matrícula,No,No,,No,Documento no entregado por el asegurado
DOC-01785,SIN-0601,Resultados Exámenes,Sí,Sí,2023-10-30,No,
DOC-01786,SIN-0601,Informe Médico,Sí,Sí,2023-10-31,No,
DOC-01787,SIN-0601,Factura Hospital,Sí,Sí,2023-10-31,No,
DOC-01788,SIN-0602,Copia Licencia,Sí,Sí,2023-05-30,No,
DOC-01789,SIN-0602,Informe Perito,Sí,Sí,2023-05-25,No,
DOC-01790,SIN-0602,Factura Taller,Sí,Sí,2023-06-03,No,
DOC-01791,SIN-0602,Fotos Daño,Sí,Sí,2023-05-26,No,
DOC-01792,SIN-0603,Denuncia Policial,No,No,,No,Documento no entregado por el asegurado
DOC-01793,SIN-0603,Factura Taller,No,No,,No,Documento no entregado por el asegurado
DOC-01794,SIN-0603,Copia Matrícula,Sí,Sí,2023-02-13,No,
DOC-01795,SIN-0604,Informe Bomberos,No,No,,No,Documento no entregado por el asegurado
DOC-01796,SIN-0604,Inventario Bienes,No,No,,No,Documento no entregado por el asegurado
DOC-01797,SIN-0604,Factura Reparación,Sí,Sí,2023-01-25,No,
DOC-01798,SIN-0604,Acta Policial,No,No,,No,Documento no entregado por el asegurado
DOC-01799,SIN-0605,Cotización Reparación,Sí,Sí,2024-04-02,No,
DOC-01800,SIN-0605,Fotos Daño,Sí,Sí,2024-03-24,No,
DOC-01801,SIN-0605,Informe Técnico,Sí,Sí,2024-04-04,No,
DOC-01802,SIN-0606,Factura Taller,Sí,Sí,2024-08-29,No,
DOC-01803,SIN-0606,Denuncia Policial,Sí,Sí,2024-08-23,No,
DOC-01804,SIN-0606,Copia Licencia,Sí,Sí,2024-08-22,No,
DOC-01805,SIN-0607,Denuncia Policial,No,No,,No,Documento no entregado por el asegurado
DOC-01806,SIN-0607,Copia Licencia,No,No,,No,Documento no entregado por el asegurado
DOC-01807,SIN-0607,Factura Taller,Sí,Sí,2024-02-15,No,
DOC-01808,SIN-0607,Fotos Daño,No,No,,No,Documento no entregado por el asegurado
DOC-01809,SIN-0608,Resultados Exámenes,Sí,Sí,2023-06-30,Sí,Documento ilegible en secciones clave
DOC-01810,SIN-0608,Factura Hospital,No,No,2023-05-16,Sí,Fecha de factura anterior a la fecha del siniestro
DOC-01811,SIN-0608,Recetas Médicas,No,No,2023-05-15,Sí,Fecha de factura anterior a la fecha del siniestro
DOC-01812,SIN-0609,Factura Taller,Sí,Sí,2024-01-02,No,
DOC-01813,SIN-0609,Fotos Daño,Sí,Sí,2024-01-07,No,
DOC-01814,SIN-0609,Copia Licencia,Sí,Sí,2024-01-06,No,
DOC-01815,SIN-0610,Copia Cédula Beneficiario,Sí,Sí,2024-07-11,No,
DOC-01816,SIN-0610,Póliza Original,Sí,Sí,2024-07-14,No,
DOC-01817,SIN-0611,Factura Taller,Sí,Sí,2023-08-25,No,
DOC-01818,SIN-0611,Fotos Daño,Sí,Sí,2023-08-27,No,
DOC-01819,SIN-0612,Denuncia Policial,Sí,Sí,2024-01-16,No,
DOC-01820,SIN-0612,Fotos Daño,Sí,Sí,2024-01-15,No,
DOC-01821,SIN-0613,Informe Perito,Sí,Sí,2024-12-30,No,
DOC-01822,SIN-0613,Fotos Daño,Sí,Sí,2025-01-06,No,
DOC-01823,SIN-0614,Copia Matrícula,Sí,Sí,2025-01-22,No,
DOC-01824,SIN-0614,Factura Taller,No,No,,No,Documento no entregado por el asegurado
DOC-01825,SIN-0614,Fotos Daño,No,No,,No,Documento no entregado por el asegurado
DOC-01826,SIN-0614,Informe Perito,No,No,,No,Documento no entregado por el asegurado
DOC-01827,SIN-0615,Fotos Daño,Sí,Sí,2024-06-15,No,
DOC-01828,SIN-0615,Factura Taller,Sí,Sí,2024-06-04,No,
DOC-01829,SIN-0615,Copia Licencia,Sí,Sí,2024-06-15,No,
DOC-01830,SIN-0615,Informe Perito,Sí,Sí,2024-06-11,No,
DOC-01831,SIN-0616,Informe Perito,No,No,,No,Documento no entregado por el asegurado
DOC-01832,SIN-0616,Copia Licencia,Sí,Sí,2023-09-21,Sí,Número de placa diferente al registrado en la póliza
DOC-01833,SIN-0616,Copia Matrícula,No,No,,No,Documento no entregado por el asegurado
DOC-01834,SIN-0617,Copia Matrícula,Sí,Sí,2024-09-29,No,
DOC-01835,SIN-0617,Factura Taller,Sí,Sí,2024-10-05,No,
DOC-01836,SIN-0618,Resultados Exámenes,Sí,Sí,2024-04-29,No,
DOC-01837,SIN-0618,Informe Médico,Sí,Sí,2024-05-04,No,
DOC-01838,SIN-0619,Informe Médico,Sí,Sí,2025-04-16,No,
DOC-01839,SIN-0619,Historia Clínica,Sí,Sí,2025-04-14,No,
DOC-01840,SIN-0619,Recetas Médicas,Sí,Sí,2025-04-10,No,
DOC-01841,SIN-0620,Fotos Daño,Sí,Sí,2025-02-12,No,
DOC-01842,SIN-0620,Informe Perito,Sí,Sí,2025-02-18,No,
DOC-01843,SIN-0621,Recetas Médicas,Sí,Sí,2023-03-19,No,
DOC-01844,SIN-0621,Informe Médico,Sí,Sí,2023-03-17,No,
DOC-01845,SIN-0621,Factura Hospital,Sí,Sí,2023-03-23,No,
DOC-01846,SIN-0621,Historia Clínica,Sí,Sí,2023-03-28,No,
DOC-01847,SIN-0622,Informe Médico,Sí,Sí,2024-02-15,No,
DOC-01848,SIN-0622,Factura Hospital,Sí,Sí,2024-02-09,No,
DOC-01849,SIN-0623,Informe Perito,Sí,Sí,2025-02-03,No,
DOC-01850,SIN-0623,Fotos Daño,Sí,Sí,2025-02-07,No,
DOC-01851,SIN-0623,Denuncia Policial,Sí,Sí,2025-01-31,No,
DOC-01852,SIN-0624,Informe Médico,Sí,Sí,2025-05-09,No,
DOC-01853,SIN-0624,Recetas Médicas,Sí,Sí,2025-04-29,No,
DOC-01854,SIN-0624,Factura Hospital,Sí,Sí,2025-05-01,No,
DOC-01855,SIN-0624,Historia Clínica,Sí,Sí,2025-04-30,No,
DOC-01856,SIN-0625,Denuncia Policial,No,No,,No,Documento no entregado por el asegurado
DOC-01857,SIN-0625,Copia Licencia,No,No,,No,Documento no entregado por el asegurado
DOC-01858,SIN-0626,Copia Matrícula,Sí,Sí,2023-05-29,No,
DOC-01859,SIN-0626,Informe Perito,Sí,Sí,2023-05-17,No,
DOC-01860,SIN-0626,Fotos Daño,Sí,Sí,2023-05-22,No,
DOC-01861,SIN-0626,Denuncia Policial,Sí,Sí,2023-05-18,No,
DOC-01862,SIN-0627,Factura Taller,Sí,Sí,2023-11-27,No,
DOC-01863,SIN-0627,Informe Perito,Sí,Sí,2023-11-23,No,
DOC-01864,SIN-0627,Copia Licencia,Sí,Sí,2023-11-13,No,
DOC-01865,SIN-0627,Copia Matrícula,Sí,Sí,2023-11-26,No,
DOC-01866,SIN-0628,Recetas Médicas,Sí,Sí,2023-09-14,No,
DOC-01867,SIN-0628,Factura Hospital,Sí,Sí,2023-09-23,No,
DOC-01868,SIN-0628,Informe Médico,Sí,Sí,2023-09-12,No,
DOC-01869,SIN-0628,Historia Clínica,Sí,Sí,2023-09-23,No,
DOC-01870,SIN-0629,Acta Policial,Sí,Sí,2024-06-08,No,
DOC-01871,SIN-0629,Factura Reparación,Sí,Sí,2024-06-05,No,
DOC-01872,SIN-0629,Informe Bomberos,Sí,Sí,2024-06-04,No,
DOC-01873,SIN-0630,Copia Matrícula,Sí,Sí,2023-08-02,No,
DOC-01874,SIN-0630,Factura Taller,Sí,Sí,2023-08-05,No,
DOC-01875,SIN-0630,Fotos Daño,Sí,Sí,2023-08-04,No,
DOC-01876,SIN-0630,Copia Licencia,Sí,Sí,2023-07-29,No,
DOC-01877,SIN-0631,Factura Taller,Sí,Sí,2024-04-14,No,
DOC-01878,SIN-0631,Fotos Daño,Sí,Sí,2024-04-08,No,
DOC-01879,SIN-0632,Inventario Bienes,Sí,Sí,2023-12-21,No,
DOC-01880,SIN-0632,Acta Policial,Sí,Sí,2023-12-21,No,
DOC-01881,SIN-0632,Factura Reparación,Sí,Sí,2023-12-31,No,
DOC-01882,SIN-0632,Informe Bomberos,Sí,Sí,2024-01-03,No,
DOC-01883,SIN-0633,Factura Hospital,Sí,Sí,2023-12-30,No,
DOC-01884,SIN-0633,Historia Clínica,Sí,Sí,2023-12-29,No,
DOC-01885,SIN-0633,Informe Médico,Sí,Sí,2023-12-24,No,
DOC-01886,SIN-0634,Denuncia Policial,Sí,Sí,2024-08-08,No,
DOC-01887,SIN-0634,Fotos Daño,Sí,Sí,2024-08-02,No,
DOC-01888,SIN-0634,Informe Perito,Sí,Sí,2024-08-10,No,
DOC-01889,SIN-0634,Factura Taller,Sí,Sí,2024-07-31,No,
DOC-01890,SIN-0635,Fotos Daño,Sí,Sí,2023-11-16,No,
DOC-01891,SIN-0635,Cotización Reparación,Sí,Sí,2023-11-11,No,
DOC-01892,SIN-0635,Acta Policial,Sí,Sí,2023-11-19,No,
DOC-01893,SIN-0636,Copia Matrícula,No,No,2024-11-08,Sí,Sello del proveedor no reconocido
DOC-01894,SIN-0636,Copia Licencia,Sí,Sí,2024-11-01,No,
DOC-01895,SIN-0637,Factura Taller,Sí,Sí,2023-09-09,No,
DOC-01896,SIN-0637,Informe Perito,Sí,Sí,2023-09-23,No,
DOC-01897,SIN-0637,Copia Licencia,Sí,Sí,2023-09-11,No,
DOC-01898,SIN-0638,Recetas Médicas,Sí,Sí,2025-03-11,No,
DOC-01899,SIN-0638,Informe Médico,Sí,Sí,2025-03-17,No,
DOC-01900,SIN-0638,Factura Hospital,Sí,Sí,2025-03-18,No,
DOC-01901,SIN-0639,Copia Licencia,Sí,Sí,2024-07-17,No,
DOC-01902,SIN-0639,Fotos Daño,Sí,Sí,2024-07-14,No,
DOC-01903,SIN-0640,Recetas Médicas,Sí,Sí,2024-12-19,No,
DOC-01904,SIN-0640,Informe Médico,Sí,Sí,2024-12-24,No,
DOC-01905,SIN-0641,Copia Matrícula,Sí,Sí,2024-02-18,No,
DOC-01906,SIN-0641,Factura Taller,Sí,Sí,2024-02-14,No,
DOC-01907,SIN-0642,Informe Médico,Sí,Sí,2025-04-23,No,
DOC-01908,SIN-0642,Resultados Exámenes,Sí,Sí,2025-04-21,No,
DOC-01909,SIN-0642,Recetas Médicas,Sí,Sí,2025-04-19,No,
DOC-01910,SIN-0642,Historia Clínica,Sí,Sí,2025-04-20,No,
DOC-01911,SIN-0643,Denuncia Policial,Sí,Sí,2021-02-09,No,
DOC-01912,SIN-0643,Fotos Daño,Sí,Sí,2021-02-13,No,
DOC-01913,SIN-0644,Informe Perito,Sí,Sí,2023-08-30,Sí,Documento ilegible en secciones clave
DOC-01914,SIN-0644,Copia Licencia,Sí,Sí,2023-09-09,No,
DOC-01915,SIN-0645,Póliza Original,Sí,Sí,2023-07-03,No,
DOC-01916,SIN-0645,Acta de Defunción,Sí,Sí,2023-06-27,No,
DOC-01917,SIN-0645,Copia Cédula Beneficiario,Sí,Sí,2023-06-22,No,
DOC-01918,SIN-0646,Fotos Daño,Sí,Sí,2023-02-13,No,
DOC-01919,SIN-0646,Factura Reparación,Sí,Sí,2023-02-02,No,
DOC-01920,SIN-0646,Acta Policial,Sí,Sí,2023-02-01,No,
DOC-01921,SIN-0646,Informe Bomberos,Sí,Sí,2023-02-03,No,
DOC-01922,SIN-0647,Copia Licencia,Sí,Sí,2024-10-12,No,
DOC-01923,SIN-0647,Informe Perito,Sí,Sí,2024-10-11,No,
DOC-01924,SIN-0647,Copia Matrícula,Sí,Sí,2024-10-16,No,
DOC-01925,SIN-0648,Fotos Daño,Sí,Sí,2023-12-02,No,
DOC-01926,SIN-0648,Informe Perito,Sí,Sí,2023-11-29,No,
DOC-01927,SIN-0648,Copia Licencia,Sí,Sí,2023-12-02,No,
DOC-01928,SIN-0649,Informe Perito,Sí,Sí,2023-04-01,No,
DOC-01929,SIN-0649,Fotos Daño,Sí,Sí,2023-03-23,No,
DOC-01930,SIN-0649,Factura Taller,Sí,Sí,2023-03-30,No,
DOC-01931,SIN-0650,Póliza Original,Sí,Sí,2025-02-27,No,
DOC-01932,SIN-0650,Informe Médico,Sí,Sí,2025-02-15,No,
DOC-01933,SIN-0650,Copia Cédula Beneficiario,Sí,Sí,2025-02-20,No,
DOC-01934,SIN-0650,Acta de Defunción,Sí,Sí,2025-02-15,No,
DOC-01935,SIN-0651,Inventario Bienes,Sí,Sí,2023-09-05,No,
DOC-01936,SIN-0651,Fotos Daño,Sí,Sí,2023-09-17,No,
DOC-01937,SIN-0651,Acta Policial,Sí,Sí,2023-09-17,No,
DOC-01938,SIN-0652,Factura Taller,Sí,Sí,2025-04-28,No,
DOC-01939,SIN-0652,Copia Licencia,Sí,Sí,2025-05-01,No,
DOC-01940,SIN-0652,Copia Matrícula,Sí,Sí,2025-04-23,No,
DOC-01941,SIN-0652,Denuncia Policial,Sí,Sí,2025-05-03,No,
DOC-01942,SIN-0653,Copia Licencia,Sí,Sí,2024-10-06,No,
DOC-01943,SIN-0653,Factura Taller,Sí,Sí,2024-10-13,No,
DOC-01944,SIN-0653,Denuncia Policial,Sí,Sí,2024-10-09,No,
DOC-01945,SIN-0654,Informe Bomberos,Sí,Sí,2022-09-06,No,
DOC-01946,SIN-0654,Acta Policial,Sí,Sí,2022-08-29,No,
DOC-01947,SIN-0654,Inventario Bienes,Sí,Sí,2022-08-27,No,
DOC-01948,SIN-0654,Factura Reparación,Sí,Sí,2022-09-06,No,
DOC-01949,SIN-0655,Factura Taller,No,No,,No,Documento no entregado por el asegurado
DOC-01950,SIN-0655,Denuncia Policial,Sí,Sí,2024-02-02,No,
DOC-01951,SIN-0655,Informe Perito,Sí,Sí,2024-01-31,No,
DOC-01952,SIN-0656,Copia Licencia,Sí,Sí,2024-02-22,No,
DOC-01953,SIN-0656,Copia Matrícula,Sí,Sí,2024-02-26,No,
DOC-01954,SIN-0656,Denuncia Policial,Sí,Sí,2024-02-25,No,
DOC-01955,SIN-0657,Factura Reparación,Sí,Sí,2024-04-29,No,
DOC-01956,SIN-0657,Inventario Bienes,Sí,Sí,2024-04-24,No,
DOC-01957,SIN-0657,Informe Bomberos,Sí,Sí,2024-04-27,No,
DOC-01958,SIN-0658,Acta Policial,No,No,,No,Documento no entregado por el asegurado
DOC-01959,SIN-0658,Factura Equipo,Sí,Sí,2024-01-26,No,
DOC-01960,SIN-0658,Informe Técnico,No,No,,No,Documento no entregado por el asegurado
DOC-01961,SIN-0658,Cotización Reparación,Sí,Sí,2024-01-23,No,
DOC-01962,SIN-0659,Fotos Daño,Sí,Sí,2025-02-14,No,
DOC-01963,SIN-0659,Denuncia Policial,Sí,Sí,2025-02-05,No,
DOC-01964,SIN-0659,Informe Perito,Sí,Sí,2025-02-09,No,
DOC-01965,SIN-0660,Informe Bomberos,Sí,Sí,2025-01-01,Sí,Fecha de emisión posterior a la fecha de reporte
DOC-01966,SIN-0660,Acta Policial,No,No,2024-12-20,Sí,Valores en factura no coinciden con el informe del perito
DOC-01967,SIN-0661,Cotización Reparación,Sí,Sí,2020-11-25,No,
DOC-01968,SIN-0661,Fotos Daño,Sí,Sí,2020-12-04,No,
DOC-01969,SIN-0661,Informe Técnico,Sí,Sí,2020-12-09,No,
DOC-01970,SIN-0661,Acta Policial,Sí,Sí,2020-12-04,No,
DOC-01971,SIN-0662,Informe Bomberos,Sí,Sí,2024-12-19,No,
DOC-01972,SIN-0662,Acta Policial,No,No,,No,Documento no entregado por el asegurado
DOC-01973,SIN-0662,Factura Reparación,No,No,,No,Documento no entregado por el asegurado
DOC-01974,SIN-0663,Factura Taller,Sí,Sí,2023-06-26,No,
DOC-01975,SIN-0663,Denuncia Policial,Sí,Sí,2023-06-22,No,
DOC-01976,SIN-0663,Fotos Daño,Sí,Sí,2023-06-29,No,
DOC-01977,SIN-0663,Informe Perito,Sí,Sí,2023-06-25,No,
DOC-01978,SIN-0664,Resultados Exámenes,Sí,Sí,2024-08-09,No,
DOC-01979,SIN-0664,Factura Hospital,Sí,Sí,2024-07-31,No,
DOC-01980,SIN-0664,Recetas Médicas,Sí,Sí,2024-08-04,No,
DOC-01981,SIN-0665,Resultados Exámenes,Sí,Sí,2023-06-14,Sí,Documento ilegible en secciones clave
DOC-01982,SIN-0665,Recetas Médicas,No,No,2023-06-14,Sí,Número de placa diferente al registrado en la póliza
DOC-01983,SIN-0665,Historia Clínica,Sí,Sí,2023-06-10,Sí,Fecha de emisión posterior a la fecha de reporte
DOC-01984,SIN-0666,Póliza Original,Sí,Sí,2024-11-29,No,
DOC-01985,SIN-0666,Acta de Defunción,Sí,Sí,2024-12-05,No,
DOC-01986,SIN-0666,Informe Médico,Sí,Sí,2024-11-27,No,
DOC-01987,SIN-0666,Copia Cédula Beneficiario,Sí,Sí,2024-12-01,No,
DOC-01988,SIN-0667,Denuncia Policial,Sí,Sí,2023-12-07,No,
DOC-01989,SIN-0667,Copia Licencia,Sí,Sí,2023-12-06,No,
DOC-01990,SIN-0667,Factura Taller,Sí,Sí,2023-12-06,No,
DOC-01991,SIN-0668,Fotos Daño,Sí,Sí,2023-07-14,No,
DOC-01992,SIN-0668,Copia Licencia,Sí,Sí,2023-07-03,No,
DOC-01993,SIN-0669,Informe Médico,Sí,Sí,2023-08-31,No,
DOC-01994,SIN-0669,Resultados Exámenes,Sí,Sí,2023-09-05,No,
DOC-01995,SIN-0669,Factura Hospital,Sí,Sí,2023-09-04,No,
DOC-01996,SIN-0669,Historia Clínica,Sí,Sí,2023-09-01,No,
DOC-01997,SIN-0670,Fotos Daño,Sí,Sí,2023-09-30,No,
DOC-01998,SIN-0670,Informe Bomberos,Sí,Sí,2023-09-24,No,
DOC-01999,SIN-0671,Factura Hospital,Sí,Sí,2023-01-21,No,
DOC-02000,SIN-0671,Historia Clínica,Sí,Sí,2023-01-22,No,
DOC-02001,SIN-0671,Resultados Exámenes,Sí,Sí,2023-01-25,No,
DOC-02002,SIN-0671,Recetas Médicas,Sí,Sí,2023-01-25,No,
DOC-02003,SIN-0672,Copia Licencia,Sí,Sí,2023-07-22,No,
DOC-02004,SIN-0672,Factura Taller,Sí,Sí,2023-07-16,No,
DOC-02005,SIN-0673,Informe Perito,Sí,Sí,2023-11-12,No,
DOC-02006,SIN-0673,Denuncia Policial,Sí,Sí,2023-11-12,No,
DOC-02007,SIN-0673,Copia Licencia,Sí,Sí,2023-11-04,No,
DOC-02008,SIN-0674,Factura Reparación,Sí,Sí,2023-05-23,No,
DOC-02009,SIN-0674,Informe Bomberos,Sí,Sí,2023-05-16,No,
DOC-02010,SIN-0674,Inventario Bienes,Sí,Sí,2023-05-20,No,
DOC-02011,SIN-0674,Fotos Daño,Sí,Sí,2023-05-21,No,
DOC-02012,SIN-0675,Factura Taller,Sí,Sí,2023-06-11,No,
DOC-02013,SIN-0675,Denuncia Policial,Sí,Sí,2023-06-03,No,
DOC-02014,SIN-0676,Copia Matrícula,Sí,Sí,2023-03-15,No,
DOC-02015,SIN-0676,Denuncia Policial,Sí,Sí,2023-03-07,No,
DOC-02016,SIN-0677,Copia Matrícula,No,No,2023-08-10,Sí,Fecha de factura anterior a la fecha del siniestro
DOC-02017,SIN-0677,Denuncia Policial,No,No,2023-09-11,Sí,Número de placa diferente al registrado en la póliza
DOC-02018,SIN-0677,Copia Licencia,No,No,2023-09-20,Sí,Fecha de emisión posterior a la fecha de reporte
DOC-02019,SIN-0678,Informe Perito,Sí,Sí,2024-09-10,No,
DOC-02020,SIN-0678,Denuncia Policial,Sí,Sí,2024-09-21,No,
DOC-02021,SIN-0679,Acta Policial,Sí,Sí,2024-01-15,No,
DOC-02022,SIN-0679,Informe Bomberos,Sí,Sí,2024-01-13,No,
DOC-02023,SIN-0680,Denuncia Policial,Sí,Sí,2023-04-29,No,
DOC-02024,SIN-0680,Copia Matrícula,Sí,Sí,2023-04-30,No,
DOC-02025,SIN-0680,Factura Taller,Sí,Sí,2023-04-25,No,
DOC-02026,SIN-0680,Fotos Daño,Sí,Sí,2023-04-26,No,
DOC-02027,SIN-0681,Denuncia Policial,Sí,Sí,2024-06-01,No,
DOC-02028,SIN-0681,Copia Matrícula,Sí,Sí,2024-06-06,No,
DOC-02029,SIN-0682,Factura Equipo,No,No,,No,Documento no entregado por el asegurado
DOC-02030,SIN-0682,Acta Policial,No,No,,No,Documento no entregado por el asegurado
DOC-02031,SIN-0682,Fotos Daño,No,No,,No,Documento no entregado por el asegurado
DOC-02032,SIN-0683,Fotos Daño,Sí,Sí,2024-04-09,No,
DOC-02033,SIN-0683,Copia Licencia,Sí,Sí,2024-04-14,No,
DOC-02034,SIN-0683,Denuncia Policial,Sí,Sí,2024-04-09,No,
DOC-02035,SIN-0683,Copia Matrícula,Sí,Sí,2024-04-12,No,
DOC-02036,SIN-0684,Resultados Exámenes,Sí,Sí,2023-12-25,No,
DOC-02037,SIN-0684,Historia Clínica,Sí,Sí,2023-12-23,No,
DOC-02038,SIN-0685,Fotos Daño,Sí,Sí,2024-09-20,No,
DOC-02039,SIN-0685,Denuncia Policial,Sí,Sí,2024-09-26,No,
DOC-02040,SIN-0685,Copia Matrícula,Sí,Sí,2024-09-23,No,
DOC-02041,SIN-0686,Informe Perito,Sí,Sí,2023-06-01,No,
DOC-02042,SIN-0686,Copia Matrícula,Sí,Sí,2023-05-22,No,
DOC-02043,SIN-0686,Factura Taller,Sí,Sí,2023-05-26,No,
DOC-02044,SIN-0686,Fotos Daño,Sí,Sí,2023-05-31,No,
DOC-02045,SIN-0687,Fotos Daño,No,No,,No,Documento no entregado por el asegurado
DOC-02046,SIN-0687,Copia Licencia,Sí,Sí,2023-02-06,No,
DOC-02047,SIN-0687,Informe Perito,No,No,,No,Documento no entregado por el asegurado
DOC-02048,SIN-0687,Copia Matrícula,No,No,,No,Documento no entregado por el asegurado
DOC-02049,SIN-0688,Cotización Reparación,Sí,Sí,2023-05-11,No,
DOC-02050,SIN-0688,Acta Policial,Sí,Sí,2023-05-15,No,
DOC-02051,SIN-0688,Factura Equipo,Sí,Sí,2023-05-14,No,
DOC-02052,SIN-0688,Informe Técnico,Sí,Sí,2023-05-15,No,
DOC-02053,SIN-0689,Factura Taller,Sí,Sí,2025-02-07,No,
DOC-02054,SIN-0689,Copia Licencia,Sí,Sí,2025-02-03,No,
DOC-02055,SIN-0689,Informe Perito,No,No,,No,Documento no entregado por el asegurado
DOC-02056,SIN-0690,Historia Clínica,Sí,Sí,2022-01-02,No,
DOC-02057,SIN-0690,Resultados Exámenes,Sí,Sí,2022-01-05,No,
DOC-02058,SIN-0690,Recetas Médicas,Sí,Sí,2022-01-01,No,
DOC-02059,SIN-0690,Informe Médico,Sí,Sí,2022-01-09,No,
DOC-02060,SIN-0691,Factura Equipo,Sí,Sí,2023-12-16,No,
DOC-02061,SIN-0691,Cotización Reparación,Sí,Sí,2023-12-16,No,
DOC-02062,SIN-0691,Acta Policial,Sí,Sí,2023-12-15,No,
DOC-02063,SIN-0691,Fotos Daño,Sí,Sí,2023-12-09,No,
DOC-02064,SIN-0692,Factura Taller,Sí,Sí,2023-05-28,No,
DOC-02065,SIN-0692,Informe Perito,No,No,,No,Documento no entregado por el asegurado
DOC-02066,SIN-0693,Acta Policial,Sí,Sí,2022-09-25,No,
DOC-02067,SIN-0693,Cotización Reparación,Sí,Sí,2022-09-22,No,
DOC-02068,SIN-0693,Factura Equipo,Sí,Sí,2022-09-26,No,
DOC-02069,SIN-0694,Factura Hospital,Sí,Sí,2023-06-14,No,
DOC-02070,SIN-0694,Recetas Médicas,Sí,Sí,2023-06-15,No,
DOC-02071,SIN-0694,Historia Clínica,Sí,Sí,2023-06-21,No,
DOC-02072,SIN-0695,Copia Cédula Beneficiario,Sí,Sí,2020-06-24,No,
DOC-02073,SIN-0695,Póliza Original,Sí,Sí,2020-07-02,No,
DOC-02074,SIN-0695,Informe Médico,Sí,Sí,2020-06-25,No,
DOC-02075,SIN-0695,Acta de Defunción,Sí,Sí,2020-06-25,No,
DOC-02076,SIN-0696,Factura Taller,Sí,Sí,2022-05-07,No,
DOC-02077,SIN-0696,Denuncia Policial,Sí,Sí,2022-04-27,No,
DOC-02078,SIN-0696,Copia Licencia,Sí,Sí,2022-04-28,No,
DOC-02079,SIN-0696,Informe Perito,Sí,Sí,2022-04-28,No,
DOC-02080,SIN-0697,Historia Clínica,Sí,Sí,2023-11-01,No,
DOC-02081,SIN-0697,Recetas Médicas,Sí,Sí,2023-10-27,No,
DOC-02082,SIN-0697,Factura Hospital,Sí,Sí,2023-11-04,No,
DOC-02083,SIN-0698,Copia Licencia,Sí,Sí,2024-07-24,No,
DOC-02084,SIN-0698,Informe Perito,No,No,,No,Documento no entregado por el asegurado
DOC-02085,SIN-0699,Informe Perito,Sí,Sí,2024-12-29,No,
DOC-02086,SIN-0699,Factura Taller,Sí,Sí,2024-12-29,No,
DOC-02087,SIN-0699,Copia Matrícula,Sí,Sí,2024-12-18,No,
DOC-02088,SIN-0700,Historia Clínica,Sí,Sí,2023-11-01,No,
DOC-02089,SIN-0700,Informe Médico,Sí,Sí,2023-10-23,No,
DOC-02090,SIN-0700,Resultados Exámenes,Sí,Sí,2023-10-29,No,
DOC-02091,SIN-0701,Factura Hospital,No,No,,No,Documento no entregado por el asegurado
DOC-02092,SIN-0701,Informe Médico,Sí,Sí,2024-05-01,No,
DOC-02093,SIN-0701,Resultados Exámenes,Sí,Sí,2024-05-10,No,
DOC-02094,SIN-0702,Informe Técnico,Sí,Sí,2023-06-26,No,
DOC-02095,SIN-0702,Fotos Daño,Sí,Sí,2023-06-27,No,
DOC-02096,SIN-0703,Factura Taller,No,No,,No,Documento no entregado por el asegurado
DOC-02097,SIN-0703,Denuncia Policial,Sí,Sí,2024-10-07,Sí,Documento ilegible en secciones clave
DOC-02098,SIN-0703,Copia Licencia,Sí,Sí,2024-10-13,Sí,Valores en factura no coinciden con el informe del perito
DOC-02099,SIN-0703,Informe Perito,No,No,2024-10-12,Sí,Firma del asegurado no coincide
DOC-02100,SIN-0704,Copia Licencia,Sí,Sí,2025-03-24,No,
DOC-02101,SIN-0704,Copia Matrícula,Sí,Sí,2025-03-14,No,
DOC-02102,SIN-0704,Denuncia Policial,Sí,Sí,2025-03-22,No,
DOC-02103,SIN-0705,Factura Reparación,Sí,Sí,2023-03-14,No,
DOC-02104,SIN-0705,Fotos Daño,Sí,Sí,2023-03-11,No,
DOC-02105,SIN-0705,Informe Bomberos,Sí,Sí,2023-03-09,No,
DOC-02106,SIN-0705,Inventario Bienes,Sí,Sí,2023-03-03,No,
DOC-02107,SIN-0706,Fotos Daño,No,No,,No,Documento no entregado por el asegurado
DOC-02108,SIN-0706,Factura Taller,Sí,Sí,2025-01-05,No,
DOC-02109,SIN-0706,Informe Perito,No,No,,No,Documento no entregado por el asegurado
DOC-02110,SIN-0706,Copia Licencia,Sí,Sí,2024-12-27,No,
DOC-02111,SIN-0707,Factura Taller,Sí,Sí,2024-10-20,No,
DOC-02112,SIN-0707,Informe Perito,Sí,Sí,2024-10-12,No,
DOC-02113,SIN-0707,Fotos Daño,Sí,Sí,2024-10-15,No,
DOC-02114,SIN-0708,Inventario Bienes,Sí,Sí,2024-07-03,No,
DOC-02115,SIN-0708,Informe Bomberos,Sí,Sí,2024-07-03,No,
DOC-02116,SIN-0709,Factura Taller,Sí,Sí,2024-10-13,No,
DOC-02117,SIN-0709,Copia Licencia,Sí,Sí,2024-09-30,No,
DOC-02118,SIN-0709,Fotos Daño,Sí,Sí,2024-10-06,No,
DOC-02119,SIN-0709,Denuncia Policial,No,No,,No,Documento no entregado por el asegurado
DOC-02120,SIN-0710,Acta de Defunción,Sí,Sí,2024-09-19,No,
DOC-02121,SIN-0710,Informe Médico,Sí,Sí,2024-09-29,No,
DOC-02122,SIN-0711,Copia Licencia,Sí,Sí,2023-11-16,No,
DOC-02123,SIN-0711,Fotos Daño,Sí,Sí,2023-11-05,No,
DOC-02124,SIN-0712,Historia Clínica,Sí,Sí,2023-05-11,No,
DOC-02125,SIN-0712,Informe Médico,Sí,Sí,2023-05-08,Sí,Firma del asegurado no coincide
DOC-02126,SIN-0713,Resultados Exámenes,Sí,Sí,2024-01-14,No,
DOC-02127,SIN-0713,Recetas Médicas,Sí,Sí,2024-01-16,No,
DOC-02128,SIN-0713,Informe Médico,Sí,Sí,2024-01-20,No,
DOC-02129,SIN-0713,Factura Hospital,Sí,Sí,2024-01-22,No,
DOC-02130,SIN-0714,Inventario Bienes,Sí,Sí,2024-05-02,No,
DOC-02131,SIN-0714,Acta Policial,Sí,Sí,2024-05-01,No,
DOC-02132,SIN-0714,Informe Bomberos,Sí,Sí,2024-04-30,No,
DOC-02133,SIN-0714,Fotos Daño,Sí,Sí,2024-05-02,No,
DOC-02134,SIN-0715,Informe Médico,Sí,Sí,2025-04-12,No,
DOC-02135,SIN-0715,Copia Cédula Beneficiario,Sí,Sí,2025-04-18,No,
DOC-02136,SIN-0715,Acta de Defunción,Sí,Sí,2025-04-13,No,
DOC-02137,SIN-0716,Copia Licencia,No,No,,No,Documento no entregado por el asegurado
DOC-02138,SIN-0716,Denuncia Policial,Sí,Sí,2023-02-11,No,
DOC-02139,SIN-0716,Factura Taller,Sí,Sí,2023-02-07,No,
DOC-02140,SIN-0716,Informe Perito,Sí,Sí,2023-02-06,No,
DOC-02141,SIN-0717,Copia Cédula Beneficiario,Sí,Sí,2024-05-25,No,
DOC-02142,SIN-0717,Acta de Defunción,No,No,,No,Documento no entregado por el asegurado
DOC-02143,SIN-0717,Informe Médico,No,No,,No,Documento no entregado por el asegurado
DOC-02144,SIN-0718,Informe Perito,No,No,,No,Documento no entregado por el asegurado
DOC-02145,SIN-0718,Fotos Daño,Sí,Sí,2021-01-17,No,
DOC-02146,SIN-0718,Factura Taller,No,No,,No,Documento no entregado por el asegurado
DOC-02147,SIN-0718,Denuncia Policial,Sí,Sí,2021-01-20,No,
DOC-02148,SIN-0719,Fotos Daño,Sí,Sí,2024-06-22,No,
DOC-02149,SIN-0719,Factura Reparación,Sí,Sí,2024-06-23,No,
DOC-02150,SIN-0719,Inventario Bienes,Sí,Sí,2024-06-24,No,
DOC-02151,SIN-0720,Informe Bomberos,Sí,Sí,2023-03-15,No,
DOC-02152,SIN-0720,Factura Reparación,Sí,Sí,2023-03-22,No,
DOC-02153,SIN-0720,Fotos Daño,Sí,Sí,2023-03-16,No,
DOC-02154,SIN-0721,Póliza Original,Sí,Sí,2024-09-25,No,
DOC-02155,SIN-0721,Acta de Defunción,Sí,Sí,2024-09-25,No,
DOC-02156,SIN-0721,Informe Médico,Sí,Sí,2024-09-20,No,
DOC-02157,SIN-0721,Copia Cédula Beneficiario,Sí,Sí,2024-09-21,No,
DOC-02158,SIN-0722,Informe Médico,Sí,Sí,2023-09-07,No,
DOC-02159,SIN-0722,Recetas Médicas,Sí,Sí,2023-09-10,No,
DOC-02160,SIN-0723,Informe Médico,Sí,Sí,2024-02-12,No,
DOC-02161,SIN-0723,Copia Cédula Beneficiario,Sí,Sí,2024-02-17,No,
DOC-02162,SIN-0723,Acta de Defunción,Sí,Sí,2024-02-13,No,
DOC-02163,SIN-0723,Póliza Original,Sí,Sí,2024-02-20,No,
DOC-02164,SIN-0724,Recetas Médicas,Sí,Sí,2025-01-14,No,
DOC-02165,SIN-0724,Informe Médico,Sí,Sí,2025-01-15,No,
DOC-02166,SIN-0724,Factura Hospital,Sí,Sí,2025-01-12,No,
DOC-02167,SIN-0724,Resultados Exámenes,Sí,Sí,2025-01-18,No,
DOC-02168,SIN-0725,Informe Médico,Sí,Sí,2023-07-23,No,
DOC-02169,SIN-0725,Resultados Exámenes,Sí,Sí,2023-07-27,No,
DOC-02170,SIN-0725,Recetas Médicas,Sí,Sí,2023-07-20,No,
DOC-02171,SIN-0726,Denuncia Policial,Sí,Sí,2024-10-14,No,
DOC-02172,SIN-0726,Informe Perito,Sí,Sí,2024-10-19,No,
DOC-02173,SIN-0726,Fotos Daño,Sí,Sí,2024-10-19,No,
DOC-02174,SIN-0726,Copia Matrícula,Sí,Sí,2024-10-21,No,
DOC-02175,SIN-0727,Factura Taller,Sí,Sí,2025-03-27,No,
DOC-02176,SIN-0727,Informe Perito,Sí,Sí,2025-03-26,No,
DOC-02177,SIN-0727,Denuncia Policial,Sí,Sí,2025-03-23,No,
DOC-02178,SIN-0728,Informe Perito,Sí,Sí,2024-02-21,No,
DOC-02179,SIN-0728,Denuncia Policial,Sí,Sí,2024-02-18,No,
DOC-02180,SIN-0728,Factura Taller,Sí,Sí,2024-02-24,No,
DOC-02181,SIN-0728,Copia Matrícula,Sí,Sí,2024-02-24,No,
DOC-02182,SIN-0729,Acta de Defunción,Sí,Sí,2024-09-11,No,
DOC-02183,SIN-0729,Copia Cédula Beneficiario,Sí,Sí,2024-09-04,No,
DOC-02184,SIN-0729,Informe Médico,Sí,Sí,2024-09-04,No,
DOC-02185,SIN-0729,Póliza Original,Sí,Sí,2024-09-17,No,
DOC-02186,SIN-0730,Recetas Médicas,Sí,Sí,2023-02-24,No,
DOC-02187,SIN-0730,Informe Médico,Sí,Sí,2023-03-01,No,
DOC-02188,SIN-0731,Informe Médico,Sí,Sí,2022-06-23,No,
DOC-02189,SIN-0731,Acta de Defunción,Sí,Sí,2022-07-02,No,
DOC-02190,SIN-0731,Póliza Original,Sí,Sí,2022-06-26,No,
DOC-02191,SIN-0731,Copia Cédula Beneficiario,Sí,Sí,2022-06-28,No,
DOC-02192,SIN-0732,Copia Matrícula,Sí,Sí,2024-02-18,No,
DOC-02193,SIN-0732,Informe Perito,Sí,Sí,2024-02-20,No,
DOC-02194,SIN-0733,Fotos Daño,Sí,Sí,2024-01-07,No,
DOC-02195,SIN-0733,Cotización Reparación,Sí,Sí,2024-01-08,No,
DOC-02196,SIN-0733,Informe Técnico,Sí,Sí,2024-01-02,No,
DOC-02197,SIN-0733,Factura Equipo,Sí,Sí,2023-12-28,No,
DOC-02198,SIN-0734,Factura Reparación,Sí,Sí,2024-02-01,No,
DOC-02199,SIN-0734,Inventario Bienes,Sí,Sí,2024-02-08,No,
DOC-02200,SIN-0735,Copia Licencia,No,No,,No,Documento no entregado por el asegurado
DOC-02201,SIN-0735,Fotos Daño,Sí,Sí,2024-12-06,No,
DOC-02202,SIN-0735,Copia Matrícula,Sí,Sí,2024-12-04,No,
DOC-02203,SIN-0735,Factura Taller,Sí,Sí,2024-12-04,No,
DOC-02204,SIN-0736,Resultados Exámenes,Sí,Sí,2024-07-06,No,
DOC-02205,SIN-0736,Informe Médico,Sí,Sí,2024-07-12,No,
DOC-02206,SIN-0736,Factura Hospital,Sí,Sí,2024-07-02,No,
DOC-02207,SIN-0736,Recetas Médicas,Sí,Sí,2024-07-09,No,
DOC-02208,SIN-0737,Denuncia Policial,Sí,Sí,2024-02-23,No,
DOC-02209,SIN-0737,Copia Matrícula,Sí,Sí,2024-02-25,No,
DOC-02210,SIN-0738,Fotos Daño,Sí,Sí,2024-11-14,No,
DOC-02211,SIN-0738,Acta Policial,No,No,,No,Documento no entregado por el asegurado
DOC-02212,SIN-0738,Inventario Bienes,No,No,,No,Documento no entregado por el asegurado
DOC-02213,SIN-0739,Denuncia Policial,Sí,Sí,2025-02-01,No,
DOC-02214,SIN-0739,Copia Matrícula,Sí,Sí,2025-01-30,No,
DOC-02215,SIN-0740,Informe Perito,Sí,Sí,2022-12-26,No,
DOC-02216,SIN-0740,Fotos Daño,Sí,Sí,2022-12-29,No,
DOC-02217,SIN-0740,Factura Taller,No,No,,No,Documento no entregado por el asegurado
DOC-02218,SIN-0741,Fotos Daño,Sí,Sí,2023-04-23,No,
DOC-02219,SIN-0741,Informe Perito,No,No,,No,Documento no entregado por el asegurado
DOC-02220,SIN-0742,Denuncia Policial,Sí,Sí,2025-01-19,No,
DOC-02221,SIN-0742,Factura Taller,Sí,Sí,2025-01-12,No,
DOC-02222,SIN-0743,Factura Taller,Sí,Sí,2023-01-31,No,
DOC-02223,SIN-0743,Denuncia Policial,Sí,Sí,2023-02-01,No,
DOC-02224,SIN-0744,Fotos Daño,Sí,Sí,2024-11-21,No,
DOC-02225,SIN-0744,Denuncia Policial,Sí,Sí,2024-11-19,No,
DOC-02226,SIN-0745,Factura Taller,Sí,Sí,2024-03-20,No,
DOC-02227,SIN-0745,Copia Licencia,Sí,Sí,2024-03-20,No,
DOC-02228,SIN-0745,Fotos Daño,Sí,Sí,2024-03-20,No,
DOC-02229,SIN-0745,Copia Matrícula,Sí,Sí,2024-03-13,No,
DOC-02230,SIN-0746,Cotización Reparación,Sí,Sí,2023-06-01,No,
DOC-02231,SIN-0746,Fotos Daño,No,No,,No,Documento no entregado por el asegurado
DOC-02232,SIN-0747,Fotos Daño,Sí,Sí,2023-01-12,No,
DOC-02233,SIN-0747,Informe Bomberos,Sí,Sí,2023-01-11,No,
DOC-02234,SIN-0748,Acta Policial,Sí,Sí,2024-07-07,No,
DOC-02235,SIN-0748,Factura Reparación,Sí,Sí,2024-07-15,No,
DOC-02236,SIN-0749,Acta de Defunción,Sí,Sí,2025-02-25,No,
DOC-02237,SIN-0749,Copia Cédula Beneficiario,Sí,Sí,2025-02-23,No,
DOC-02238,SIN-0750,Denuncia Policial,Sí,Sí,2024-03-06,No,
DOC-02239,SIN-0750,Copia Licencia,Sí,Sí,2024-03-05,No,
DOC-02240,SIN-0751,Fotos Daño,Sí,Sí,2024-05-20,No,
DOC-02241,SIN-0751,Copia Matrícula,Sí,Sí,2024-05-23,No,
DOC-02242,SIN-0752,Informe Perito,No,No,,No,Documento no entregado por el asegurado
DOC-02243,SIN-0752,Denuncia Policial,No,No,2023-03-07,Sí,Fecha de factura anterior a la fecha del siniestro
DOC-02244,SIN-0753,Copia Licencia,Sí,Sí,2023-02-16,No,
DOC-02245,SIN-0753,Fotos Daño,No,No,,No,Documento no entregado por el asegurado
DOC-02246,SIN-0754,Resultados Exámenes,Sí,Sí,2024-10-15,No,
DOC-02247,SIN-0754,Informe Médico,Sí,Sí,2024-10-16,No,
DOC-02248,SIN-0754,Historia Clínica,Sí,Sí,2024-10-28,No,
DOC-02249,SIN-0754,Factura Hospital,Sí,Sí,2024-10-29,No,
DOC-02250,SIN-0755,Fotos Daño,Sí,Sí,2023-06-19,No,
DOC-02251,SIN-0755,Copia Matrícula,Sí,Sí,2023-07-01,No,
DOC-02252,SIN-0755,Copia Licencia,Sí,Sí,2023-06-29,No,
DOC-02253,SIN-0756,Fotos Daño,Sí,Sí,2025-02-20,No,
DOC-02254,SIN-0756,Denuncia Policial,No,No,,No,Documento no entregado por el asegurado
DOC-02255,SIN-0757,Informe Médico,Sí,Sí,2025-03-23,No,
DOC-02256,SIN-0757,Historia Clínica,Sí,Sí,2025-03-18,No,
DOC-02257,SIN-0758,Copia Licencia,Sí,Sí,2023-08-10,No,
DOC-02258,SIN-0758,Copia Matrícula,Sí,Sí,2023-08-12,No,
DOC-02259,SIN-0758,Denuncia Policial,Sí,Sí,2023-08-13,No,
DOC-02260,SIN-0758,Factura Taller,Sí,Sí,2023-08-02,No,
DOC-02261,SIN-0759,Historia Clínica,Sí,Sí,2023-11-05,No,
DOC-02262,SIN-0759,Factura Hospital,Sí,Sí,2023-10-31,No,
DOC-02263,SIN-0759,Informe Médico,Sí,Sí,2023-11-01,No,
DOC-02264,SIN-0759,Resultados Exámenes,Sí,Sí,2023-11-06,No,
DOC-02265,SIN-0760,Factura Taller,Sí,Sí,2024-09-14,No,
DOC-02266,SIN-0760,Fotos Daño,Sí,Sí,2024-09-13,No,
DOC-02267,SIN-0760,Copia Licencia,Sí,Sí,2024-09-17,No,
DOC-02268,SIN-0760,Copia Matrícula,Sí,Sí,2024-09-26,No,
DOC-02269,SIN-0761,Copia Cédula Beneficiario,Sí,Sí,2023-04-25,No,
DOC-02270,SIN-0761,Informe Médico,Sí,Sí,2023-04-22,No,
DOC-02271,SIN-0761,Acta de Defunción,Sí,Sí,2023-05-06,No,
DOC-02272,SIN-0761,Póliza Original,Sí,Sí,2023-05-06,No,
DOC-02273,SIN-0762,Copia Licencia,Sí,Sí,2023-02-19,No,
DOC-02274,SIN-0762,Denuncia Policial,Sí,Sí,2023-02-21,No,
DOC-02275,SIN-0762,Informe Perito,Sí,Sí,2023-02-21,No,
DOC-02276,SIN-0763,Factura Reparación,Sí,Sí,2024-09-05,No,
DOC-02277,SIN-0763,Informe Bomberos,Sí,Sí,2024-09-01,No,
DOC-02278,SIN-0763,Fotos Daño,Sí,Sí,2024-08-29,No,
DOC-02279,SIN-0763,Inventario Bienes,Sí,Sí,2024-09-11,No,
DOC-02280,SIN-0764,Factura Reparación,Sí,Sí,2024-11-21,No,
DOC-02281,SIN-0764,Fotos Daño,Sí,Sí,2024-11-18,No,
DOC-02282,SIN-0764,Informe Bomberos,Sí,Sí,2024-11-27,No,
DOC-02283,SIN-0764,Inventario Bienes,Sí,Sí,2024-11-30,No,
DOC-02284,SIN-0765,Copia Cédula Beneficiario,Sí,Sí,2024-05-18,No,
DOC-02285,SIN-0765,Póliza Original,No,No,,No,Documento no entregado por el asegurado
DOC-02286,SIN-0766,Acta de Defunción,Sí,Sí,2023-01-31,No,
DOC-02287,SIN-0766,Póliza Original,Sí,Sí,2023-01-25,No,
DOC-02288,SIN-0767,Cotización Reparación,Sí,Sí,2025-03-08,No,
DOC-02289,SIN-0767,Fotos Daño,Sí,Sí,2025-03-05,No,
DOC-02290,SIN-0768,Informe Técnico,Sí,Sí,2023-10-02,No,
DOC-02291,SIN-0768,Factura Equipo,Sí,Sí,2023-09-28,No,
DOC-02292,SIN-0769,Denuncia Policial,No,No,,No,Documento no entregado por el asegurado
DOC-02293,SIN-0769,Copia Licencia,No,No,,No,Documento no entregado por el asegurado
DOC-02294,SIN-0769,Copia Matrícula,No,No,,No,Documento no entregado por el asegurado
DOC-02295,SIN-0769,Informe Perito,No,No,,No,Documento no entregado por el asegurado
DOC-02296,SIN-0770,Cotización Reparación,Sí,Sí,2025-02-25,No,
DOC-02297,SIN-0770,Informe Técnico,Sí,Sí,2025-02-28,No,
DOC-02298,SIN-0770,Fotos Daño,Sí,Sí,2025-03-02,No,
DOC-02299,SIN-0771,Informe Médico,Sí,Sí,2024-07-07,No,
DOC-02300,SIN-0771,Resultados Exámenes,Sí,Sí,2024-07-02,No,
DOC-02301,SIN-0771,Recetas Médicas,Sí,Sí,2024-07-10,No,
DOC-02302,SIN-0772,Informe Perito,Sí,Sí,2024-02-21,No,
DOC-02303,SIN-0772,Copia Licencia,Sí,Sí,2024-02-19,No,
DOC-02304,SIN-0772,Copia Matrícula,Sí,Sí,2024-02-12,No,
DOC-02305,SIN-0772,Factura Taller,Sí,Sí,2024-02-18,No,
DOC-02306,SIN-0773,Denuncia Policial,Sí,Sí,2023-06-23,No,
DOC-02307,SIN-0773,Copia Licencia,Sí,Sí,2023-06-16,No,
DOC-02308,SIN-0774,Copia Matrícula,No,No,,No,Documento no entregado por el asegurado
DOC-02309,SIN-0774,Denuncia Policial,No,No,,No,Documento no entregado por el asegurado
DOC-02310,SIN-0774,Factura Taller,No,No,,No,Documento no entregado por el asegurado
DOC-02311,SIN-0774,Copia Licencia,Sí,Sí,2024-01-04,No,
DOC-02312,SIN-0775,Fotos Daño,Sí,Sí,2023-08-12,No,
DOC-02313,SIN-0775,Denuncia Policial,Sí,Sí,2023-08-08,No,
DOC-02314,SIN-0776,Fotos Daño,Sí,Sí,2020-12-10,No,
DOC-02315,SIN-0776,Informe Perito,Sí,Sí,2020-12-17,No,
DOC-02316,SIN-0777,Denuncia Policial,No,No,,No,Documento no entregado por el asegurado
DOC-02317,SIN-0777,Copia Matrícula,Sí,Sí,2023-07-11,No,
DOC-02318,SIN-0777,Factura Taller,No,No,,No,Documento no entregado por el asegurado
DOC-02319,SIN-0778,Informe Médico,Sí,Sí,2024-02-23,No,
DOC-02320,SIN-0778,Copia Cédula Beneficiario,Sí,Sí,2024-02-19,No,
DOC-02321,SIN-0779,Copia Licencia,Sí,Sí,2020-11-19,No,
DOC-02322,SIN-0779,Copia Matrícula,Sí,Sí,2020-11-15,No,
DOC-02323,SIN-0780,Fotos Daño,Sí,Sí,2023-04-09,No,
DOC-02324,SIN-0780,Copia Matrícula,Sí,Sí,2023-03-30,No,
DOC-02325,SIN-0780,Copia Licencia,Sí,Sí,2023-03-28,No,
DOC-02326,SIN-0781,Denuncia Policial,Sí,Sí,2024-11-09,No,
DOC-02327,SIN-0781,Informe Perito,Sí,Sí,2024-11-04,No,
DOC-02328,SIN-0782,Denuncia Policial,Sí,Sí,2024-09-22,No,
DOC-02329,SIN-0782,Copia Licencia,Sí,Sí,2024-09-28,No,
DOC-02330,SIN-0782,Factura Taller,Sí,Sí,2024-09-26,No,
DOC-02331,SIN-0783,Factura Taller,Sí,Sí,2024-09-16,No,
DOC-02332,SIN-0783,Informe Perito,Sí,Sí,2024-09-22,No,
DOC-02333,SIN-0783,Fotos Daño,Sí,Sí,2024-09-14,No,
DOC-02334,SIN-0784,Historia Clínica,Sí,Sí,2025-01-16,No,
DOC-02335,SIN-0784,Resultados Exámenes,Sí,Sí,2025-01-18,No,
DOC-02336,SIN-0785,Póliza Original,No,No,2023-10-01,Sí,Firma del asegurado no coincide
DOC-02337,SIN-0785,Acta de Defunción,Sí,Sí,2023-09-21,Sí,Número de placa diferente al registrado en la póliza
DOC-02338,SIN-0785,Informe Médico,No,No,2023-08-19,Sí,Fecha de factura anterior a la fecha del siniestro
DOC-02339,SIN-0785,Copia Cédula Beneficiario,Sí,Sí,2023-09-26,Sí,Documento ilegible en secciones clave
DOC-02340,SIN-0786,Fotos Daño,Sí,Sí,2023-08-09,No,
DOC-02341,SIN-0786,Informe Perito,No,No,,No,Documento no entregado por el asegurado
DOC-02342,SIN-0786,Factura Taller,No,No,,No,Documento no entregado por el asegurado
DOC-02343,SIN-0787,Denuncia Policial,No,No,,No,Documento no entregado por el asegurado
DOC-02344,SIN-0787,Copia Matrícula,Sí,Sí,2023-09-06,No,
DOC-02345,SIN-0788,Denuncia Policial,Sí,Sí,2023-01-18,No,
DOC-02346,SIN-0788,Copia Matrícula,Sí,Sí,2023-01-25,No,
DOC-02347,SIN-0788,Copia Licencia,Sí,Sí,2023-01-20,No,
DOC-02348,SIN-0789,Informe Perito,Sí,Sí,2024-04-30,No,
DOC-02349,SIN-0789,Fotos Daño,No,No,,No,Documento no entregado por el asegurado
DOC-02350,SIN-0789,Denuncia Policial,No,No,,No,Documento no entregado por el asegurado
DOC-02351,SIN-0789,Copia Matrícula,Sí,Sí,2024-04-24,No,
DOC-02352,SIN-0790,Informe Médico,No,No,,No,Documento no entregado por el asegurado
DOC-02353,SIN-0790,Póliza Original,Sí,Sí,2023-04-10,No,
DOC-02354,SIN-0791,Copia Licencia,Sí,Sí,2024-01-22,Sí,Valores en factura no coinciden con el informe del perito
DOC-02355,SIN-0791,Denuncia Policial,Sí,Sí,2024-01-23,No,
DOC-02356,SIN-0791,Factura Taller,No,No,2024-01-25,Sí,Firma del asegurado no coincide
DOC-02357,SIN-0791,Fotos Daño,Sí,Sí,2024-01-31,Sí,Valores en factura no coinciden con el informe del perito
DOC-02358,SIN-0792,Denuncia Policial,Sí,Sí,2024-04-07,No,
DOC-02359,SIN-0792,Informe Perito,Sí,Sí,2024-04-13,No,
DOC-02360,SIN-0792,Copia Matrícula,Sí,Sí,2024-04-06,No,
DOC-02361,SIN-0792,Fotos Daño,Sí,Sí,2024-04-12,No,
DOC-02362,SIN-0793,Informe Médico,Sí,Sí,2023-08-25,No,
DOC-02363,SIN-0793,Acta de Defunción,Sí,Sí,2023-08-26,No,
DOC-02364,SIN-0794,Recetas Médicas,Sí,Sí,2024-10-16,No,
DOC-02365,SIN-0794,Informe Médico,Sí,Sí,2024-10-13,No,
DOC-02366,SIN-0794,Resultados Exámenes,Sí,Sí,2024-10-10,No,
DOC-02367,SIN-0794,Historia Clínica,Sí,Sí,2024-10-14,No,
DOC-02368,SIN-0795,Fotos Daño,Sí,Sí,2024-02-09,No,
DOC-02369,SIN-0795,Acta Policial,Sí,Sí,2024-01-28,No,
DOC-02370,SIN-0795,Factura Equipo,Sí,Sí,2024-02-09,No,
DOC-02371,SIN-0795,Cotización Reparación,Sí,Sí,2024-02-10,No,
DOC-02372,SIN-0796,Informe Perito,Sí,Sí,2024-12-12,No,
DOC-02373,SIN-0796,Fotos Daño,Sí,Sí,2024-12-07,No,
DOC-02374,SIN-0796,Copia Licencia,Sí,Sí,2024-12-14,No,
DOC-02375,SIN-0797,Fotos Daño,Sí,Sí,2023-06-08,No,
DOC-02376,SIN-0797,Informe Perito,No,No,,No,Documento no entregado por el asegurado
DOC-02377,SIN-0797,Copia Licencia,Sí,Sí,2023-06-11,No,
DOC-02378,SIN-0798,Historia Clínica,Sí,Sí,2025-04-11,No,
DOC-02379,SIN-0798,Informe Médico,Sí,Sí,2025-04-02,No,
DOC-02380,SIN-0798,Resultados Exámenes,Sí,Sí,2025-04-11,No,
DOC-02381,SIN-0799,Factura Reparación,Sí,Sí,2023-04-05,No,
DOC-02382,SIN-0799,Inventario Bienes,Sí,Sí,2023-04-12,No,
DOC-02383,SIN-0799,Acta Policial,Sí,Sí,2023-03-29,No,
DOC-02384,SIN-0800,Cotización Reparación,No,No,,No,Documento no entregado por el asegurado
DOC-02385,SIN-0800,Informe Técnico,Sí,Sí,2024-09-25,No,
DOC-02386,SIN-0800,Fotos Daño,No,No,,No,Documento no entregado por el asegurado
DOC-02387,SIN-0800,Acta Policial,No,No,,No,Documento no entregado por el asegurado
DOC-02388,SIN-0801,Copia Licencia,No,No,,No,Documento no entregado por el asegurado
DOC-02389,SIN-0801,Factura Taller,No,No,,No,Documento no entregado por el asegurado
DOC-02390,SIN-0801,Informe Perito,Sí,Sí,2023-11-21,No,
DOC-02391,SIN-0801,Fotos Daño,Sí,Sí,2023-11-16,No,
DOC-02392,SIN-0802,Copia Matrícula,Sí,Sí,2023-08-22,No,
DOC-02393,SIN-0802,Denuncia Policial,Sí,Sí,2023-08-22,No,
DOC-02394,SIN-0802,Copia Licencia,Sí,Sí,2023-08-18,No,
DOC-02395,SIN-0803,Denuncia Policial,Sí,Sí,2024-09-18,No,
DOC-02396,SIN-0803,Informe Perito,Sí,Sí,2024-09-08,No,
DOC-02397,SIN-0803,Factura Taller,Sí,Sí,2024-09-17,No,
DOC-02398,SIN-0803,Copia Matrícula,Sí,Sí,2024-09-14,No,
DOC-02399,SIN-0804,Informe Perito,Sí,Sí,2023-08-21,No,
DOC-02400,SIN-0804,Factura Taller,Sí,Sí,2023-08-27,No,
DOC-02401,SIN-0805,Factura Reparación,Sí,Sí,2024-12-01,No,
DOC-02402,SIN-0805,Informe Bomberos,Sí,Sí,2024-11-29,No,
DOC-02403,SIN-0805,Fotos Daño,Sí,Sí,2024-11-24,No,
DOC-02404,SIN-0806,Factura Hospital,Sí,Sí,2023-07-20,No,
DOC-02405,SIN-0806,Historia Clínica,Sí,Sí,2023-07-21,No,
DOC-02406,SIN-0807,Recetas Médicas,Sí,Sí,2024-01-10,No,
DOC-02407,SIN-0807,Resultados Exámenes,Sí,Sí,2024-01-03,No,
DOC-02408,SIN-0807,Factura Hospital,Sí,Sí,2024-01-12,No,
DOC-02409,SIN-0807,Historia Clínica,Sí,Sí,2024-01-12,No,
DOC-02410,SIN-0808,Resultados Exámenes,Sí,Sí,2023-07-05,No,
DOC-02411,SIN-0808,Informe Médico,Sí,Sí,2023-06-24,No,
DOC-02412,SIN-0809,Informe Médico,Sí,Sí,2023-05-03,No,
DOC-02413,SIN-0809,Recetas Médicas,Sí,Sí,2023-05-01,No,
DOC-02414,SIN-0809,Resultados Exámenes,Sí,Sí,2023-04-24,No,
DOC-02415,SIN-0810,Copia Cédula Beneficiario,No,No,,No,Documento no entregado por el asegurado
DOC-02416,SIN-0810,Informe Médico,No,No,,No,Documento no entregado por el asegurado
DOC-02417,SIN-0810,Póliza Original,No,No,,No,Documento no entregado por el asegurado
DOC-02418,SIN-0810,Acta de Defunción,Sí,Sí,2024-07-08,No,
DOC-02419,SIN-0811,Póliza Original,Sí,Sí,2023-01-11,No,
DOC-02420,SIN-0811,Informe Médico,Sí,Sí,2023-01-13,No,
DOC-02421,SIN-0811,Copia Cédula Beneficiario,Sí,Sí,2023-01-07,No,
DOC-02422,SIN-0811,Acta de Defunción,Sí,Sí,2023-01-06,No,
DOC-02423,SIN-0812,Fotos Daño,Sí,Sí,2023-05-13,No,
DOC-02424,SIN-0812,Inventario Bienes,Sí,Sí,2023-05-14,No,
DOC-02425,SIN-0813,Copia Matrícula,Sí,Sí,2024-10-08,No,
DOC-02426,SIN-0813,Informe Perito,Sí,Sí,2024-10-01,No,
DOC-02427,SIN-0813,Fotos Daño,Sí,Sí,2024-10-08,No,
DOC-02428,SIN-0814,Factura Taller,Sí,Sí,2023-10-04,No,
DOC-02429,SIN-0814,Fotos Daño,Sí,Sí,2023-10-13,No,
DOC-02430,SIN-0814,Copia Licencia,Sí,Sí,2023-10-09,No,
DOC-02431,SIN-0815,Factura Reparación,Sí,Sí,2023-05-19,No,
DOC-02432,SIN-0815,Fotos Daño,Sí,Sí,2023-05-23,No,
DOC-02433,SIN-0816,Informe Médico,Sí,Sí,2024-02-22,No,
DOC-02434,SIN-0816,Copia Cédula Beneficiario,Sí,Sí,2024-02-19,No,
DOC-02435,SIN-0817,Informe Médico,Sí,Sí,2024-11-15,No,
DOC-02436,SIN-0817,Resultados Exámenes,Sí,Sí,2024-11-21,No,
DOC-02437,SIN-0817,Factura Hospital,Sí,Sí,2024-11-14,No,
DOC-02438,SIN-0817,Historia Clínica,Sí,Sí,2024-11-19,No,
DOC-02439,SIN-0818,Historia Clínica,Sí,Sí,2023-02-02,No,
DOC-02440,SIN-0818,Informe Médico,Sí,Sí,2023-01-26,No,
DOC-02441,SIN-0819,Factura Taller,No,No,,No,Documento no entregado por el asegurado
DOC-02442,SIN-0819,Denuncia Policial,No,No,2023-04-04,Sí,Número de placa diferente al registrado en la póliza
DOC-02443,SIN-0819,Fotos Daño,No,No,,No,Documento no entregado por el asegurado
DOC-02444,SIN-0820,Copia Licencia,Sí,Sí,2021-09-15,No,
DOC-02445,SIN-0820,Fotos Daño,Sí,Sí,2021-09-14,No,
DOC-02446,SIN-0820,Denuncia Policial,Sí,Sí,2021-09-13,No,
DOC-02447,SIN-0820,Factura Taller,Sí,Sí,2021-09-04,No,
DOC-02448,SIN-0821,Factura Equipo,Sí,Sí,2023-08-28,No,
DOC-02449,SIN-0821,Acta Policial,Sí,Sí,2023-08-22,No,
DOC-02450,SIN-0821,Cotización Reparación,Sí,Sí,2023-08-20,No,
DOC-02451,SIN-0821,Fotos Daño,Sí,Sí,2023-08-31,No,
DOC-02452,SIN-0822,Fotos Daño,Sí,Sí,2023-03-24,No,
DOC-02453,SIN-0822,Factura Taller,Sí,Sí,2023-03-21,No,
DOC-02454,SIN-0823,Copia Licencia,Sí,Sí,2024-12-19,No,
DOC-02455,SIN-0823,Factura Taller,Sí,Sí,2024-12-11,No,
DOC-02456,SIN-0823,Fotos Daño,Sí,Sí,2024-12-12,No,
DOC-02457,SIN-0823,Denuncia Policial,Sí,Sí,2024-12-14,No,
DOC-02458,SIN-0824,Copia Matrícula,Sí,Sí,2023-01-30,No,
DOC-02459,SIN-0824,Informe Perito,Sí,Sí,2023-01-31,No,
DOC-02460,SIN-0825,Factura Reparación,Sí,Sí,2023-09-12,No,
DOC-02461,SIN-0825,Fotos Daño,Sí,Sí,2023-09-09,No,
DOC-02462,SIN-0826,Copia Licencia,Sí,Sí,2025-02-16,No,
DOC-02463,SIN-0826,Denuncia Policial,Sí,Sí,2025-02-13,No,
DOC-02464,SIN-0826,Fotos Daño,Sí,Sí,2025-02-07,No,
DOC-02465,SIN-0827,Informe Médico,Sí,Sí,2023-02-15,No,
DOC-02466,SIN-0827,Resultados Exámenes,Sí,Sí,2023-02-08,No,
DOC-02467,SIN-0827,Recetas Médicas,Sí,Sí,2023-02-11,No,
DOC-02468,SIN-0828,Factura Taller,No,No,,No,Documento no entregado por el asegurado
DOC-02469,SIN-0828,Denuncia Policial,Sí,Sí,2022-03-14,No,
DOC-02470,SIN-0828,Fotos Daño,Sí,Sí,2022-03-03,No,
DOC-02471,SIN-0829,Informe Perito,Sí,Sí,2023-04-11,Sí,Firma del asegurado no coincide
DOC-02472,SIN-0829,Copia Licencia,Sí,Sí,2023-03-31,Sí,Valores en factura no coinciden con el informe del perito
DOC-02473,SIN-0829,Denuncia Policial,Sí,Sí,2023-04-07,No,
DOC-02474,SIN-0829,Factura Taller,Sí,Sí,2023-04-10,Sí,Documento ilegible en secciones clave
DOC-02475,SIN-0830,Acta Policial,Sí,Sí,2023-12-25,No,
DOC-02476,SIN-0830,Factura Equipo,Sí,Sí,2024-01-02,No,
DOC-02477,SIN-0831,Copia Matrícula,Sí,Sí,2024-11-14,No,
DOC-02478,SIN-0831,Copia Licencia,Sí,Sí,2024-11-09,No,
DOC-02479,SIN-0831,Informe Perito,Sí,Sí,2024-11-06,No,
DOC-02480,SIN-0831,Denuncia Policial,Sí,Sí,2024-11-07,No,
DOC-02481,SIN-0832,Resultados Exámenes,Sí,Sí,2023-11-21,No,
DOC-02482,SIN-0832,Historia Clínica,No,No,,No,Documento no entregado por el asegurado
DOC-02483,SIN-0832,Factura Hospital,Sí,Sí,2023-12-04,No,
DOC-02484,SIN-0833,Historia Clínica,Sí,Sí,2023-05-29,No,
DOC-02485,SIN-0833,Informe Médico,Sí,Sí,2023-05-27,No,
DOC-02486,SIN-0833,Resultados Exámenes,Sí,Sí,2023-05-19,No,
DOC-02487,SIN-0833,Recetas Médicas,Sí,Sí,2023-05-21,No,
DOC-02488,SIN-0834,Recetas Médicas,Sí,Sí,2024-05-13,No,
DOC-02489,SIN-0834,Factura Hospital,Sí,Sí,2024-05-17,No,
DOC-02490,SIN-0834,Historia Clínica,Sí,Sí,2024-05-07,No,
DOC-02491,SIN-0835,Denuncia Policial,Sí,Sí,2023-11-09,No,
DOC-02492,SIN-0835,Fotos Daño,Sí,Sí,2023-11-16,No,
DOC-02493,SIN-0835,Factura Taller,Sí,Sí,2023-11-11,No,
DOC-02494,SIN-0836,Resultados Exámenes,Sí,Sí,2024-06-13,No,
DOC-02495,SIN-0836,Recetas Médicas,Sí,Sí,2024-06-22,No,
DOC-02496,SIN-0837,Factura Taller,Sí,Sí,2025-03-06,No,
DOC-02497,SIN-0837,Denuncia Policial,Sí,Sí,2025-02-28,No,
DOC-02498,SIN-0837,Informe Perito,Sí,Sí,2025-03-08,No,
DOC-02499,SIN-0838,Copia Matrícula,Sí,Sí,2023-11-02,No,
DOC-02500,SIN-0838,Denuncia Policial,Sí,Sí,2023-11-06,No,
DOC-02501,SIN-0839,Factura Taller,Sí,Sí,2023-12-22,No,
DOC-02502,SIN-0839,Copia Matrícula,Sí,Sí,2023-12-14,No,
DOC-02503,SIN-0840,Copia Licencia,Sí,Sí,2023-03-23,No,
DOC-02504,SIN-0840,Denuncia Policial,Sí,Sí,2023-04-02,No,
DOC-02505,SIN-0840,Informe Perito,Sí,Sí,2023-03-26,No,
DOC-02506,SIN-0840,Factura Taller,Sí,Sí,2023-03-23,No,
DOC-02507,SIN-0841,Informe Médico,Sí,Sí,2023-07-22,No,
DOC-02508,SIN-0841,Póliza Original,Sí,Sí,2023-07-20,No,
DOC-02509,SIN-0841,Acta de Defunción,Sí,Sí,2023-07-23,No,
DOC-02510,SIN-0841,Copia Cédula Beneficiario,Sí,Sí,2023-07-22,No,
DOC-02511,SIN-0842,Resultados Exámenes,Sí,Sí,2025-01-24,No,
DOC-02512,SIN-0842,Factura Hospital,Sí,Sí,2025-01-20,No,
DOC-02513,SIN-0842,Historia Clínica,Sí,Sí,2025-01-25,No,
DOC-02514,SIN-0843,Fotos Daño,Sí,Sí,2025-04-30,No,
DOC-02515,SIN-0843,Copia Matrícula,Sí,Sí,2025-04-19,No,
DOC-02516,SIN-0843,Denuncia Policial,Sí,Sí,2025-04-30,No,
DOC-02517,SIN-0843,Copia Licencia,Sí,Sí,2025-04-27,No,
DOC-02518,SIN-0844,Factura Reparación,Sí,Sí,2023-03-19,No,
DOC-02519,SIN-0844,Inventario Bienes,Sí,Sí,2023-03-24,No,
DOC-02520,SIN-0844,Fotos Daño,Sí,Sí,2023-03-23,No,
DOC-02521,SIN-0845,Denuncia Policial,Sí,Sí,2024-06-26,No,
DOC-02522,SIN-0845,Copia Matrícula,Sí,Sí,2024-07-05,No,
DOC-02523,SIN-0845,Copia Licencia,Sí,Sí,2024-06-24,No,
DOC-02524,SIN-0845,Factura Taller,Sí,Sí,2024-07-01,No,
DOC-02525,SIN-0846,Factura Taller,Sí,Sí,2025-04-01,No,
DOC-02526,SIN-0846,Informe Perito,Sí,Sí,2025-03-20,No,
DOC-02527,SIN-0846,Copia Licencia,Sí,Sí,2025-03-19,No,
DOC-02528,SIN-0846,Denuncia Policial,Sí,Sí,2025-03-21,No,
DOC-02529,SIN-0847,Fotos Daño,Sí,Sí,2024-06-19,No,
DOC-02530,SIN-0847,Denuncia Policial,Sí,Sí,2024-06-29,No,
DOC-02531,SIN-0847,Copia Licencia,Sí,Sí,2024-06-22,No,
DOC-02532,SIN-0848,Copia Matrícula,No,No,,No,Documento no entregado por el asegurado
DOC-02533,SIN-0848,Informe Perito,No,No,,No,Documento no entregado por el asegurado
DOC-02534,SIN-0849,Fotos Daño,Sí,Sí,2025-01-23,No,
DOC-02535,SIN-0849,Denuncia Policial,Sí,Sí,2025-01-22,No,
DOC-02536,SIN-0849,Factura Taller,Sí,Sí,2025-01-19,No,
DOC-02537,SIN-0850,Informe Médico,Sí,Sí,2023-12-26,No,
DOC-02538,SIN-0850,Recetas Médicas,Sí,Sí,2023-12-23,No,
DOC-02539,SIN-0850,Resultados Exámenes,Sí,Sí,2023-12-22,No,
DOC-02540,SIN-0850,Factura Hospital,Sí,Sí,2023-12-16,No,
DOC-02541,SIN-0851,Copia Matrícula,Sí,Sí,2024-10-21,No,
DOC-02542,SIN-0851,Denuncia Policial,Sí,Sí,2024-10-24,No,
DOC-02543,SIN-0851,Copia Licencia,No,No,,No,Documento no entregado por el asegurado
DOC-02544,SIN-0851,Factura Taller,No,No,,No,Documento no entregado por el asegurado
DOC-02545,SIN-0852,Factura Taller,Sí,Sí,2023-10-14,No,
DOC-02546,SIN-0852,Fotos Daño,Sí,Sí,2023-10-12,No,
DOC-02547,SIN-0852,Copia Licencia,Sí,Sí,2023-10-09,No,
DOC-02548,SIN-0852,Informe Perito,Sí,Sí,2023-10-18,No,
DOC-02549,SIN-0853,Copia Matrícula,Sí,Sí,2023-05-21,No,
DOC-02550,SIN-0853,Factura Taller,No,No,,No,Documento no entregado por el asegurado
DOC-02551,SIN-0853,Denuncia Policial,Sí,Sí,2023-05-17,No,
DOC-02552,SIN-0853,Informe Perito,No,No,,No,Documento no entregado por el asegurado
DOC-02553,SIN-0854,Informe Perito,Sí,Sí,2024-10-25,No,
DOC-02554,SIN-0854,Factura Taller,Sí,Sí,2024-10-30,No,
DOC-02555,SIN-0854,Copia Licencia,No,No,,No,Documento no entregado por el asegurado
DOC-02556,SIN-0854,Denuncia Policial,No,No,,No,Documento no entregado por el asegurado
DOC-02557,SIN-0855,Historia Clínica,Sí,Sí,2023-12-09,No,
DOC-02558,SIN-0855,Recetas Médicas,Sí,Sí,2023-12-21,No,
DOC-02559,SIN-0856,Denuncia Policial,Sí,Sí,2024-07-01,No,
DOC-02560,SIN-0856,Informe Perito,Sí,Sí,2024-06-30,No,
DOC-02561,SIN-0856,Fotos Daño,Sí,Sí,2024-06-30,No,
DOC-02562,SIN-0856,Copia Matrícula,Sí,Sí,2024-06-30,No,
DOC-02563,SIN-0857,Informe Médico,Sí,Sí,2024-03-18,No,
DOC-02564,SIN-0857,Acta de Defunción,Sí,Sí,2024-03-16,No,
DOC-02565,SIN-0858,Fotos Daño,Sí,Sí,2024-02-09,No,
DOC-02566,SIN-0858,Copia Matrícula,Sí,Sí,2024-02-18,No,
DOC-02567,SIN-0858,Denuncia Policial,Sí,Sí,2024-02-17,No,
DOC-02568,SIN-0859,Recetas Médicas,Sí,Sí,2024-10-10,No,
DOC-02569,SIN-0859,Resultados Exámenes,Sí,Sí,2024-10-07,No,
DOC-02570,SIN-0859,Informe Médico,Sí,Sí,2024-10-14,No,
DOC-02571,SIN-0860,Informe Perito,Sí,Sí,2023-06-11,No,
DOC-02572,SIN-0860,Copia Licencia,Sí,Sí,2023-06-05,No,
DOC-02573,SIN-0861,Factura Equipo,Sí,Sí,2024-09-30,No,
DOC-02574,SIN-0861,Informe Técnico,Sí,Sí,2024-09-24,No,
DOC-02575,SIN-0862,Fotos Daño,No,No,,No,Documento no entregado por el asegurado
DOC-02576,SIN-0862,Acta Policial,No,No,,No,Documento no entregado por el asegurado
DOC-02577,SIN-0863,Copia Matrícula,Sí,Sí,2024-06-14,No,
DOC-02578,SIN-0863,Copia Licencia,Sí,Sí,2024-06-04,No,
DOC-02579,SIN-0863,Fotos Daño,Sí,Sí,2024-06-10,No,
DOC-02580,SIN-0864,Factura Taller,Sí,Sí,2023-08-01,No,
DOC-02581,SIN-0864,Fotos Daño,Sí,Sí,2023-07-31,No,
DOC-02582,SIN-0865,Copia Licencia,Sí,Sí,2023-08-03,Sí,Sello del proveedor no reconocido
DOC-02583,SIN-0865,Fotos Daño,Sí,Sí,2023-07-31,No,
DOC-02584,SIN-0866,Copia Matrícula,Sí,Sí,2025-03-07,No,
DOC-02585,SIN-0866,Copia Licencia,Sí,Sí,2025-03-14,No,
DOC-02586,SIN-0866,Denuncia Policial,Sí,Sí,2025-03-09,No,
DOC-02587,SIN-0866,Factura Taller,Sí,Sí,2025-03-06,No,
DOC-02588,SIN-0867,Copia Licencia,Sí,Sí,2024-11-17,No,
DOC-02589,SIN-0867,Fotos Daño,Sí,Sí,2024-11-27,No,
DOC-02590,SIN-0868,Fotos Daño,Sí,Sí,2025-03-29,No,
DOC-02591,SIN-0868,Factura Taller,Sí,Sí,2025-04-02,No,
DOC-02592,SIN-0868,Copia Matrícula,Sí,Sí,2025-04-04,No,
DOC-02593,SIN-0869,Fotos Daño,Sí,Sí,2024-06-13,No,
DOC-02594,SIN-0869,Denuncia Policial,Sí,Sí,2024-06-11,No,
DOC-02595,SIN-0869,Informe Perito,Sí,Sí,2024-06-13,No,
DOC-02596,SIN-0870,Acta Policial,No,No,,No,Documento no entregado por el asegurado
DOC-02597,SIN-0870,Inventario Bienes,No,No,,No,Documento no entregado por el asegurado
DOC-02598,SIN-0870,Fotos Daño,Sí,Sí,2024-04-18,No,
DOC-02599,SIN-0871,Inventario Bienes,Sí,Sí,2024-04-07,No,
DOC-02600,SIN-0871,Factura Reparación,Sí,Sí,2024-04-14,No,
DOC-02601,SIN-0871,Acta Policial,Sí,Sí,2024-04-16,No,
DOC-02602,SIN-0872,Copia Licencia,Sí,Sí,2021-02-12,No,
DOC-02603,SIN-0872,Factura Taller,Sí,Sí,2021-02-16,No,
DOC-02604,SIN-0872,Fotos Daño,Sí,Sí,2021-02-22,No,
DOC-02605,SIN-0872,Copia Matrícula,Sí,Sí,2021-02-17,No,
DOC-02606,SIN-0873,Factura Reparación,Sí,Sí,2023-06-13,No,
DOC-02607,SIN-0873,Acta Policial,Sí,Sí,2023-06-17,No,
DOC-02608,SIN-0874,Fotos Daño,Sí,Sí,2023-10-18,No,
DOC-02609,SIN-0874,Cotización Reparación,Sí,Sí,2023-10-13,No,
DOC-02610,SIN-0875,Historia Clínica,Sí,Sí,2023-11-05,No,
DOC-02611,SIN-0875,Recetas Médicas,Sí,Sí,2023-11-08,No,
DOC-02612,SIN-0876,Informe Técnico,Sí,Sí,2024-05-31,No,
DOC-02613,SIN-0876,Factura Equipo,Sí,Sí,2024-06-07,No,
DOC-02614,SIN-0877,Copia Matrícula,Sí,Sí,2025-01-06,No,
DOC-02615,SIN-0877,Denuncia Policial,No,No,,No,Documento no entregado por el asegurado
DOC-02616,SIN-0877,Fotos Daño,No,No,,No,Documento no entregado por el asegurado
DOC-02617,SIN-0877,Copia Licencia,Sí,Sí,2025-01-03,No,
DOC-02618,SIN-0878,Copia Matrícula,Sí,Sí,2023-08-30,No,
DOC-02619,SIN-0878,Denuncia Policial,Sí,Sí,2023-08-29,No,
DOC-02620,SIN-0879,Informe Perito,Sí,Sí,2023-03-19,No,
DOC-02621,SIN-0879,Denuncia Policial,Sí,Sí,2023-03-22,No,
DOC-02622,SIN-0879,Factura Taller,Sí,Sí,2023-03-27,No,
DOC-02623,SIN-0880,Informe Bomberos,Sí,Sí,2023-08-15,No,
DOC-02624,SIN-0880,Acta Policial,Sí,Sí,2023-08-03,No,
DOC-02625,SIN-0880,Factura Reparación,Sí,Sí,2023-08-02,No,
DOC-02626,SIN-0880,Fotos Daño,Sí,Sí,2023-08-10,No,
DOC-02627,SIN-0881,Denuncia Policial,Sí,Sí,2023-03-10,No,
DOC-02628,SIN-0881,Copia Matrícula,Sí,Sí,2023-02-24,No,
DOC-02629,SIN-0881,Fotos Daño,Sí,Sí,2023-03-09,No,
DOC-02630,SIN-0882,Copia Licencia,Sí,Sí,2025-02-22,No,
DOC-02631,SIN-0882,Copia Matrícula,Sí,Sí,2025-02-25,No,
DOC-02632,SIN-0882,Factura Taller,Sí,Sí,2025-02-16,No,
DOC-02633,SIN-0883,Denuncia Policial,No,No,,No,Documento no entregado por el asegurado
DOC-02634,SIN-0883,Factura Taller,Sí,Sí,2023-04-23,No,
DOC-02635,SIN-0883,Copia Matrícula,No,No,,No,Documento no entregado por el asegurado
DOC-02636,SIN-0883,Informe Perito,No,No,,No,Documento no entregado por el asegurado
DOC-02637,SIN-0884,Informe Médico,Sí,Sí,2024-02-17,No,
DOC-02638,SIN-0884,Recetas Médicas,Sí,Sí,2024-02-19,No,
DOC-02639,SIN-0885,Informe Perito,Sí,Sí,2023-05-06,No,
DOC-02640,SIN-0885,Copia Licencia,Sí,Sí,2023-05-10,No,
DOC-02641,SIN-0885,Fotos Daño,Sí,Sí,2023-05-08,No,
DOC-02642,SIN-0886,Copia Licencia,Sí,Sí,2023-12-01,No,
DOC-02643,SIN-0886,Factura Taller,Sí,Sí,2023-11-24,No,
DOC-02644,SIN-0887,Copia Licencia,Sí,Sí,2025-01-10,No,
DOC-02645,SIN-0887,Fotos Daño,Sí,Sí,2025-01-11,No,
DOC-02646,SIN-0888,Informe Perito,No,No,,No,Documento no entregado por el asegurado
DOC-02647,SIN-0888,Fotos Daño,No,No,,No,Documento no entregado por el asegurado
DOC-02648,SIN-0889,Factura Reparación,Sí,Sí,2024-03-04,No,
DOC-02649,SIN-0889,Fotos Daño,Sí,Sí,2024-03-13,No,
DOC-02650,SIN-0889,Informe Bomberos,Sí,Sí,2024-03-10,No,
DOC-02651,SIN-0890,Informe Médico,Sí,Sí,2023-06-12,No,
DOC-02652,SIN-0890,Recetas Médicas,Sí,Sí,2023-06-04,No,
DOC-02653,SIN-0891,Fotos Daño,Sí,Sí,2023-04-06,No,
DOC-02654,SIN-0891,Denuncia Policial,Sí,Sí,2023-04-01,No,
DOC-02655,SIN-0892,Denuncia Policial,Sí,Sí,2024-11-17,No,
DOC-02656,SIN-0892,Fotos Daño,Sí,Sí,2024-11-17,No,
DOC-02657,SIN-0893,Copia Licencia,Sí,Sí,2024-02-01,No,
DOC-02658,SIN-0893,Factura Taller,Sí,Sí,2024-02-01,No,
DOC-02659,SIN-0894,Informe Perito,Sí,Sí,2024-10-17,No,
DOC-02660,SIN-0894,Fotos Daño,Sí,Sí,2024-10-09,No,
DOC-02661,SIN-0894,Copia Matrícula,Sí,Sí,2024-10-16,No,
DOC-02662,SIN-0894,Copia Licencia,Sí,Sí,2024-10-09,No,
DOC-02663,SIN-0895,Factura Reparación,Sí,Sí,2023-10-24,No,
DOC-02664,SIN-0895,Inventario Bienes,Sí,Sí,2023-10-24,No,
DOC-02665,SIN-0895,Fotos Daño,Sí,Sí,2023-10-23,No,
DOC-02666,SIN-0896,Resultados Exámenes,Sí,Sí,2023-02-22,No,
DOC-02667,SIN-0896,Recetas Médicas,Sí,Sí,2023-02-20,No,
DOC-02668,SIN-0896,Factura Hospital,Sí,Sí,2023-02-28,No,
DOC-02669,SIN-0897,Informe Perito,Sí,Sí,2024-02-26,No,
DOC-02670,SIN-0897,Fotos Daño,Sí,Sí,2024-02-28,No,
DOC-02671,SIN-0897,Denuncia Policial,Sí,Sí,2024-02-23,No,
DOC-02672,SIN-0898,Factura Taller,Sí,Sí,2025-01-16,No,
DOC-02673,SIN-0898,Fotos Daño,Sí,Sí,2025-01-14,No,
DOC-02674,SIN-0898,Denuncia Policial,Sí,Sí,2025-01-14,No,
DOC-02675,SIN-0899,Copia Matrícula,Sí,Sí,2023-09-29,No,
DOC-02676,SIN-0899,Factura Taller,Sí,Sí,2023-09-29,No,
DOC-02677,SIN-0899,Informe Perito,Sí,Sí,2023-10-01,No,
DOC-02678,SIN-0899,Fotos Daño,Sí,Sí,2023-10-06,No,
DOC-02679,SIN-0900,Informe Médico,Sí,Sí,2023-04-24,No,
DOC-02680,SIN-0900,Recetas Médicas,Sí,Sí,2023-04-21,No,
DOC-02681,SIN-0900,Factura Hospital,Sí,Sí,2023-04-24,No,
DOC-02682,SIN-0900,Resultados Exámenes,Sí,Sí,2023-04-30,No,
DOC-02683,SIN-0901,Informe Técnico,Sí,Sí,2024-08-24,No,
DOC-02684,SIN-0901,Acta Policial,Sí,Sí,2024-08-25,No,
DOC-02685,SIN-0902,Fotos Daño,No,No,,No,Documento no entregado por el asegurado
DOC-02686,SIN-0902,Informe Perito,No,No,,No,Documento no entregado por el asegurado
DOC-02687,SIN-0902,Copia Matrícula,Sí,Sí,2024-09-26,No,
DOC-02688,SIN-0902,Denuncia Policial,Sí,Sí,2024-10-02,No,
DOC-02689,SIN-0903,Factura Hospital,Sí,Sí,2024-12-10,No,
DOC-02690,SIN-0903,Resultados Exámenes,Sí,Sí,2024-12-11,No,
DOC-02691,SIN-0904,Informe Técnico,Sí,Sí,2024-07-15,No,
DOC-02692,SIN-0904,Factura Equipo,Sí,Sí,2024-07-14,No,
DOC-02693,SIN-0904,Fotos Daño,Sí,Sí,2024-07-12,No,
DOC-02694,SIN-0904,Cotización Reparación,Sí,Sí,2024-07-21,No,
DOC-02695,SIN-0905,Denuncia Policial,Sí,Sí,2023-02-09,No,
DOC-02696,SIN-0905,Factura Taller,Sí,Sí,2023-02-18,No,
DOC-02697,SIN-0906,Informe Perito,Sí,Sí,2020-05-27,No,
DOC-02698,SIN-0906,Copia Licencia,Sí,Sí,2020-05-27,No,
DOC-02699,SIN-0906,Fotos Daño,Sí,Sí,2020-05-18,No,
DOC-02700,SIN-0906,Copia Matrícula,Sí,Sí,2020-06-01,No,
DOC-02701,SIN-0907,Póliza Original,Sí,Sí,2025-01-06,No,
DOC-02702,SIN-0907,Acta de Defunción,Sí,Sí,2025-01-07,No,
DOC-02703,SIN-0908,Inventario Bienes,Sí,Sí,2023-02-28,No,
DOC-02704,SIN-0908,Acta Policial,Sí,Sí,2023-02-25,No,
DOC-02705,SIN-0908,Informe Bomberos,Sí,Sí,2023-03-03,No,
DOC-02706,SIN-0909,Factura Taller,Sí,Sí,2024-07-14,No,
DOC-02707,SIN-0909,Fotos Daño,Sí,Sí,2024-07-09,No,
DOC-02708,SIN-0909,Informe Perito,Sí,Sí,2024-07-04,No,
DOC-02709,SIN-0909,Copia Licencia,Sí,Sí,2024-07-08,No,
DOC-02710,SIN-0910,Denuncia Policial,Sí,Sí,2025-03-23,No,
DOC-02711,SIN-0910,Informe Perito,Sí,Sí,2025-03-20,No,
DOC-02712,SIN-0910,Copia Licencia,Sí,Sí,2025-03-22,No,
DOC-02713,SIN-0910,Fotos Daño,Sí,Sí,2025-03-25,No,
DOC-02714,SIN-0911,Fotos Daño,Sí,Sí,2020-12-24,No,
DOC-02715,SIN-0911,Copia Licencia,Sí,Sí,2020-12-26,No,
DOC-02716,SIN-0911,Copia Matrícula,Sí,Sí,2020-12-22,No,
DOC-02717,SIN-0912,Informe Médico,Sí,Sí,2024-07-22,No,
DOC-02718,SIN-0912,Copia Cédula Beneficiario,Sí,Sí,2024-07-31,No,
DOC-02719,SIN-0912,Acta de Defunción,Sí,Sí,2024-07-27,No,
DOC-02720,SIN-0912,Póliza Original,Sí,Sí,2024-07-24,No,
DOC-02721,SIN-0913,Factura Taller,Sí,Sí,2023-08-10,No,
DOC-02722,SIN-0913,Fotos Daño,Sí,Sí,2023-08-07,No,
DOC-02723,SIN-0913,Denuncia Policial,Sí,Sí,2023-08-08,No,
DOC-02724,SIN-0914,Copia Cédula Beneficiario,Sí,Sí,2024-05-11,No,
DOC-02725,SIN-0914,Informe Médico,Sí,Sí,2024-05-01,No,
DOC-02726,SIN-0914,Acta de Defunción,Sí,Sí,2024-04-29,No,
DOC-02727,SIN-0915,Informe Perito,Sí,Sí,2023-06-06,No,
DOC-02728,SIN-0915,Copia Licencia,Sí,Sí,2023-06-20,No,
DOC-02729,SIN-0915,Copia Matrícula,Sí,Sí,2023-06-08,No,
DOC-02730,SIN-0915,Fotos Daño,Sí,Sí,2023-06-14,No,
DOC-02731,SIN-0916,Resultados Exámenes,Sí,Sí,2021-02-09,No,
DOC-02732,SIN-0916,Historia Clínica,Sí,Sí,2021-02-15,No,
DOC-02733,SIN-0916,Factura Hospital,Sí,Sí,2021-02-12,No,
DOC-02734,SIN-0916,Informe Médico,Sí,Sí,2021-02-09,No,
DOC-02735,SIN-0917,Fotos Daño,No,No,,No,Documento no entregado por el asegurado
DOC-02736,SIN-0917,Copia Matrícula,No,No,,No,Documento no entregado por el asegurado
DOC-02737,SIN-0918,Acta Policial,Sí,Sí,2024-09-29,No,
DOC-02738,SIN-0918,Cotización Reparación,Sí,Sí,2024-09-26,No,
DOC-02739,SIN-0919,Cotización Reparación,Sí,Sí,2023-09-23,No,
DOC-02740,SIN-0919,Acta Policial,Sí,Sí,2023-09-27,No,
DOC-02741,SIN-0919,Fotos Daño,Sí,Sí,2023-09-14,No,
DOC-02742,SIN-0919,Informe Técnico,Sí,Sí,2023-09-22,No,
DOC-02743,SIN-0920,Copia Matrícula,Sí,Sí,2024-05-15,No,
DOC-02744,SIN-0920,Fotos Daño,Sí,Sí,2024-05-20,No,
DOC-02745,SIN-0920,Factura Taller,Sí,Sí,2024-05-07,No,
DOC-02746,SIN-0921,Denuncia Policial,No,No,,No,Documento no entregado por el asegurado
DOC-02747,SIN-0921,Copia Matrícula,Sí,Sí,2024-07-28,No,
DOC-02748,SIN-0921,Factura Taller,Sí,Sí,2024-07-23,No,
DOC-02749,SIN-0922,Copia Cédula Beneficiario,Sí,Sí,2025-02-11,No,
DOC-02750,SIN-0922,Informe Médico,Sí,Sí,2025-02-14,No,
DOC-02751,SIN-0923,Informe Técnico,Sí,Sí,2020-05-25,No,
DOC-02752,SIN-0923,Acta Policial,Sí,Sí,2020-05-20,No,
DOC-02753,SIN-0923,Factura Equipo,Sí,Sí,2020-05-23,No,
DOC-02754,SIN-0924,Informe Perito,No,No,2024-05-18,Sí,Fecha de factura anterior a la fecha del siniestro
DOC-02755,SIN-0924,Copia Licencia,No,No,2024-07-05,Sí,Sello del proveedor no reconocido
DOC-02756,SIN-0924,Factura Taller,Sí,Sí,2024-05-27,Sí,Fecha de factura anterior a la fecha del siniestro
DOC-02757,SIN-0925,Informe Bomberos,Sí,Sí,2025-03-06,No,
DOC-02758,SIN-0925,Factura Reparación,Sí,Sí,2025-03-19,No,
DOC-02759,SIN-0925,Fotos Daño,Sí,Sí,2025-03-09,No,
DOC-02760,SIN-0926,Denuncia Policial,Sí,Sí,2023-05-14,No,
DOC-02761,SIN-0926,Factura Taller,Sí,Sí,2023-05-08,No,
DOC-02762,SIN-0926,Fotos Daño,Sí,Sí,2023-05-14,No,
DOC-02763,SIN-0927,Factura Taller,Sí,Sí,2023-08-19,No,
DOC-02764,SIN-0927,Informe Perito,Sí,Sí,2023-08-21,No,
DOC-02765,SIN-0928,Copia Matrícula,Sí,Sí,2023-01-15,No,
DOC-02766,SIN-0928,Denuncia Policial,Sí,Sí,2023-01-17,No,
DOC-02767,SIN-0928,Copia Licencia,No,No,,No,Documento no entregado por el asegurado
DOC-02768,SIN-0928,Informe Perito,Sí,Sí,2023-01-15,No,
DOC-02769,SIN-0929,Denuncia Policial,Sí,Sí,2024-01-18,No,
DOC-02770,SIN-0929,Factura Taller,Sí,Sí,2024-01-24,Sí,Valores en factura no coinciden con el informe del perito
DOC-02771,SIN-0930,Fotos Daño,Sí,Sí,2024-04-17,No,
DOC-02772,SIN-0930,Copia Matrícula,Sí,Sí,2024-04-18,No,
DOC-02773,SIN-0930,Copia Licencia,Sí,Sí,2024-04-10,No,
DOC-02774,SIN-0931,Fotos Daño,Sí,Sí,2023-10-12,No,
DOC-02775,SIN-0931,Factura Taller,Sí,Sí,2023-10-07,No,
DOC-02776,SIN-0931,Denuncia Policial,Sí,Sí,2023-10-01,No,
DOC-02777,SIN-0931,Copia Matrícula,Sí,Sí,2023-10-08,No,
DOC-02778,SIN-0932,Factura Taller,Sí,Sí,2025-02-09,No,
DOC-02779,SIN-0932,Fotos Daño,Sí,Sí,2025-02-05,No,
DOC-02780,SIN-0932,Copia Matrícula,Sí,Sí,2025-02-09,No,
DOC-02781,SIN-0933,Fotos Daño,Sí,Sí,2023-07-12,No,
DOC-02782,SIN-0933,Denuncia Policial,Sí,Sí,2023-07-03,No,
DOC-02783,SIN-0933,Copia Licencia,Sí,Sí,2023-07-12,No,
DOC-02784,SIN-0933,Copia Matrícula,Sí,Sí,2023-07-08,No,
DOC-02785,SIN-0934,Informe Médico,Sí,Sí,2024-04-18,No,
DOC-02786,SIN-0934,Copia Cédula Beneficiario,Sí,Sí,2024-04-15,No,
DOC-02787,SIN-0934,Acta de Defunción,Sí,Sí,2024-04-18,No,
DOC-02788,SIN-0935,Póliza Original,Sí,Sí,2023-07-25,No,
DOC-02789,SIN-0935,Acta de Defunción,Sí,Sí,2023-07-31,No,
DOC-02790,SIN-0936,Resultados Exámenes,Sí,Sí,2024-03-19,No,
DOC-02791,SIN-0936,Recetas Médicas,Sí,Sí,2024-03-14,No,
DOC-02792,SIN-0936,Factura Hospital,Sí,Sí,2024-03-16,No,
DOC-02793,SIN-0936,Informe Médico,Sí,Sí,2024-03-16,No,
DOC-02794,SIN-0937,Copia Cédula Beneficiario,Sí,Sí,2023-06-20,No,
DOC-02795,SIN-0937,Póliza Original,Sí,Sí,2023-06-13,No,
DOC-02796,SIN-0937,Informe Médico,Sí,Sí,2023-06-25,No,
DOC-02797,SIN-0938,Factura Taller,Sí,Sí,2024-07-02,No,
DOC-02798,SIN-0938,Fotos Daño,Sí,Sí,2024-07-10,No,
DOC-02799,SIN-0938,Informe Perito,Sí,Sí,2024-07-01,No,
DOC-02800,SIN-0939,Resultados Exámenes,Sí,Sí,2023-06-04,No,
DOC-02801,SIN-0939,Historia Clínica,Sí,Sí,2023-06-05,No,
DOC-02802,SIN-0939,Factura Hospital,Sí,Sí,2023-06-04,No,
DOC-02803,SIN-0940,Póliza Original,Sí,Sí,2022-09-28,No,
DOC-02804,SIN-0940,Informe Médico,Sí,Sí,2022-09-22,No,
DOC-02805,SIN-0940,Acta de Defunción,Sí,Sí,2022-09-24,No,
DOC-02806,SIN-0940,Copia Cédula Beneficiario,Sí,Sí,2022-09-14,No,
DOC-02807,SIN-0941,Copia Licencia,Sí,Sí,2024-02-28,No,
DOC-02808,SIN-0941,Factura Taller,Sí,Sí,2024-02-23,No,
DOC-02809,SIN-0942,Factura Hospital,Sí,Sí,2023-02-16,No,
DOC-02810,SIN-0942,Historia Clínica,Sí,Sí,2023-01-07,Sí,Fecha de factura anterior a la fecha del siniestro
DOC-02811,SIN-0942,Recetas Médicas,No,No,2023-01-11,Sí,Fecha de factura anterior a la fecha del siniestro
DOC-02812,SIN-0942,Informe Médico,Sí,Sí,2023-02-22,Sí,Documento ilegible en secciones clave
DOC-02813,SIN-0943,Acta de Defunción,Sí,Sí,2023-08-13,No,
DOC-02814,SIN-0943,Póliza Original,Sí,Sí,2023-08-06,No,
DOC-02815,SIN-0943,Copia Cédula Beneficiario,Sí,Sí,2023-08-18,No,
DOC-02816,SIN-0944,Factura Taller,Sí,Sí,2024-10-08,No,
DOC-02817,SIN-0944,Denuncia Policial,Sí,Sí,2024-10-10,No,
DOC-02818,SIN-0945,Factura Reparación,Sí,Sí,2023-04-25,No,
DOC-02819,SIN-0945,Fotos Daño,Sí,Sí,2023-05-05,No,
DOC-02820,SIN-0945,Informe Bomberos,Sí,Sí,2023-04-22,No,
DOC-02821,SIN-0946,Póliza Original,Sí,Sí,2025-05-09,No,
DOC-02822,SIN-0946,Informe Médico,Sí,Sí,2025-05-10,No,
DOC-02823,SIN-0946,Copia Cédula Beneficiario,Sí,Sí,2025-04-30,No,
DOC-02824,SIN-0947,Recetas Médicas,Sí,Sí,2023-09-12,Sí,Documento ilegible en secciones clave
DOC-02825,SIN-0947,Resultados Exámenes,Sí,Sí,2023-09-01,Sí,Valores en factura no coinciden con el informe del perito
DOC-02826,SIN-0947,Informe Médico,No,No,2023-09-13,Sí,Fecha de emisión posterior a la fecha de reporte
DOC-02827,SIN-0948,Factura Taller,Sí,Sí,2023-08-11,No,
DOC-02828,SIN-0948,Denuncia Policial,Sí,Sí,2023-08-07,No,
DOC-02829,SIN-0948,Copia Matrícula,Sí,Sí,2023-08-07,No,
DOC-02830,SIN-0949,Acta Policial,Sí,Sí,2025-02-28,No,
DOC-02831,SIN-0949,Cotización Reparación,Sí,Sí,2025-03-05,No,
DOC-02832,SIN-0949,Informe Técnico,Sí,Sí,2025-03-12,No,
DOC-02833,SIN-0950,Informe Técnico,No,No,,No,Documento no entregado por el asegurado
DOC-02834,SIN-0950,Fotos Daño,No,No,,No,Documento no entregado por el asegurado
DOC-02835,SIN-0950,Factura Equipo,No,No,,No,Documento no entregado por el asegurado
DOC-02836,SIN-0950,Cotización Reparación,Sí,Sí,2023-08-31,No,
DOC-02837,SIN-0951,Factura Reparación,Sí,Sí,2024-05-01,No,
DOC-02838,SIN-0951,Inventario Bienes,Sí,Sí,2024-04-30,No,
DOC-02839,SIN-0951,Fotos Daño,Sí,Sí,2024-05-08,No,
DOC-02840,SIN-0952,Factura Taller,Sí,Sí,2024-09-01,No,
DOC-02841,SIN-0952,Informe Perito,No,No,,No,Documento no entregado por el asegurado
DOC-02842,SIN-0953,Informe Perito,Sí,Sí,2024-05-15,No,
DOC-02843,SIN-0953,Fotos Daño,Sí,Sí,2024-05-26,No,
DOC-02844,SIN-0953,Denuncia Policial,Sí,Sí,2024-05-23,No,
DOC-02845,SIN-0954,Factura Hospital,Sí,Sí,2024-08-23,No,
DOC-02846,SIN-0954,Historia Clínica,Sí,Sí,2024-08-18,No,
DOC-02847,SIN-0955,Factura Hospital,Sí,Sí,2023-12-14,No,
DOC-02848,SIN-0955,Recetas Médicas,Sí,Sí,2023-12-20,No,
DOC-02849,SIN-0955,Resultados Exámenes,Sí,Sí,2023-12-10,No,
DOC-02850,SIN-0956,Inventario Bienes,Sí,Sí,2023-06-05,No,
DOC-02851,SIN-0956,Factura Reparación,Sí,Sí,2023-06-02,No,
DOC-02852,SIN-0957,Informe Médico,Sí,Sí,2024-07-16,No,
DOC-02853,SIN-0957,Historia Clínica,No,No,,No,Documento no entregado por el asegurado
DOC-02854,SIN-0957,Recetas Médicas,Sí,Sí,2024-07-26,No,
DOC-02855,SIN-0957,Resultados Exámenes,No,No,,No,Documento no entregado por el asegurado
DOC-02856,SIN-0958,Fotos Daño,Sí,Sí,2024-10-29,No,
DOC-02857,SIN-0958,Factura Taller,Sí,Sí,2024-10-19,No,
DOC-02858,SIN-0958,Copia Licencia,Sí,Sí,2024-10-26,No,
DOC-02859,SIN-0958,Informe Perito,Sí,Sí,2024-10-30,No,
DOC-02860,SIN-0959,Informe Médico,Sí,Sí,2024-06-24,No,
DOC-02861,SIN-0959,Factura Hospital,Sí,Sí,2024-06-20,No,
DOC-02862,SIN-0959,Historia Clínica,Sí,Sí,2024-06-25,No,
DOC-02863,SIN-0959,Recetas Médicas,Sí,Sí,2024-06-18,No,
DOC-02864,SIN-0960,Informe Médico,Sí,Sí,2024-06-20,No,
DOC-02865,SIN-0960,Copia Cédula Beneficiario,Sí,Sí,2024-06-12,No,
DOC-02866,SIN-0961,Fotos Daño,Sí,Sí,2023-04-29,No,
DOC-02867,SIN-0961,Informe Perito,Sí,Sí,2023-04-21,No,
DOC-02868,SIN-0962,Copia Licencia,Sí,Sí,2023-10-30,No,
DOC-02869,SIN-0962,Informe Perito,Sí,Sí,2023-11-02,No,
DOC-02870,SIN-0962,Denuncia Policial,Sí,Sí,2023-10-27,No,
DOC-02871,SIN-0962,Factura Taller,Sí,Sí,2023-11-02,No,
DOC-02872,SIN-0963,Fotos Daño,Sí,Sí,2023-07-25,No,
DOC-02873,SIN-0963,Factura Equipo,Sí,Sí,2023-07-18,No,
DOC-02874,SIN-0964,Informe Perito,No,No,2024-10-13,Sí,Documento ilegible en secciones clave
DOC-02875,SIN-0964,Copia Licencia,No,No,2024-09-27,Sí,Documento ilegible en secciones clave
DOC-02876,SIN-0964,Fotos Daño,No,No,,No,Documento no entregado por el asegurado
DOC-02877,SIN-0964,Copia Matrícula,No,No,2024-10-14,Sí,Valores en factura no coinciden con el informe del perito
DOC-02878,SIN-0965,Factura Taller,Sí,Sí,2024-05-10,No,
DOC-02879,SIN-0965,Informe Perito,Sí,Sí,2024-04-28,No,
DOC-02880,SIN-0965,Copia Licencia,Sí,Sí,2024-05-01,No,
DOC-02881,SIN-0966,Informe Perito,Sí,Sí,2023-07-01,No,
DOC-02882,SIN-0966,Copia Matrícula,Sí,Sí,2023-07-03,No,
DOC-02883,SIN-0967,Informe Médico,Sí,Sí,2023-10-07,No,
DOC-02884,SIN-0967,Copia Cédula Beneficiario,Sí,Sí,2023-10-17,No,
DOC-02885,SIN-0967,Póliza Original,Sí,Sí,2023-10-16,No,
DOC-02886,SIN-0968,Acta de Defunción,No,No,,No,Documento no entregado por el asegurado
DOC-02887,SIN-0968,Copia Cédula Beneficiario,No,No,,No,Documento no entregado por el asegurado
DOC-02888,SIN-0969,Factura Hospital,Sí,Sí,2024-07-13,No,
DOC-02889,SIN-0969,Informe Médico,Sí,Sí,2024-07-09,No,
DOC-02890,SIN-0970,Acta Policial,Sí,Sí,2024-04-11,No,
DOC-02891,SIN-0970,Cotización Reparación,Sí,Sí,2024-04-08,No,
DOC-02892,SIN-0971,Factura Hospital,Sí,Sí,2024-07-21,No,
DOC-02893,SIN-0971,Informe Médico,Sí,Sí,2024-07-30,No,
DOC-02894,SIN-0971,Recetas Médicas,Sí,Sí,2024-07-22,No,
DOC-02895,SIN-0972,Factura Reparación,Sí,Sí,2024-06-24,No,
DOC-02896,SIN-0972,Inventario Bienes,No,No,,No,Documento no entregado por el asegurado
DOC-02897,SIN-0972,Fotos Daño,Sí,Sí,2024-07-04,No,
DOC-02898,SIN-0972,Informe Bomberos,Sí,Sí,2024-07-03,No,
DOC-02899,SIN-0973,Póliza Original,Sí,Sí,2023-05-13,No,
DOC-02900,SIN-0973,Acta de Defunción,Sí,Sí,2023-05-11,No,
DOC-02901,SIN-0973,Informe Médico,Sí,Sí,2023-05-09,No,
DOC-02902,SIN-0974,Historia Clínica,Sí,Sí,2024-11-29,No,
DOC-02903,SIN-0974,Recetas Médicas,Sí,Sí,2024-11-21,No,
DOC-02904,SIN-0974,Resultados Exámenes,Sí,Sí,2024-12-01,No,
DOC-02905,SIN-0975,Resultados Exámenes,Sí,Sí,2024-08-23,No,
DOC-02906,SIN-0975,Factura Hospital,Sí,Sí,2024-08-23,No,
DOC-02907,SIN-0976,Factura Hospital,Sí,Sí,2024-08-26,No,
DOC-02908,SIN-0976,Informe Médico,Sí,Sí,2024-08-27,No,
DOC-02909,SIN-0976,Recetas Médicas,Sí,Sí,2024-08-22,No,
DOC-02910,SIN-0977,Resultados Exámenes,Sí,Sí,2023-04-07,No,
DOC-02911,SIN-0977,Historia Clínica,Sí,Sí,2023-04-02,No,
DOC-02912,SIN-0978,Fotos Daño,Sí,Sí,2023-05-20,No,
DOC-02913,SIN-0978,Copia Matrícula,Sí,Sí,2023-05-07,No,
DOC-02914,SIN-0978,Factura Taller,Sí,Sí,2023-05-17,No,
DOC-02915,SIN-0978,Informe Perito,Sí,Sí,2023-05-20,No,
DOC-02916,SIN-0979,Fotos Daño,Sí,Sí,2024-06-15,No,
DOC-02917,SIN-0979,Acta Policial,No,No,,No,Documento no entregado por el asegurado
DOC-02918,SIN-0979,Informe Bomberos,Sí,Sí,2024-06-15,No,
DOC-02919,SIN-0979,Inventario Bienes,Sí,Sí,2024-06-13,No,
DOC-02920,SIN-0980,Copia Licencia,Sí,Sí,2024-08-10,No,
DOC-02921,SIN-0980,Copia Matrícula,Sí,Sí,2024-08-16,No,
DOC-02922,SIN-0980,Informe Perito,Sí,Sí,2024-08-16,No,
DOC-02923,SIN-0981,Copia Licencia,Sí,Sí,2020-10-16,No,
DOC-02924,SIN-0981,Denuncia Policial,Sí,Sí,2020-10-24,No,
DOC-02925,SIN-0981,Fotos Daño,Sí,Sí,2020-10-17,No,
DOC-02926,SIN-0981,Factura Taller,Sí,Sí,2020-10-13,No,
DOC-02927,SIN-0982,Informe Perito,Sí,Sí,2023-02-20,No,
DOC-02928,SIN-0982,Fotos Daño,Sí,Sí,2023-02-09,No,
DOC-02929,SIN-0982,Copia Matrícula,Sí,Sí,2023-02-20,No,
DOC-02930,SIN-0982,Denuncia Policial,Sí,Sí,2023-02-08,No,
DOC-02931,SIN-0983,Denuncia Policial,Sí,Sí,2024-08-26,No,
DOC-02932,SIN-0983,Copia Matrícula,Sí,Sí,2024-08-29,No,
DOC-02933,SIN-0983,Fotos Daño,Sí,Sí,2024-08-28,No,
DOC-02934,SIN-0984,Denuncia Policial,Sí,Sí,2025-03-14,No,
DOC-02935,SIN-0984,Copia Matrícula,Sí,Sí,2025-03-06,No,
DOC-02936,SIN-0984,Copia Licencia,Sí,Sí,2025-03-04,No,
DOC-02937,SIN-0985,Informe Perito,No,No,,No,Documento no entregado por el asegurado
DOC-02938,SIN-0985,Factura Taller,Sí,Sí,2023-02-05,No,
DOC-02939,SIN-0985,Denuncia Policial,No,No,2023-02-08,Sí,Documento ilegible en secciones clave
DOC-02940,SIN-0986,Historia Clínica,Sí,Sí,2023-06-30,No,
DOC-02941,SIN-0986,Recetas Médicas,Sí,Sí,2023-06-23,No,
DOC-02942,SIN-0986,Factura Hospital,Sí,Sí,2023-06-21,No,
DOC-02943,SIN-0986,Informe Médico,Sí,Sí,2023-06-23,No,
DOC-02944,SIN-0987,Copia Licencia,Sí,Sí,2023-10-14,No,
DOC-02945,SIN-0987,Informe Perito,Sí,Sí,2023-10-24,No,
DOC-02946,SIN-0987,Copia Matrícula,Sí,Sí,2023-10-21,No,
DOC-02947,SIN-0988,Acta de Defunción,Sí,Sí,2025-01-12,No,
DOC-02948,SIN-0988,Copia Cédula Beneficiario,Sí,Sí,2025-01-06,No,
DOC-02949,SIN-0989,Copia Licencia,Sí,Sí,2024-10-02,No,
DOC-02950,SIN-0989,Copia Matrícula,Sí,Sí,2024-10-03,No,
DOC-02951,SIN-0989,Denuncia Policial,Sí,Sí,2024-10-01,No,
DOC-02952,SIN-0989,Fotos Daño,Sí,Sí,2024-10-13,No,
DOC-02953,SIN-0990,Acta Policial,Sí,Sí,2023-05-12,No,
DOC-02954,SIN-0990,Inventario Bienes,Sí,Sí,2023-04-30,No,
DOC-02955,SIN-0991,Factura Equipo,Sí,Sí,2023-04-14,No,
DOC-02956,SIN-0991,Acta Policial,Sí,Sí,2023-04-02,No,
DOC-02957,SIN-0991,Fotos Daño,Sí,Sí,2023-04-14,No,
DOC-02958,SIN-0991,Informe Técnico,Sí,Sí,2023-04-06,No,
DOC-02959,SIN-0992,Recetas Médicas,Sí,Sí,2025-01-26,No,
DOC-02960,SIN-0992,Resultados Exámenes,Sí,Sí,2025-01-22,No,
DOC-02961,SIN-0993,Fotos Daño,Sí,Sí,2025-01-04,No,
DOC-02962,SIN-0993,Denuncia Policial,Sí,Sí,2025-01-08,No,
DOC-02963,SIN-0993,Copia Matrícula,Sí,Sí,2025-01-06,No,
DOC-02964,SIN-0994,Informe Perito,Sí,Sí,2023-12-12,No,
DOC-02965,SIN-0994,Factura Taller,Sí,Sí,2023-12-10,No,
DOC-02966,SIN-0995,Copia Cédula Beneficiario,Sí,Sí,2024-12-25,No,
DOC-02967,SIN-0995,Acta de Defunción,Sí,Sí,2024-12-20,No,
DOC-02968,SIN-0995,Póliza Original,Sí,Sí,2024-12-18,No,
DOC-02969,SIN-0996,Factura Taller,Sí,Sí,2025-02-22,No,
DOC-02970,SIN-0996,Denuncia Policial,Sí,Sí,2025-03-01,No,
DOC-02971,SIN-0996,Copia Matrícula,No,No,,No,Documento no entregado por el asegurado
DOC-02972,SIN-0996,Fotos Daño,No,No,,No,Documento no entregado por el asegurado
DOC-02973,SIN-0997,Denuncia Policial,No,No,,No,Documento no entregado por el asegurado
DOC-02974,SIN-0997,Fotos Daño,Sí,Sí,2024-09-26,No,
DOC-02975,SIN-0998,Informe Médico,No,No,,No,Documento no entregado por el asegurado
DOC-02976,SIN-0998,Recetas Médicas,No,No,,No,Documento no entregado por el asegurado
DOC-02977,SIN-0999,Factura Hospital,Sí,Sí,2024-10-25,No,
DOC-02978,SIN-0999,Informe Médico,Sí,Sí,2024-10-26,No,
DOC-02979,SIN-0999,Resultados Exámenes,Sí,Sí,2024-10-25,No,
DOC-02980,SIN-0999,Historia Clínica,Sí,Sí,2024-11-05,No,
DOC-02981,SIN-1000,Póliza Original,Sí,Sí,2023-03-15,No,
DOC-02982,SIN-1000,Copia Cédula Beneficiario,No,No,,No,Documento no entregado por el asegurado
DOC-02983,SIN-1000,Informe Médico,No,No,,No,Documento no entregado por el asegurado
