id_siniestro,id_poliza,id_asegurado,id_proveedor,id_vehiculo,placa,ramo,cobertura,fecha_ocurrencia,fecha_reporte,dias_entre_ocurrencia_reporte,dias_desde_inicio_poliza,dias_desde_fin_poliza,monto_reclamado,monto_estimado,monto_pagado,suma_asegurada_poliza,estado,sucursal,descripcion,documentos_completos,documentos_inconsistentes,historial_siniestros_asegurado,siniestros_vehiculo_18m,proveedor_lista_restrictiva,score_riesgo,semaforo,señales_activadas,num_señales,etiqueta_fraude_simulada
SIN-0001,POL-0101,ASE-0055,PRV-0012,VEH-0349,YXC-6927,Vehículos,Volcadura,2023-02-18,2023-02-18,0,48,317,3060.95,3341.51,3341.51,19857.14,Pago Total,Guayaquil,El vehículo perdió el control en la vía Av. Carlos Julio Arosemena y volcó aparatosamente. No se identificaron otros vehículos involucrados. El accidente ocurrió aproximadamente a las 19:27 según el reporte policial.,Sí,No,0,2,No,31,Verde,2 siniestros del mismo vehículo | Dinámica de accidente sospechosa (Volcadura),2,0
SIN-0002,POL-0166,ASE-0102,PRV-0059,,,Hogar,Daño por Agua,2021-09-23,2021-09-24,1,13,-848,5606.6,6077.91,3872.67,38769.58,Pago Parcial,Guayaquil,Colisión frontal en la vía Av. 9 de Octubre cuando el vehículo contrario invadió el carril. Se levantó el parte policial correspondiente y se tomaron fotografías del lugar.,Sí,No,1,0,No,46,Amarillo,Reclamo entre 11-30 días de póliza,1,0
SIN-0003,POL-0107,ASE-0131,PRV-0047,VEH-0158,VYU-6765,Vehículos,Robo,2024-03-24,2024-03-27,3,353,12,35393.67,29310.78,29310.78,21785.72,Pago Total,Portoviejo,Sustracción del vehículo en el interior de un centro comercial de Redondel Central. Las cámaras del lugar presentaban fallas técnicas según indicó el personal de seguridad.,Sí,No,3,4,No,58,Amarillo,Demora denuncia robo >48h | Alta frecuencia reclamos asegurado (3 siniestros) | Alta frecuencia conductor en vehículo (4 siniestros) | Vehículo con múltiples siniestros,4,0
SIN-0004,POL-0209,ASE-0142,PRV-0008,VEH-0162,WGD-2621,Vehículos,Volcadura,2023-05-10,2023-05-10,0,770,-405,11202.97,10541.78,0.0,27323.71,Liquidado,Guayaquil,El vehículo perdió el control en la vía Av. 9 de Octubre y volcó aparatosamente. No se identificaron otros vehículos involucrados. El accidente ocurrió aproximadamente a las 15:03 según el reporte policial.,Sí,No,1,4,No,25,Verde,Alta frecuencia conductor en vehículo (4 siniestros) | Vehículo con múltiples siniestros | Dinámica de accidente sospechosa (Volcadura),3,0
SIN-0005,POL-0001,ASE-0033,PRV-0040,VEH-0075,WMZ-9225,Vehículos,Responsabilidad Civil,2024-09-13,2024-09-15,2,1712,-1347,5522.43,4574.68,2538.51,38796.87,Pago Parcial,Cuenca,Colisión del asegurado contra un vehículo de servicio público en Calle Gran Colombia. El conductor del bus presentó daños en la parte lateral y varios pasajeros reportaron lesiones leves.,Sí,No,0,1,No,11,Verde,Ninguna,0,0
SIN-0006,POL-0240,ASE-0119,PRV-0054,VEH-0197,KDS-2838,Vehículos,Robo,2024-05-10,2024-05-11,1,502,-137,26479.84,23152.64,23152.64,27661.18,Pago Total,Quito,Robo del vehículo en el sector comercial de Av. Naciones Unidas. El asegurado indica que dejó el auto por aproximadamente 2 horas y al regresar ya no se encontraba. No hay evidencia de forzamiento.,Sí,No,3,5,No,100,Rojo,Demora denuncia robo 24-48h | Alta frecuencia reclamos asegurado (3 siniestros) | Alta frecuencia conductor en vehículo (5 siniestros) | Vehículo con múltiples siniestros | Proveedor con historial de casos observados | Monto cercano a suma asegurada (>93%),6,1
SIN-0007,POL-0279,ASE-0229,PRV-0003,VEH-0159,HEC-5071,Vehículos,Robo,2023-10-14,2023-10-14,0,-174,539,24377.01,20227.13,20227.13,27840.28,Pago Total,Quito,Robo del vehículo en el sector comercial de Av. América. El asegurado indica que dejó el auto por aproximadamente 2 horas y al regresar ya no se encontraba. No hay evidencia de forzamiento.,Sí,No,3,0,No,42,Amarillo,Alta frecuencia reclamos asegurado (3 siniestros),1,0
SIN-0008,POL-0285,ASE-0038,PRV-0016,VEH-0124,YMH-3885,Vehículos,Robo,2023-11-28,2023-11-28,0,30,419,15661.18,14357.39,0.0,20273.46,Cierre Sin Consecuencia,Quito,El vehículo fue robado en horas de la madrugada mientras se encontraba estacionado frente al domicilio del asegurado en Av. 6 de Diciembre. Se realizó la denuncia en la UPC del sector.,Sí,No,0,4,No,25,Verde,Reclamo entre 11-30 días de póliza | Alta frecuencia conductor en vehículo (4 siniestros) | Vehículo con múltiples siniestros,3,0
SIN-0009,POL-0234,ASE-0152,PRV-0005,,,Generales,Responsabilidad Civil,2024-11-01,2024-11-01,0,1333,-968,7765.89,6229.77,4229.9,19773.37,Anticipo,Quito,El vehículo asegurado impactó a un peatón en Av. 6 de Diciembre causando lesiones de consideración. Se levantó el parte policial y se trasladó al afectado al centro médico más cercano.,Sí,No,1,0,No,91,Rojo,Ninguna,0,1
SIN-0010,POL-0136,ASE-0016,PRV-0041,VEH-0122,DGR-6162,Vehículos,Choque,2024-07-05,2024-07-06,1,1027,-662,5158.77,4815.08,4815.08,28248.54,Pago Total,Guayaquil,Impacto posterior en el sector de Av. 9 de Octubre durante hora pico. El conductor responsable presentó documentos y se llegó a un acuerdo inicial antes del reporte a la aseguradora.,Sí,No,3,1,No,76,Rojo,Alta frecuencia reclamos asegurado (3 siniestros),1,1
SIN-0011,POL-0071,ASE-0016,PRV-0033,,,Vehículos,Robo,2020-06-04,2020-06-11,7,5,-659,23122.64,19056.66,19056.66,24135.74,Pago Total,Quito,El vehículo fue robado en horas de la madrugada mientras se encontraba estacionado frente al domicilio del asegurado en Av. República. Se realizó la denuncia en la UPC del sector.,No,No,4,0,Sí,99,Rojo,Reclamo primeros 10 días de póliza | Demora denuncia robo >48h | Alta frecuencia reclamos asegurado (4 siniestros) | ⚠️ Proveedor en Lista Restrictiva | Documentos incompletos | Reporte con demora moderada (7 días) | Monto cercano a suma asegurada (>93%),7,1
SIN-0012,POL-0295,ASE-0190,PRV-0011,VEH-0194,GCF-5269,Vehículos,Pérdida Total,2024-09-16,2024-09-16,0,1443,-1078,18411.53,16754.65,0.0,6339.42,Reserva,Quito,El vehículo sufrió daños de consideración al precipitarse en la vía Av. 6 de Diciembre. El informe del perito establece que los costos de reparación superan el valor comercial del vehículo.,Sí,No,0,3,No,23,Verde,Alta frecuencia conductor en vehículo (3 siniestros) | Vehículo con múltiples siniestros,2,0
SIN-0013,POL-0211,ASE-0204,PRV-0017,VEH-0300,TTH-9059,Vehículos,Robo,2024-04-26,2024-04-30,4,-147,512,27379.67,24676.57,0.0,66724.02,Liquidado,Guayaquil,Sustracción del vehículo en el interior de un centro comercial de Av. Narcisa de Jesús. Las cámaras del lugar presentaban fallas técnicas según indicó el personal de seguridad.,Sí,No,1,1,No,47,Amarillo,Demora denuncia robo >48h | Reporte con demora moderada (4 días),2,0
SIN-0014,POL-0255,ASE-0128,PRV-0060,VEH-0183,CBX-7180,Vehículos,Daño Parcial,2023-05-25,2023-05-25,0,419,-54,3974.79,4103.87,4103.87,16909.76,Pago Total,Quito,Impacto posterior en el sector de Av. América durante hora pico. El conductor responsable presentó documentos y se llegó a un acuerdo inicial antes del reporte a la aseguradora.,Sí,No,1,2,No,19,Verde,2 siniestros del mismo vehículo,1,0
SIN-0015,POL-0289,ASE-0087,PRV-0053,,,Salud,Emergencia,2023-01-29,2023-01-30,1,30,527,468.83,414.16,414.16,32101.63,Pago Total,Quito,Colisión frontal en la vía Av. Occidental cuando el vehículo contrario invadió el carril. Se levantó el parte policial correspondiente y se tomaron fotografías del lugar.,Sí,No,0,0,No,16,Verde,Reclamo entre 11-30 días de póliza,1,0
SIN-0016,POL-0126,ASE-0227,PRV-0047,,,Hogar,Daño por Agua,2023-12-11,2023-12-12,1,30,589,3876.32,4193.09,0.0,22144.69,Reserva,Guayaquil,Siniestro ocurrido en la autopista Av. del Bombero. El vehículo derrapó al esquivar un objeto en la vía causando impacto contra el guardarraíl lateral.,Sí,No,1,0,No,26,Verde,Reclamo entre 11-30 días de póliza,1,0
SIN-0017,POL-0239,ASE-0063,PRV-0059,VEH-0380,YVY-7800,Vehículos,Robo,2024-02-10,2024-02-11,1,30,403,15948.91,14741.09,14741.09,22911.31,Pago Total,Cuenca,El vehículo fue robado en horas de la madrugada mientras se encontraba estacionado frente al domicilio del asegurado en Av. de Las Américas. Se realizó la denuncia en la UPC del sector.,Sí,No,1,0,No,26,Verde,Reclamo entre 11-30 días de póliza | Demora denuncia robo 24-48h,2,0
SIN-0018,POL-0299,ASE-0139,PRV-0010,VEH-0325,GWG-9235,Vehículos,Responsabilidad Civil,2025-01-10,2025-01-10,0,134,231,19595.3,20239.89,20239.89,6120.82,Pago Total,Quito,Colisión del asegurado contra un vehículo de servicio público en Av. Shyris. El conductor del bus presentó daños en la parte lateral y varios pasajeros reportaron lesiones leves.,No,Sí,2,2,Sí,85,Rojo,2 siniestros previos del asegurado | 2 siniestros del mismo vehículo | ⚠️ Proveedor en Lista Restrictiva | Documentos incompletos | ⚠️ Documentos inconsistentes detectados,5,1
SIN-0019,POL-0217,ASE-0220,PRV-0033,VEH-0155,HYD-9600,Vehículos,Responsabilidad Civil,2023-06-15,2023-06-16,1,-255,620,14019.77,11836.19,11836.19,27642.94,Pago Total,Quito,Colisión del asegurado contra un vehículo de servicio público en Av. América. El conductor del bus presentó daños en la parte lateral y varios pasajeros reportaron lesiones leves.,No,Sí,3,0,Sí,97,Rojo,Alta frecuencia reclamos asegurado (3 siniestros) | ⚠️ Proveedor en Lista Restrictiva | Documentos incompletos | ⚠️ Documentos inconsistentes detectados,4,1
SIN-0020,POL-0181,ASE-0029,PRV-0007,,,Hogar,Robo Contenido,2023-05-14,2023-05-15,1,211,154,4058.97,4335.46,0.0,16147.81,Liquidado,Manta,"Robo con fuerza en el inmueble asegurado ubicado en Vía Principal, Manta. Los delincuentes ingresaron por la puerta de servicio. Se sustrajeron equipos electrónicos y objetos de valor.",No,No,0,0,No,18,Verde,Documentos incompletos,1,0
SIN-0021,POL-0164,ASE-0079,PRV-0060,VEH-0238,XPW-4331,Vehículos,Daño Parcial,2023-12-08,2023-12-08,0,397,-32,3077.57,3270.67,3270.67,8501.53,Pago Total,Guayaquil,Impacto posterior en el sector de Av. Francisco de Orellana durante hora pico. El conductor responsable presentó documentos y se llegó a un acuerdo inicial antes del reporte a la aseguradora.,Sí,No,2,0,No,71,Amarillo,2 siniestros previos del asegurado,1,0
SIN-0022,POL-0078,ASE-0127,PRV-0017,,,Hogar,Terremoto,2023-10-05,2023-10-10,5,938,-573,23280.16,18951.62,18951.62,49385.46,Pago Total,Loja,Impacto posterior en el sector de Vía Principal durante hora pico. El conductor responsable presentó documentos y se llegó a un acuerdo inicial antes del reporte a la aseguradora.,Sí,No,2,0,No,56,Amarillo,2 siniestros previos del asegurado | Reporte con demora moderada (5 días),2,0
SIN-0023,POL-0166,ASE-0102,PRV-0007,,,Generales,Incendio Comercial,2023-06-07,2023-06-09,2,635,-270,5924.51,5426.03,5426.03,38769.58,Pago Total,Cuenca,El asegurado indica que al intentar ingresar al parqueadero fue golpeado lateralmente por un vehículo que no respetó la preferencia de paso en la intersección de Av. Huayna Cápac.,Sí,No,0,0,No,15,Verde,Ninguna,0,0
SIN-0024,POL-0052,ASE-0003,PRV-0017,VEH-0095,DSA-8682,Vehículos,Robo,2024-08-20,2024-08-23,3,1370,-1005,34998.25,34123.4,0.0,39397.26,Negativa,Quito,Robo del vehículo en el sector comercial de Av. Occidental. El asegurado indica que dejó el auto por aproximadamente 2 horas y al regresar ya no se encontraba. No hay evidencia de forzamiento.,No,Sí,2,0,No,41,Amarillo,Demora denuncia robo >48h | 2 siniestros previos del asegurado | Documentos incompletos | ⚠️ Documentos inconsistentes detectados,4,1
SIN-0025,POL-0192,ASE-0248,PRV-0038,VEH-0036,BJY-1908,Vehículos,Robo,2023-08-11,2023-08-11,0,144,221,13136.93,10781.38,0.0,22307.49,Negativa,Quito,El asegurado reporta que al regresar al parqueadero ubicado en el sector de Av. Naciones Unidas encontró que su vehículo había sido sustraído. No existen testigos ni cámaras de seguridad en el lugar.,Sí,No,1,1,No,0,Verde,Ninguna,0,0
SIN-0026,POL-0264,ASE-0029,PRV-0044,VEH-0388,RRE-5683,Vehículos,Responsabilidad Civil,2024-01-25,2024-01-25,0,1155,-790,11901.31,9543.9,0.0,30218.68,Cierre Sin Consecuencia,Quito,El vehículo asegurado impactó a un peatón en Av. 6 de Diciembre causando lesiones de consideración. Se levantó el parte policial y se trasladó al afectado al centro médico más cercano.,Sí,No,1,1,No,0,Verde,Ninguna,0,0
SIN-0027,POL-0086,ASE-0023,PRV-0054,,,Vida,Invalidez Total,2023-06-03,2023-06-06,3,463,-98,19298.97,15613.97,0.0,20703.28,Negativa,Loja,El vehículo asegurado fue impactado por la parte posterior mientras se encontraba detenido en el semáforo de la Av. Vía Principal. El conductor del vehículo causante se dio a la fuga sin identificarse.,Sí,No,6,4,No,96,Rojo,Alta frecuencia reclamos asegurado (6 siniestros) | Alta frecuencia conductor en vehículo (4 siniestros) | Proveedor con historial de casos observados,3,1
SIN-0028,POL-0283,ASE-0220,PRV-0031,,,Vida,Fallecimiento,2023-08-23,2023-08-25,2,30,627,14714.53,13268.1,6588.95,10026.44,Anticipo,Cuenca,Siniestro ocurrido en la autopista Av. Loja. El vehículo derrapó al esquivar un objeto en la vía causando impacto contra el guardarraíl lateral.,Sí,No,1,0,No,26,Verde,Reclamo entre 11-30 días de póliza,1,0
SIN-0029,POL-0243,ASE-0048,PRV-0030,,,Salud,Atención Médica,2025-02-10,2025-02-12,2,1597,-1232,1641.83,1385.69,0.0,49406.42,Negativa,Guayaquil,Paciente ingresa a consulta por cuadro de insuficiencia cardíaca. Se realiza evaluación completa y se indica tratamiento farmacológico por 15 días con control posterior.,Sí,No,0,0,No,11,Verde,Ninguna,0,0
SIN-0030,POL-0198,ASE-0248,PRV-0003,,,Vida,Invalidez Total,2023-02-24,2023-02-24,0,30,475,47600.59,43509.36,0.0,19089.96,Cierre Sin Consecuencia,Guayaquil,Impacto posterior en el sector de Av. Francisco de Orellana durante hora pico. El conductor responsable presentó documentos y se llegó a un acuerdo inicial antes del reporte a la aseguradora.,Sí,No,0,0,No,17,Verde,Reclamo entre 11-30 días de póliza,1,0
SIN-0031,POL-0032,ASE-0108,PRV-0009,VEH-0009,VHY-7155,Vehículos,Daño Parcial,2024-06-07,2024-06-07,0,534,-169,2045.3,2075.64,2075.64,7116.64,Pago Total,Guayaquil,Siniestro ocurrido en la autopista Av. Francisco de Orellana. El vehículo derrapó al esquivar un objeto en la vía causando impacto contra el guardarraíl lateral.,Sí,No,0,0,No,0,Verde,Ninguna,0,0
SIN-0032,POL-0293,ASE-0058,PRV-0037,VEH-0043,ZDX-0768,Vehículos,Choque,2024-06-24,2024-06-25,1,526,-161,2178.49,2317.34,0.0,27029.2,Negativa,Manta,Siniestro ocurrido en la autopista Av. 24 de Mayo. El vehículo derrapó al esquivar un objeto en la vía causando impacto contra el guardarraíl lateral.,Sí,No,0,0,No,11,Verde,Ninguna,0,0
SIN-0033,POL-0003,ASE-0188,PRV-0041,VEH-0097,CHK-5981,Vehículos,Daño Parcial,2024-03-24,2024-03-27,3,1443,-1078,1158.85,1265.53,0.0,6584.23,Cierre Sin Consecuencia,Riobamba,El asegurado indica que al intentar ingresar al parqueadero fue golpeado lateralmente por un vehículo que no respetó la preferencia de paso en la intersección de Av. 24 de Mayo.,No,No,5,0,No,71,Amarillo,Alta frecuencia reclamos asegurado (5 siniestros) | Documentos incompletos,2,1
SIN-0034,POL-0163,ASE-0147,PRV-0014,,,Vida,Invalidez Parcial,2024-05-02,2024-05-05,3,903,-538,12069.14,10018.8,0.0,42011.72,Cierre Sin Consecuencia,Portoviejo,El vehículo asegurado fue impactado por la parte posterior mientras se encontraba detenido en el semáforo de la Av. Redondel Central. El conductor del vehículo causante se dio a la fuga sin identificarse.,No,No,2,0,No,45,Amarillo,2 siniestros previos del asegurado | Documentos incompletos,2,0
SIN-0035,POL-0264,ASE-0029,PRV-0005,VEH-0262,TFL-7110,Vehículos,Robo,2023-03-31,2023-03-31,0,855,-490,8597.51,8258.01,0.0,30218.68,Reserva,Portoviejo,Sustracción del vehículo en el interior de un centro comercial de Calle Central. Las cámaras del lugar presentaban fallas técnicas según indicó el personal de seguridad.,No,No,0,0,No,5,Verde,Documentos incompletos,1,0
SIN-0036,POL-0069,ASE-0247,PRV-0003,,,Salud,Emergencia,2023-07-14,2023-07-16,2,293,72,767.6,717.37,412.47,27775.78,Anticipo,Guayaquil,El vehículo asegurado fue impactado por la parte posterior mientras se encontraba detenido en el semáforo de la Av. Av. Narcisa de Jesús. El conductor del vehículo causante se dio a la fuga sin identificarse.,Sí,No,3,0,No,71,Amarillo,Alta frecuencia reclamos asegurado (3 siniestros),1,0
SIN-0037,POL-0108,ASE-0085,PRV-0028,,,Salud,Hospitalización,2023-11-14,2023-11-14,0,30,758,1151.47,1118.1,544.69,21061.65,Pago Parcial,Quito,Ingreso hospitalario de emergencia por neumonía bilateral severo. Requirió atención en UCI durante las primeras 48 horas. Posteriormente trasladado a sala general con mejoría progresiva.,Sí,No,0,0,No,14,Verde,Reclamo entre 11-30 días de póliza,1,0
SIN-0038,POL-0260,ASE-0070,PRV-0045,VEH-0120,STX-1534,Vehículos,Daño Parcial,2023-01-16,2023-01-16,0,30,411,1881.84,1778.42,0.0,22064.99,Liquidado,Quito,Siniestro ocurrido en la autopista Av. Eloy Alfaro. El vehículo derrapó al esquivar un objeto en la vía causando impacto contra el guardarraíl lateral.,No,No,0,0,No,28,Verde,Reclamo entre 11-30 días de póliza | Documentos incompletos,2,0
SIN-0039,POL-0249,ASE-0173,PRV-0007,,,Vida,Invalidez Total,2024-11-20,2024-11-20,0,301,64,34917.94,35353.51,35353.51,36425.51,Pago Total,Quito,El vehículo asegurado fue impactado por la parte posterior mientras se encontraba detenido en el semáforo de la Av. Av. Eloy Alfaro. El conductor del vehículo causante se dio a la fuga sin identificarse.,Sí,No,2,0,No,94,Rojo,2 siniestros previos del asegurado | Monto cercano a suma asegurada (>93%),2,1
SIN-0040,POL-0079,ASE-0101,PRV-0038,,,Generales,Daño Equipos,2023-05-11,2023-05-12,1,850,-485,4676.55,4863.13,2471.16,12146.73,Pago Parcial,Guayaquil,El asegurado indica que al intentar ingresar al parqueadero fue golpeado lateralmente por un vehículo que no respetó la preferencia de paso en la intersección de Av. Francisco de Orellana.,Sí,No,1,0,No,14,Verde,Ninguna,0,0
SIN-0041,POL-0113,ASE-0168,PRV-0041,VEH-0122,DGR-6162,Vehículos,Volcadura,2024-07-04,2024-07-05,1,1214,-849,5174.01,5141.42,5141.42,34245.69,Pago Total,Quito,El vehículo perdió el control en la vía Av. Shyris y volcó aparatosamente. No se identificaron otros vehículos involucrados. El accidente ocurrió aproximadamente a las 14:14 según el reporte policial.,Sí,No,1,1,No,26,Verde,Dinámica de accidente sospechosa (Volcadura),1,0
SIN-0042,POL-0197,ASE-0220,PRV-0027,VEH-0181,UJN-2618,Vehículos,Volcadura,2022-10-05,2022-10-06,1,16,-190,7766.75,6747.33,0.0,80568.37,Reserva,Quito,El vehículo perdió el control en la vía Av. Shyris y volcó aparatosamente. No se identificaron otros vehículos involucrados. El accidente ocurrió aproximadamente a las 16:22 según el reporte policial.,Sí,No,0,0,No,71,Amarillo,Reclamo entre 11-30 días de póliza | Proveedor con historial de casos observados | Dinámica de accidente sospechosa (Volcadura),3,0
SIN-0043,POL-0098,ASE-0044,PRV-0026,VEH-0137,KEJ-4505,Vehículos,Responsabilidad Civil,2023-03-08,2023-03-09,1,1024,-659,7089.32,6856.97,6856.97,19102.87,Pago Total,Guayaquil,El vehículo asegurado impactó a un peatón en Blvd. del Malecón causando lesiones de consideración. Se levantó el parte policial y se trasladó al afectado al centro médico más cercano.,Sí,No,0,0,No,26,Verde,Ninguna,0,0
SIN-0044,POL-0068,ASE-0038,PRV-0054,,,Hogar,Robo Contenido,2025-01-25,2025-01-27,2,1758,-1393,1781.53,1772.68,753.21,14033.65,Pago Parcial,Ambato,Sustracción de bienes del interior del inmueble en Av. Cevallos. El asegurado reporta ausencia de 12 días del domicilio. Se presentó la denuncia en la Fiscalía del sector.,Sí,No,0,0,Sí,10,Verde,⚠️ Proveedor en Lista Restrictiva,1,0
SIN-0045,POL-0134,ASE-0225,PRV-0053,,,Salud,Hospitalización,2025-03-01,2025-03-04,3,62,303,4024.04,4351.15,4351.15,6014.48,Pago Total,Quito,Ingreso hospitalario de emergencia por hipertensión severa severo. Requirió atención en UCI durante las primeras 48 horas. Posteriormente trasladado a sala general con mejoría progresiva.,No,No,1,0,No,56,Amarillo,Documentos incompletos,1,0
SIN-0046,POL-0174,ASE-0247,PRV-0010,,,Vehículos,Robo,2023-10-29,2023-11-01,3,3,564,9613.55,10147.1,10147.1,41146.68,Pago Total,Cuenca,El vehículo fue robado en horas de la madrugada mientras se encontraba estacionado frente al domicilio del asegurado en Av. de Las Américas. Se realizó la denuncia en la UPC del sector.,No,No,4,0,Sí,83,Rojo,Reclamo primeros 10 días de póliza | Demora denuncia robo >48h | Alta frecuencia reclamos asegurado (4 siniestros) | ⚠️ Proveedor en Lista Restrictiva | Documentos incompletos,5,1
SIN-0047,POL-0270,ASE-0019,PRV-0055,,,Hogar,Daño por Agua,2025-02-10,2025-02-11,1,246,119,2540.08,2696.25,0.0,27417.2,Negativa,Quito,Impacto posterior en el sector de Calle Colón durante hora pico. El conductor responsable presentó documentos y se llegó a un acuerdo inicial antes del reporte a la aseguradora.,Sí,No,0,0,No,13,Verde,Ninguna,0,0
SIN-0048,POL-0073,ASE-0069,PRV-0008,,,Vehículos,Volcadura,2024-03-01,2024-03-15,14,99,266,4888.16,5341.7,5341.7,22005.45,Pago Total,Ambato,El vehículo perdió el control en la vía Av. Los Shyris y volcó aparatosamente. No se identificaron otros vehículos involucrados. El accidente ocurrió aproximadamente a las 06:43 según el reporte policial.,No,No,1,2,No,89,Rojo,2 siniestros del mismo vehículo | Documentos incompletos | Dinámica de accidente sospechosa (Volcadura) | Reporte tardío (14 días),4,1
SIN-0049,POL-0221,ASE-0214,PRV-0041,VEH-0265,EXA-9332,Vehículos,Daño Parcial,2024-08-12,2024-08-15,3,384,-19,2448.72,2274.63,1124.06,41194.94,Pago Parcial,Ambato,El vehículo asegurado fue impactado por la parte posterior mientras se encontraba detenido en el semáforo de la Av. Av. 12 de Noviembre. El conductor del vehículo causante se dio a la fuga sin identificarse.,No,No,1,1,No,71,Amarillo,Documentos incompletos,1,0
SIN-0050,POL-0131,ASE-0223,PRV-0033,VEH-0190,UXM-9831,Vehículos,Choque,2023-11-19,2023-11-21,2,1003,-638,41763.35,38705.28,0.0,42555.44,Reserva,Guayaquil,El vehículo asegurado fue impactado por la parte posterior mientras se encontraba detenido en el semáforo de la Av. Av. Juan Tanca Marengo. El conductor del vehículo causante se dio a la fuga sin identificarse.,Sí,No,3,3,No,87,Rojo,Alta frecuencia reclamos asegurado (3 siniestros) | Alta frecuencia conductor en vehículo (3 siniestros) | Vehículo con múltiples siniestros | Proveedor con historial de casos observados | Monto cercano a suma asegurada (>93%),5,1
SIN-0051,POL-0009,ASE-0177,PRV-0054,VEH-0287,PYJ-4613,Vehículos,Volcadura,2023-05-05,2023-05-05,0,684,-319,3177.4,3049.64,0.0,38117.22,Negativa,Cuenca,Volcadura del vehículo asegurado en la curva de Calle Gran Colombia. El conductor señala que existía exceso de velocidad combinado con lluvia intensa en ese momento. No hay cámaras en el sector.,No,Sí,2,0,Sí,92,Rojo,2 siniestros previos del asegurado | ⚠️ Proveedor en Lista Restrictiva | Documentos incompletos | Dinámica de accidente sospechosa (Volcadura) | ⚠️ Documentos inconsistentes detectados,5,1
SIN-0052,POL-0089,ASE-0203,PRV-0039,VEH-0176,RBB-1002,Vehículos,Volcadura,2024-04-19,2024-05-08,19,458,-93,26200.87,21177.81,15154.56,26948.2,Pago Parcial,Cuenca,Volcadura del vehículo asegurado en la curva de Av. de Las Américas. El conductor señala que existía exceso de velocidad combinado con lluvia intensa en ese momento. No hay cámaras en el sector.,No,No,2,3,No,87,Rojo,2 siniestros previos del asegurado | Alta frecuencia conductor en vehículo (3 siniestros) | Vehículo con múltiples siniestros | Documentos incompletos | Dinámica de accidente sospechosa (Volcadura) | Reporte tardío (19 días) | Monto cercano a suma asegurada (>93%),7,1
SIN-0053,POL-0080,ASE-0150,PRV-0002,VEH-0080,RNG-1011,Vehículos,Pérdida Total,2024-04-05,2024-04-07,2,1431,-1066,30216.62,27322.44,0.0,30109.45,Reserva,Cuenca,El vehículo sufrió daños de consideración al precipitarse en la vía Av. Loja. El informe del perito establece que los costos de reparación superan el valor comercial del vehículo.,Sí,No,3,1,No,56,Amarillo,Demora denuncia robo 24-48h | Alta frecuencia reclamos asegurado (3 siniestros),2,0
SIN-0054,POL-0104,ASE-0012,PRV-0010,,,Vida,Fallecimiento,2024-01-05,2024-01-06,1,14,585,21993.82,20510.11,10115.4,6258.6,Pago Parcial,Manta,Impacto posterior en el sector de Vía Principal durante hora pico. El conductor responsable presentó documentos y se llegó a un acuerdo inicial antes del reporte a la aseguradora.,Sí,No,2,0,Sí,49,Amarillo,Reclamo entre 11-30 días de póliza | 2 siniestros previos del asegurado | ⚠️ Proveedor en Lista Restrictiva,3,0
SIN-0055,POL-0025,ASE-0160,PRV-0039,VEH-0041,YZD-2373,Vehículos,Pérdida Total,2025-01-16,2025-01-18,2,218,147,23854.95,22677.61,0.0,23023.76,Reserva,Ambato,El vehículo sufrió daños de consideración al precipitarse en la vía Av. 12 de Noviembre. El informe del perito establece que los costos de reparación superan el valor comercial del vehículo.,Sí,No,0,0,No,18,Verde,Demora denuncia robo 24-48h,1,0
SIN-0056,POL-0191,ASE-0217,PRV-0010,,,Vehículos,Robo,2021-02-11,2021-02-18,7,8,-1038,9190.56,7937.46,7937.46,9796.6,Pago Total,Ibarra,Sustracción del vehículo en el interior de un centro comercial de Calle Central. Las cámaras del lugar presentaban fallas técnicas según indicó el personal de seguridad.,No,No,4,0,Sí,87,Rojo,Reclamo primeros 10 días de póliza | Demora denuncia robo >48h | Alta frecuencia reclamos asegurado (4 siniestros) | ⚠️ Proveedor en Lista Restrictiva | Documentos incompletos | Reporte con demora moderada (7 días) | Monto cercano a suma asegurada (>93%),7,1
SIN-0057,POL-0039,ASE-0013,PRV-0002,,,Vida,Invalidez Total,2022-04-02,2022-04-04,2,17,-549,33355.27,31019.65,0.0,42409.55,Liquidado,Quito,El vehículo asegurado fue impactado por la parte posterior mientras se encontraba detenido en el semáforo de la Av. Av. República. El conductor del vehículo causante se dio a la fuga sin identificarse.,Sí,No,5,0,No,41,Amarillo,Reclamo entre 11-30 días de póliza | Alta frecuencia reclamos asegurado (5 siniestros),2,0
SIN-0058,POL-0254,ASE-0119,PRV-0034,VEH-0004,JVS-9167,Vehículos,Robo,2024-11-26,2024-11-29,3,981,-616,14707.4,12917.77,0.0,15715.96,Negativa,Quito,El vehículo fue robado en horas de la madrugada mientras se encontraba estacionado frente al domicilio del asegurado en Calle Colón. Se realizó la denuncia en la UPC del sector.,Sí,No,6,5,No,80,Rojo,Demora denuncia robo >48h | Alta frecuencia reclamos asegurado (6 siniestros) | Alta frecuencia conductor en vehículo (5 siniestros) | Vehículo con múltiples siniestros | Proveedor con historial de casos observados | Monto cercano a suma asegurada (>93%),6,1
SIN-0059,POL-0162,ASE-0088,PRV-0033,,,Salud,Emergencia,2025-01-30,2025-01-31,1,1272,-907,18433.32,17616.71,0.0,19797.56,Cierre Sin Consecuencia,Machala,Colisión frontal en la vía Av. 24 de Mayo cuando el vehículo contrario invadió el carril. Se levantó el parte policial correspondiente y se tomaron fotografías del lugar.,Sí,No,3,3,No,96,Rojo,Alta frecuencia reclamos asegurado (3 siniestros) | Alta frecuencia conductor en vehículo (3 siniestros) | Proveedor con historial de casos observados | Monto cercano a suma asegurada (>93%),4,1
SIN-0060,POL-0121,ASE-0227,PRV-0031,VEH-0041,YZD-2373,Vehículos,Robo,2025-02-17,2025-02-19,2,1778,-1413,22779.3,24538.88,24538.88,15178.95,Pago Total,Quito,Sustracción del vehículo en el interior de un centro comercial de Av. República. Las cámaras del lugar presentaban fallas técnicas según indicó el personal de seguridad.,Sí,No,0,0,No,26,Verde,Demora denuncia robo 24-48h,1,0
SIN-0061,POL-0071,ASE-0016,PRV-0019,,,Hogar,Responsabilidad Civil,2023-10-25,2023-10-25,0,1243,-878,8737.12,7363.74,5689.85,24135.74,Pago Parcial,Quito,El vehículo asegurado impactó a un peatón en Av. Patria causando lesiones de consideración. Se levantó el parte policial y se trasladó al afectado al centro médico más cercano.,Sí,No,0,0,No,12,Verde,Ninguna,0,0
SIN-0062,POL-0174,ASE-0247,PRV-0014,VEH-0280,ULB-9932,Vehículos,Robo Parcial,2023-07-21,2023-07-21,0,30,462,2473.85,2158.69,0.0,41146.68,Cierre Sin Consecuencia,Portoviejo,Siniestro ocurrido en la autopista Vía Principal. El vehículo derrapó al esquivar un objeto en la vía causando impacto contra el guardarraíl lateral.,Sí,No,0,0,No,13,Verde,Reclamo entre 11-30 días de póliza,1,0
SIN-0063,POL-0282,ASE-0201,PRV-0053,VEH-0259,PZH-2030,Vehículos,Volcadura,2025-02-27,2025-02-27,0,1039,-674,19498.3,18871.83,18871.83,19821.76,Pago Total,Guayaquil,Volcadura del vehículo asegurado en la curva de Av. Carlos Julio Arosemena. El conductor señala que existía exceso de velocidad combinado con lluvia intensa en ese momento. No hay cámaras en el sector.,Sí,No,0,1,No,19,Verde,Dinámica de accidente sospechosa (Volcadura),1,0
SIN-0064,POL-0300,ASE-0244,PRV-0033,,,Vehículos,Robo,2023-09-01,2023-09-05,4,6,39,16678.36,16278.54,16278.54,17551.7,Pago Total,Quito,Robo del vehículo en el sector comercial de Av. Patria. El asegurado indica que dejó el auto por aproximadamente 2 horas y al regresar ya no se encontraba. No hay evidencia de forzamiento.,No,No,2,0,Sí,80,Rojo,Reclamo primeros 10 días de póliza | Demora denuncia robo >48h | 2 siniestros previos del asegurado | ⚠️ Proveedor en Lista Restrictiva | Documentos incompletos | Reporte con demora moderada (4 días) | Monto cercano a suma asegurada (>93%),7,1
SIN-0065,POL-0214,ASE-0247,PRV-0017,,,Salud,Atención Médica,2024-01-03,2024-01-03,0,1020,-655,2515.09,2111.1,2111.1,44286.09,Pago Total,Cuenca,Paciente ingresa a consulta por cuadro de insuficiencia cardíaca. Se realiza evaluación completa y se indica tratamiento farmacológico por 15 días con control posterior.,Sí,No,1,0,No,11,Verde,Ninguna,0,0
SIN-0066,POL-0221,ASE-0214,PRV-0057,,,Salud,Atención Médica,2025-02-17,2025-02-19,2,573,-208,2026.93,2181.91,2181.91,41194.94,Pago Total,Quito,Paciente ingresa a consulta por cuadro de apendicitis aguda. Se realiza evaluación completa y se indica tratamiento farmacológico por 15 días con control posterior.,Sí,No,3,0,No,48,Amarillo,Alta frecuencia reclamos asegurado (3 siniestros),1,0
SIN-0067,POL-0253,ASE-0002,PRV-0045,,,Hogar,Incendio,2023-07-30,2023-07-31,1,30,515,25545.36,23545.12,23545.12,6997.67,Pago Total,Guayaquil,Se reporta incendio en el área de bodegas del inmueble asegurado. El siniestro se originó por un cortocircuito eléctrico según informe del Cuerpo de Bomberos del Cantón Guayaquil.,Sí,No,0,0,No,26,Verde,Reclamo entre 11-30 días de póliza,1,0
SIN-0068,POL-0180,ASE-0069,PRV-0049,,,Salud,Maternidad,2023-10-06,2023-10-07,1,30,719,3093.93,2489.66,928.53,32211.05,Anticipo,Latacunga,Impacto posterior en el sector de Redondel Central durante hora pico. El conductor responsable presentó documentos y se llegó a un acuerdo inicial antes del reporte a la aseguradora.,Sí,No,1,0,No,5,Verde,Reclamo entre 11-30 días de póliza,1,0
SIN-0069,POL-0163,ASE-0147,PRV-0036,,,Salud,Cirugía,2023-11-27,2023-11-29,2,746,-381,11072.35,8927.16,6068.51,42011.72,Pago Parcial,Quito,Paciente sometido a intervención quirúrgica por diabetes descompensada. Procedimiento realizado sin complicaciones en el Hospital Hospital IESS Guayaquil. Período de recuperación estimado: 9 días.,No,No,2,0,No,56,Amarillo,2 siniestros previos del asegurado | Documentos incompletos,2,0
SIN-0070,POL-0187,ASE-0092,PRV-0017,,,Vehículos,Volcadura,2024-12-06,2024-12-16,10,132,233,10530.54,11428.91,0.0,11100.03,Negativa,Cuenca,El vehículo perdió el control en la vía Calle Gran Colombia y volcó aparatosamente. No se identificaron otros vehículos involucrados. El accidente ocurrió aproximadamente a las 14:01 según el reporte policial.,No,No,1,3,No,80,Rojo,Alta frecuencia conductor en vehículo (3 siniestros) | Vehículo con múltiples siniestros | Documentos incompletos | Dinámica de accidente sospechosa (Volcadura) | Reporte tardío (10 días) | Monto cercano a suma asegurada (>93%),6,1
SIN-0071,POL-0195,ASE-0090,PRV-0027,,,Salud,Maternidad,2023-11-03,2023-11-04,1,-50,415,10847.72,9904.63,6417.86,11166.99,Pago Parcial,Guayaquil,Impacto posterior en el sector de Av. Juan Tanca Marengo durante hora pico. El conductor responsable presentó documentos y se llegó a un acuerdo inicial antes del reporte a la aseguradora.,Sí,No,6,5,No,93,Rojo,Alta frecuencia reclamos asegurado (6 siniestros) | Alta frecuencia conductor en vehículo (5 siniestros) | Proveedor con historial de casos observados,3,1
SIN-0072,POL-0117,ASE-0013,PRV-0054,VEH-0396,FJB-4056,Vehículos,Robo,2021-07-26,2021-07-30,4,5,-311,40113.39,36494.57,24071.43,42484.18,Pago Parcial,Ambato,El vehículo fue robado en horas de la madrugada mientras se encontraba estacionado frente al domicilio del asegurado en Calle Sucre. Se realizó la denuncia en la UPC del sector.,No,No,3,2,Sí,87,Rojo,Reclamo primeros 10 días de póliza | Demora denuncia robo >48h | Alta frecuencia reclamos asegurado (3 siniestros) | 2 siniestros del mismo vehículo | ⚠️ Proveedor en Lista Restrictiva | Documentos incompletos | Reporte con demora moderada (4 días) | Monto cercano a suma asegurada (>93%),8,1
SIN-0073,POL-0090,ASE-0023,PRV-0051,VEH-0057,LPC-4397,Vehículos,Volcadura,2023-11-30,2023-12-17,17,1079,-714,5902.28,6169.86,0.0,19835.48,Reserva,Cuenca,El vehículo perdió el control en la vía Calle Gran Colombia y volcó aparatosamente. No se identificaron otros vehículos involucrados. El accidente ocurrió aproximadamente a las 00:31 según el reporte policial.,No,No,1,2,No,86,Rojo,2 siniestros del mismo vehículo | Documentos incompletos | Dinámica de accidente sospechosa (Volcadura) | Reporte tardío (17 días),4,1
SIN-0074,POL-0179,ASE-0046,PRV-0054,,,Hogar,Incendio,2025-02-03,2025-02-03,0,974,-609,22594.09,23998.25,0.0,27229.5,Reserva,Quito,Se reporta incendio en el garaje del inmueble asegurado. El siniestro se originó por un cortocircuito eléctrico según informe del Cuerpo de Bomberos del Cantón Quito.,Sí,No,1,0,Sí,10,Verde,⚠️ Proveedor en Lista Restrictiva,1,0
SIN-0075,POL-0083,ASE-0165,PRV-0018,,,Generales,Incendio Comercial,2023-11-28,2023-11-29,1,30,765,21623.04,18249.15,0.0,47957.94,Liquidado,Tulcán,Colisión frontal en la vía Av. 24 de Mayo cuando el vehículo contrario invadió el carril. Se levantó el parte policial correspondiente y se tomaron fotografías del lugar.,Sí,No,1,0,No,19,Verde,Reclamo entre 11-30 días de póliza,1,0
SIN-0076,POL-0201,ASE-0155,PRV-0041,,,Generales,Daño Equipos,2023-11-10,2023-11-12,2,164,201,6948.68,7228.09,7228.09,25687.57,Pago Total,Manta,Colisión frontal en la vía Calle Central cuando el vehículo contrario invadió el carril. Se levantó el parte policial correspondiente y se tomaron fotografías del lugar.,Sí,No,1,0,No,11,Verde,Ninguna,0,0
SIN-0077,POL-0289,ASE-0087,PRV-0053,VEH-0072,CGJ-6794,Vehículos,Volcadura,2023-05-30,2023-05-31,1,30,406,11151.23,9645.5,9645.5,32101.63,Pago Total,Guayaquil,Volcadura del vehículo asegurado en la curva de Av. Carlos Julio Arosemena. El conductor señala que existía exceso de velocidad combinado con lluvia intensa en ese momento. No hay cámaras en el sector.,Sí,No,1,1,No,10,Verde,Reclamo entre 11-30 días de póliza | Dinámica de accidente sospechosa (Volcadura),2,0
SIN-0078,POL-0096,ASE-0058,PRV-0051,VEH-0253,KHR-1934,Vehículos,Robo,2024-03-29,2024-03-29,0,88,277,36778.45,31476.68,0.0,31317.7,Reserva,Guayaquil,El vehículo fue robado en horas de la madrugada mientras se encontraba estacionado frente al domicilio del asegurado en Av. Juan Tanca Marengo. Se realizó la denuncia en la UPC del sector.,Sí,No,1,2,No,20,Verde,2 siniestros del mismo vehículo,1,0
SIN-0079,POL-0182,ASE-0240,PRV-0011,VEH-0376,TEB-2180,Vehículos,Choque,2024-12-19,2024-12-21,2,144,221,5438.09,5868.54,5868.54,32068.22,Pago Total,Guayaquil,El vehículo asegurado fue impactado por la parte posterior mientras se encontraba detenido en el semáforo de la Av. Av. del Bombero. El conductor del vehículo causante se dio a la fuga sin identificarse.,Sí,No,1,1,No,76,Rojo,Ninguna,0,1
SIN-0080,POL-0204,ASE-0090,PRV-0023,VEH-0129,BPC-3857,Vehículos,Choque,2020-04-03,2020-04-06,3,22,-1199,2766.67,2386.96,2386.96,27720.78,Pago Total,Ambato,Siniestro ocurrido en la autopista Calle Sucre. El vehículo derrapó al esquivar un objeto en la vía causando impacto contra el guardarraíl lateral.,Sí,No,2,0,No,45,Amarillo,Reclamo entre 11-30 días de póliza | 2 siniestros previos del asegurado,2,0
SIN-0081,POL-0272,ASE-0181,PRV-0029,,,Salud,Cirugía,2024-11-23,2024-11-28,5,32,333,8219.73,8063.98,8063.98,15339.15,Pago Total,Guayaquil,Paciente sometido a intervención quirúrgica por hernia inguinal. Procedimiento realizado sin complicaciones en el Hospital Clínica Santa Ana. Período de recuperación estimado: 3 días.,Sí,No,0,0,No,57,Amarillo,Reporte con demora moderada (5 días),1,1
SIN-0082,POL-0266,ASE-0075,PRV-0037,VEH-0001,AYL-8746,Vehículos,Robo Parcial,2025-01-18,2025-01-18,0,770,-405,1577.16,1431.31,495.93,29830.6,Pago Parcial,Guayaquil,Impacto posterior en el sector de Av. Carlos Julio Arosemena durante hora pico. El conductor responsable presentó documentos y se llegó a un acuerdo inicial antes del reporte a la aseguradora.,Sí,No,1,0,No,0,Verde,Ninguna,0,0
SIN-0083,POL-0299,ASE-0139,PRV-0045,VEH-0321,JKT-9432,Vehículos,Robo,2023-08-27,2023-08-29,2,30,733,23644.08,20942.31,20942.31,6120.82,Pago Total,Guayaquil,El asegurado reporta que al regresar al parqueadero ubicado en el sector de Blvd. del Malecón encontró que su vehículo había sido sustraído. No existen testigos ni cámaras de seguridad en el lugar.,Sí,No,0,0,No,21,Verde,Reclamo entre 11-30 días de póliza | Demora denuncia robo 24-48h,2,0
SIN-0084,POL-0252,ASE-0073,PRV-0002,,,Hogar,Robo Contenido,2025-04-17,2025-04-19,2,780,-415,29810.54,27610.19,27610.19,30603.36,Pago Total,Quito,Sustracción de bienes del interior del inmueble en Av. República. El asegurado reporta ausencia de 3 días del domicilio. Se presentó la denuncia en la Fiscalía del sector.,Sí,No,2,0,No,96,Rojo,2 siniestros previos del asegurado | Monto cercano a suma asegurada (>93%),2,1
SIN-0085,POL-0238,ASE-0170,PRV-0038,,,Salud,Cirugía,2023-03-08,2023-03-10,2,979,-614,6804.72,7459.81,0.0,10986.85,Negativa,Guayaquil,Cirugía de urgencia por politraumatismo en el Hospital de los Valles. El paciente evolucionó favorablemente durante el postoperatorio. Dados de alta con seguimiento ambulatorio.,No,No,1,0,No,56,Amarillo,Documentos incompletos,1,0
SIN-0086,POL-0111,ASE-0161,PRV-0048,VEH-0185,NRM-1837,Vehículos,Robo,2024-02-16,2024-02-19,3,-210,575,21447.89,18493.27,6458.27,98144.41,Pago Parcial,Quito,Sustracción del vehículo en el interior de un centro comercial de Av. Shyris. Las cámaras del lugar presentaban fallas técnicas según indicó el personal de seguridad.,No,No,2,0,No,71,Amarillo,Demora denuncia robo >48h | 2 siniestros previos del asegurado | Documentos incompletos,3,0
SIN-0087,POL-0109,ASE-0132,PRV-0008,,,Salud,Cirugía,2023-08-15,2023-08-15,0,1040,-675,3413.55,3293.83,0.0,15061.1,Liquidado,Riobamba,Cirugía de urgencia por neumonía bilateral en el Clínica Humanitaria. El paciente evolucionó favorablemente durante el postoperatorio. Dados de alta con seguimiento ambulatorio.,Sí,No,1,0,No,26,Verde,Ninguna,0,0
SIN-0088,POL-0296,ASE-0075,PRV-0028,VEH-0336,WVS-5302,Vehículos,Choque,2024-04-23,2024-04-25,2,1199,-834,4632.48,4721.64,2573.45,11628.08,Anticipo,Quito,Impacto posterior en el sector de Av. Shyris durante hora pico. El conductor responsable presentó documentos y se llegó a un acuerdo inicial antes del reporte a la aseguradora.,Sí,No,1,3,No,19,Verde,Alta frecuencia conductor en vehículo (3 siniestros) | Vehículo con múltiples siniestros,2,0
SIN-0089,POL-0263,ASE-0095,PRV-0059,,,Salud,Hospitalización,2023-05-12,2023-05-15,3,12,353,3899.17,3968.55,0.0,23638.07,Reserva,Quito,Paciente ingresa al área de hospitalización por diagnóstico de hernia inguinal. Evolución satisfactoria durante los 3 días de internación. Alta médica con indicaciones.,No,No,0,0,No,42,Amarillo,Reclamo entre 11-30 días de póliza | Documentos incompletos,2,0
SIN-0090,POL-0069,ASE-0247,PRV-0041,VEH-0051,JUH-7322,Vehículos,Choque,2023-05-21,2023-05-21,0,239,126,3515.08,3426.91,0.0,27775.78,Cierre Sin Consecuencia,Ambato,El vehículo asegurado fue impactado por la parte posterior mientras se encontraba detenido en el semáforo de la Av. Av. Cevallos. El conductor del vehículo causante se dio a la fuga sin identificarse.,Sí,No,1,0,No,0,Verde,Ninguna,0,0
SIN-0091,POL-0247,ASE-0179,PRV-0022,,,Salud,Cirugía,2023-06-11,2023-06-12,1,-162,527,6766.69,7154.02,0.0,12719.18,Negativa,Guayaquil,Paciente sometido a intervención quirúrgica por apendicitis crónica. Procedimiento realizado sin complicaciones en el Hospital Hospital IESS Quito Sur. Período de recuperación estimado: 9 días.,No,No,1,0,No,58,Amarillo,Documentos incompletos,1,0
SIN-0092,POL-0137,ASE-0077,PRV-0041,VEH-0169,WVR-7833,Vehículos,Robo Parcial,2023-10-09,2023-10-10,1,34,331,3953.84,3330.97,0.0,5904.44,Negativa,Ibarra,Siniestro ocurrido en la autopista Av. Principal. El vehículo derrapó al esquivar un objeto en la vía causando impacto contra el guardarraíl lateral.,Sí,No,1,1,No,16,Verde,Demora denuncia robo 24-48h,1,0
SIN-0093,POL-0173,ASE-0146,PRV-0009,,,Salud,Cirugía,2023-07-25,2023-07-27,2,456,-91,14132.64,11841.66,0.0,13800.43,Reserva,Guayaquil,Paciente sometido a intervención quirúrgica por fractura de tibia. Procedimiento realizado sin complicaciones en el Hospital Hospital Metropolitano. Período de recuperación estimado: 12 días.,Sí,No,0,0,No,26,Verde,Ninguna,0,0
SIN-0094,POL-0167,ASE-0062,PRV-0042,,,Vida,Invalidez Parcial,2024-07-17,2024-07-19,2,1632,-1267,13034.33,13366.94,5196.02,16330.01,Pago Parcial,Manta,Colisión frontal en la vía Av. Principal cuando el vehículo contrario invadió el carril. Se levantó el parte policial correspondiente y se tomaron fotografías del lugar.,Sí,No,0,0,No,14,Verde,Ninguna,0,0
SIN-0095,POL-0192,ASE-0248,PRV-0018,VEH-0083,DGG-3063,Vehículos,Volcadura,2023-09-15,2023-09-16,1,179,186,7266.66,7609.02,0.0,22307.49,Reserva,Guayaquil,Volcadura del vehículo asegurado en la curva de Av. Juan Tanca Marengo. El conductor señala que existía exceso de velocidad combinado con lluvia intensa en ese momento. No hay cámaras en el sector.,Sí,No,1,3,No,25,Verde,Alta frecuencia conductor en vehículo (3 siniestros) | Vehículo con múltiples siniestros | Dinámica de accidente sospechosa (Volcadura),3,0
SIN-0096,POL-0183,ASE-0088,PRV-0051,,,Salud,Cirugía,2024-05-08,2024-05-08,0,30,568,4396.67,3905.52,3905.52,34678.87,Pago Total,Ambato,Cirugía de urgencia por fractura de tibia en el Hospital Kennedy. El paciente evolucionó favorablemente durante el postoperatorio. Dados de alta con seguimiento ambulatorio.,No,No,0,0,No,26,Verde,Reclamo entre 11-30 días de póliza | Documentos incompletos,2,0
SIN-0097,POL-0027,ASE-0198,PRV-0051,VEH-0258,ZBY-7409,Vehículos,Responsabilidad Civil,2023-08-02,2023-08-08,6,-176,541,5833.33,5934.63,0.0,35937.85,Liquidado,Guayaquil,Colisión del asegurado contra un vehículo de servicio público en Av. Carlos Julio Arosemena. El conductor del bus presentó daños en la parte lateral y varios pasajeros reportaron lesiones leves.,Sí,No,1,1,No,71,Amarillo,Reporte con demora moderada (6 días),1,0
SIN-0098,POL-0133,ASE-0107,PRV-0017,,,Salud,Atención Médica,2024-02-01,2024-02-03,2,30,596,1642.29,1519.7,0.0,43788.5,Reserva,Portoviejo,Asegurado acude a emergencias por hipertensión severa. Se realizan exámenes de laboratorio e imagen. Se procede con el tratamiento indicado por el especialista.,Sí,No,1,0,No,18,Verde,Reclamo entre 11-30 días de póliza,1,0
SIN-0099,POL-0019,ASE-0124,PRV-0042,VEH-0094,YJJ-7956,Vehículos,Choque,2024-09-16,2024-09-16,0,1195,-830,2974.22,2524.31,1175.59,41242.04,Anticipo,Guayaquil,Colisión frontal en la vía Av. del Bombero cuando el vehículo contrario invadió el carril. Se levantó el parte policial correspondiente y se tomaron fotografías del lugar.,Sí,No,1,0,No,26,Verde,Ninguna,0,0
SIN-0100,POL-0074,ASE-0170,PRV-0040,,,Generales,Incendio Comercial,2024-09-01,2024-09-02,1,1309,-944,21349.06,18888.64,10647.49,61324.84,Anticipo,Esmeraldas,El vehículo asegurado fue impactado por la parte posterior mientras se encontraba detenido en el semáforo de la Av. Calle Central. El conductor del vehículo causante se dio a la fuga sin identificarse.,Sí,No,1,0,No,0,Verde,Ninguna,0,0
SIN-0101,POL-0160,ASE-0099,PRV-0002,VEH-0154,ALW-2909,Vehículos,Daño Parcial,2023-12-08,2023-12-08,0,30,419,1888.09,2052.81,1438.79,28785.89,Pago Parcial,Ambato,Colisión frontal en la vía Calle Sucre cuando el vehículo contrario invadió el carril. Se levantó el parte policial correspondiente y se tomaron fotografías del lugar.,Sí,No,1,0,No,19,Verde,Reclamo entre 11-30 días de póliza,1,0
SIN-0102,POL-0190,ASE-0187,PRV-0040,,,Salud,Emergencia,2023-06-10,2023-06-12,2,994,-629,1768.81,1693.41,0.0,7628.5,Negativa,Babahoyo,Impacto posterior en el sector de Av. Principal durante hora pico. El conductor responsable presentó documentos y se llegó a un acuerdo inicial antes del reporte a la aseguradora.,Sí,No,1,0,No,0,Verde,Ninguna,0,0
SIN-0103,POL-0165,ASE-0153,PRV-0037,,,Salud,Cirugía,2024-02-21,2024-02-22,1,1220,-855,3390.67,2904.14,1523.53,17923.86,Pago Parcial,Guayaquil,Paciente sometido a intervención quirúrgica por cálculos renales. Procedimiento realizado sin complicaciones en el Hospital Clínica Humanitaria. Período de recuperación estimado: 9 días.,Sí,No,1,0,No,11,Verde,Ninguna,0,0
SIN-0104,POL-0171,ASE-0230,PRV-0010,VEH-0202,KUC-8153,Vehículos,Volcadura,2024-11-16,2024-11-18,2,1459,-1094,46543.93,42690.6,0.0,47520.26,Reserva,Guayaquil,El vehículo perdió el control en la vía Av. Narcisa de Jesús y volcó aparatosamente. No se identificaron otros vehículos involucrados. El accidente ocurrió aproximadamente a las 12:38 según el reporte policial.,No,Sí,2,2,Sí,80,Rojo,2 siniestros previos del asegurado | 2 siniestros del mismo vehículo | ⚠️ Proveedor en Lista Restrictiva | Documentos incompletos | Dinámica de accidente sospechosa (Volcadura) | ⚠️ Documentos inconsistentes detectados | Monto cercano a suma asegurada (>93%),7,1
SIN-0105,POL-0194,ASE-0043,PRV-0019,,,Salud,Cirugía,2024-10-31,2024-11-01,1,1694,-1329,10961.8,8871.36,0.0,9961.49,Reserva,Quito,Cirugía de urgencia por colecistitis aguda en el Hospital IESS Quito Sur. El paciente evolucionó favorablemente durante el postoperatorio. Dados de alta con seguimiento ambulatorio.,Sí,No,1,0,No,26,Verde,Ninguna,0,0
SIN-0106,POL-0297,ASE-0078,PRV-0009,VEH-0056,BSA-8577,Vehículos,Pérdida Total,2024-11-30,2024-12-01,1,1320,-955,10450.33,9121.58,0.0,31531.43,Reserva,Ambato,Accidente de tránsito en la vía Av. Atahualpa con impacto severo que ocasionó daños irreparables al vehículo. Los peritos determinaron pérdida total por superar el 75% del valor asegurado.,Sí,No,1,4,No,25,Verde,Demora denuncia robo 24-48h | Alta frecuencia conductor en vehículo (4 siniestros) | Vehículo con múltiples siniestros,3,0
SIN-0107,POL-0073,ASE-0069,PRV-0020,VEH-0102,YBC-8734,Vehículos,Pérdida Total,2025-03-17,2025-03-20,3,480,-115,10029.7,10886.52,10886.52,22005.45,Pago Total,Quito,Accidente de tránsito en la vía Av. Naciones Unidas con impacto severo que ocasionó daños irreparables al vehículo. Los peritos determinaron pérdida total por superar el 75% del valor asegurado.,No,Sí,1,0,No,44,Amarillo,Demora denuncia robo >48h | Documentos incompletos | ⚠️ Documentos inconsistentes detectados,3,1
SIN-0108,POL-0235,ASE-0207,PRV-0004,,,Hogar,Terremoto,2025-04-14,2025-04-16,2,1552,-1187,6885.43,6277.22,0.0,10528.32,Reserva,Cuenca,Colisión frontal en la vía Calle Gran Colombia cuando el vehículo contrario invadió el carril. Se levantó el parte policial correspondiente y se tomaron fotografías del lugar.,Sí,No,1,0,No,0,Verde,Ninguna,0,0
SIN-0109,POL-0224,ASE-0125,PRV-0032,,,Generales,Responsabilidad Civil,2023-10-30,2023-10-30,0,30,337,16000.35,15991.44,15991.44,17610.21,Pago Total,Quito,Colisión del asegurado contra un vehículo de servicio público en Av. Eloy Alfaro. El conductor del bus presentó daños en la parte lateral y varios pasajeros reportaron lesiones leves.,Sí,No,1,0,No,5,Verde,Reclamo entre 11-30 días de póliza,1,0
SIN-0110,POL-0097,ASE-0180,PRV-0014,,,Vida,Invalidez Parcial,2023-02-06,2023-02-07,1,788,-423,6749.48,6531.2,0.0,8958.99,Reserva,Quito,Siniestro ocurrido en la autopista Av. Patria. El vehículo derrapó al esquivar un objeto en la vía causando impacto contra el guardarraíl lateral.,Sí,No,1,0,No,11,Verde,Ninguna,0,0
SIN-0111,POL-0119,ASE-0033,PRV-0034,VEH-0360,USU-8051,Vehículos,Volcadura,2024-10-18,2024-10-18,0,328,37,12992.06,10436.32,4259.87,44784.04,Pago Parcial,Santo Domingo,El vehículo perdió el control en la vía Redondel Central y volcó aparatosamente. No se identificaron otros vehículos involucrados. El accidente ocurrió aproximadamente a las 03:10 según el reporte policial.,No,Sí,0,0,No,49,Amarillo,Proveedor con historial de casos observados | Documentos incompletos | Dinámica de accidente sospechosa (Volcadura) | ⚠️ Documentos inconsistentes detectados,4,1
SIN-0112,POL-0264,ASE-0029,PRV-0055,VEH-0332,LAG-8696,Vehículos,Responsabilidad Civil,2023-04-15,2023-04-15,0,870,-505,16695.25,13868.52,13868.52,30218.68,Pago Total,Manta,El vehículo asegurado impactó a un peatón en Redondel Central causando lesiones de consideración. Se levantó el parte policial y se trasladó al afectado al centro médico más cercano.,Sí,No,1,1,No,11,Verde,Ninguna,0,0
SIN-0113,POL-0100,ASE-0145,PRV-0018,,,Hogar,Responsabilidad Civil,2024-02-12,2024-02-14,2,1310,-945,7885.84,8348.57,5166.3,22349.39,Pago Parcial,Portoviejo,Colisión del asegurado contra un vehículo de servicio público en Av. 24 de Mayo. El conductor del bus presentó daños en la parte lateral y varios pasajeros reportaron lesiones leves.,Sí,No,1,0,No,83,Rojo,Ninguna,0,1
SIN-0114,POL-0221,ASE-0214,PRV-0020,VEH-0153,XFY-8025,Vehículos,Choque,2023-03-07,2023-03-09,2,-140,505,6144.07,6640.9,0.0,41194.94,Cierre Sin Consecuencia,Machala,El asegurado indica que al intentar ingresar al parqueadero fue golpeado lateralmente por un vehículo que no respetó la preferencia de paso en la intersección de Av. Principal.,No,No,1,1,No,56,Amarillo,Documentos incompletos,1,0
SIN-0115,POL-0259,ASE-0057,PRV-0033,,,Vehículos,Robo,2022-08-28,2022-09-04,7,7,228,9344.34,8467.37,0.0,9979.5,Liquidado,Guayaquil,El vehículo fue robado en horas de la madrugada mientras se encontraba estacionado frente al domicilio del asegurado en Av. Narcisa de Jesús. Se realizó la denuncia en la UPC del sector.,No,No,3,0,Sí,99,Rojo,Reclamo primeros 10 días de póliza | Demora denuncia robo >48h | Alta frecuencia reclamos asegurado (3 siniestros) | ⚠️ Proveedor en Lista Restrictiva | Documentos incompletos | Reporte con demora moderada (7 días) | Monto cercano a suma asegurada (>93%),7,1
SIN-0116,POL-0297,ASE-0078,PRV-0053,VEH-0314,UGE-6910,Vehículos,Volcadura,2023-05-06,2023-05-08,2,746,-381,7642.77,7286.9,0.0,31531.43,Cierre Sin Consecuencia,Guayaquil,Volcadura del vehículo asegurado en la curva de Av. Carlos Julio Arosemena. El conductor señala que existía exceso de velocidad combinado con lluvia intensa en ese momento. No hay cámaras en el sector.,Sí,No,0,0,No,7,Verde,Dinámica de accidente sospechosa (Volcadura),1,0
SIN-0117,POL-0270,ASE-0019,PRV-0010,VEH-0309,EAV-7825,Vehículos,Pérdida Total,2023-12-16,2023-12-16,0,30,541,39319.0,35098.89,0.0,27417.2,Reserva,Quito,El vehículo sufrió daños de consideración al precipitarse en la vía Av. Naciones Unidas. El informe del perito establece que los costos de reparación superan el valor comercial del vehículo.,Sí,No,0,0,Sí,25,Verde,Reclamo entre 11-30 días de póliza | ⚠️ Proveedor en Lista Restrictiva,2,0
SIN-0118,POL-0158,ASE-0231,PRV-0032,,,Vida,Enfermedades Graves,2023-06-19,2023-06-20,1,30,401,28101.76,25584.61,0.0,13387.59,Liquidado,Guayaquil,Siniestro ocurrido en la autopista Av. del Bombero. El vehículo derrapó al esquivar un objeto en la vía causando impacto contra el guardarraíl lateral.,No,No,0,0,No,20,Verde,Reclamo entre 11-30 días de póliza | Documentos incompletos,2,0
SIN-0119,POL-0084,ASE-0002,PRV-0009,VEH-0368,YNN-6265,Vehículos,Robo Parcial,2025-01-26,2025-01-27,1,548,-183,1822.76,1864.42,0.0,35572.22,Cierre Sin Consecuencia,Latacunga,Impacto posterior en el sector de Vía Principal durante hora pico. El conductor responsable presentó documentos y se llegó a un acuerdo inicial antes del reporte a la aseguradora.,Sí,No,0,1,No,5,Verde,Demora denuncia robo 24-48h,1,0
SIN-0120,POL-0122,ASE-0212,PRV-0017,VEH-0203,PZC-0738,Vehículos,Pérdida Total,2025-03-29,2025-03-30,1,1797,-1432,20906.2,18068.24,8846.61,40999.09,Pago Parcial,Guayaquil,Accidente de tránsito en la vía Av. 9 de Octubre con impacto severo que ocasionó daños irreparables al vehículo. Los peritos determinaron pérdida total por superar el 75% del valor asegurado.,Sí,No,1,2,No,9,Verde,Demora denuncia robo 24-48h | 2 siniestros del mismo vehículo,2,0
SIN-0121,POL-0059,ASE-0173,PRV-0048,VEH-0004,JVS-9167,Vehículos,Robo Parcial,2024-12-28,2024-12-28,0,1074,-709,2167.78,1929.21,1929.21,30756.53,Pago Total,Cuenca,El vehículo asegurado fue impactado por la parte posterior mientras se encontraba detenido en el semáforo de la Av. Av. de Las Américas. El conductor del vehículo causante se dio a la fuga sin identificarse.,Sí,No,3,0,No,49,Amarillo,Alta frecuencia reclamos asegurado (3 siniestros),1,1
SIN-0122,POL-0119,ASE-0033,PRV-0030,,,Salud,Maternidad,2023-11-14,2023-11-16,2,30,376,2268.94,1965.71,0.0,44784.04,Cierre Sin Consecuencia,Quito,Impacto posterior en el sector de Av. Eloy Alfaro durante hora pico. El conductor responsable presentó documentos y se llegó a un acuerdo inicial antes del reporte a la aseguradora.,Sí,No,1,0,No,5,Verde,Reclamo entre 11-30 días de póliza,1,0
SIN-0123,POL-0036,ASE-0059,PRV-0044,,,Salud,Maternidad,2024-11-14,2024-11-14,0,996,-631,840.42,861.2,0.0,41845.49,Reserva,Machala,Siniestro ocurrido en la autopista Av. 24 de Mayo. El vehículo derrapó al esquivar un objeto en la vía causando impacto contra el guardarraíl lateral.,No,No,5,0,No,58,Amarillo,Alta frecuencia reclamos asegurado (5 siniestros) | Documentos incompletos,2,0
SIN-0124,POL-0177,ASE-0115,PRV-0009,,,Hogar,Incendio,2023-02-09,2023-02-09,0,946,-581,19377.19,18296.64,18296.64,37065.26,Pago Total,Quito,Se reporta incendio en la cocina del inmueble asegurado. El siniestro se originó por un cortocircuito eléctrico según informe del Cuerpo de Bomberos del Cantón Quito.,Sí,No,0,0,No,11,Verde,Ninguna,0,0
SIN-0125,POL-0207,ASE-0052,PRV-0057,,,Hogar,Terremoto,2025-03-25,2025-03-27,2,1130,-765,8879.85,8688.97,0.0,9620.12,Negativa,Quito,Siniestro ocurrido en la autopista Av. Occidental. El vehículo derrapó al esquivar un objeto en la vía causando impacto contra el guardarraíl lateral.,No,No,0,0,No,48,Amarillo,Documentos incompletos,1,0
SIN-0126,POL-0238,ASE-0170,PRV-0026,,,Vehículos,Volcadura,2024-02-19,2024-03-10,20,1327,-962,16881.5,14425.64,14425.64,10986.85,Pago Total,Cuenca,El vehículo perdió el control en la vía Calle Gran Colombia y volcó aparatosamente. No se identificaron otros vehículos involucrados. El accidente ocurrió aproximadamente a las 09:12 según el reporte policial.,No,No,1,2,No,83,Rojo,2 siniestros del mismo vehículo | Documentos incompletos | Dinámica de accidente sospechosa (Volcadura) | Reporte tardío (20 días),4,1
SIN-0127,POL-0040,ASE-0094,PRV-0036,VEH-0279,SET-5071,Vehículos,Daño Parcial,2024-02-20,2024-02-20,0,698,-333,3369.0,3147.82,1983.51,11378.23,Pago Parcial,Quito,El vehículo asegurado fue impactado por la parte posterior mientras se encontraba detenido en el semáforo de la Av. Av. Shyris. El conductor del vehículo causante se dio a la fuga sin identificarse.,No,No,0,2,No,26,Verde,2 siniestros del mismo vehículo | Documentos incompletos,2,0
SIN-0128,POL-0052,ASE-0003,PRV-0011,VEH-0379,NMC-4835,Vehículos,Responsabilidad Civil,2020-12-15,2020-12-15,0,26,-1054,11427.06,9475.26,0.0,39397.26,Liquidado,Ambato,Colisión del asegurado contra un vehículo de servicio público en Av. 12 de Noviembre. El conductor del bus presentó daños en la parte lateral y varios pasajeros reportaron lesiones leves.,Sí,No,2,3,No,56,Amarillo,Reclamo entre 11-30 días de póliza | 2 siniestros previos del asegurado | Alta frecuencia conductor en vehículo (3 siniestros) | Vehículo con múltiples siniestros,4,0
SIN-0129,POL-0230,ASE-0146,PRV-0045,,,Salud,Atención Médica,2024-10-04,2024-10-04,0,1590,-1225,356.47,315.43,152.12,36971.29,Anticipo,Guayaquil,Paciente ingresa a consulta por cuadro de cálculos renales. Se realiza evaluación completa y se indica tratamiento farmacológico por 15 días con control posterior.,Sí,No,1,0,No,26,Verde,Ninguna,0,0
SIN-0130,POL-0207,ASE-0052,PRV-0046,,,Vida,Enfermedades Graves,2022-03-13,2022-03-15,2,22,-389,27683.59,28455.95,9488.59,9620.12,Pago Parcial,Quito,El vehículo asegurado fue impactado por la parte posterior mientras se encontraba detenido en el semáforo de la Av. Av. República. El conductor del vehículo causante se dio a la fuga sin identificarse.,Sí,No,0,0,No,48,Amarillo,Reclamo entre 11-30 días de póliza,1,0
SIN-0131,POL-0229,ASE-0188,PRV-0001,VEH-0147,VJA-1089,Vehículos,Robo,2025-02-15,2025-02-16,1,1306,-941,14064.0,11324.83,11324.83,24768.85,Pago Total,Quito,Sustracción del vehículo en el interior de un centro comercial de Av. Occidental. Las cámaras del lugar presentaban fallas técnicas según indicó el personal de seguridad.,Sí,No,1,0,No,5,Verde,Demora denuncia robo 24-48h,1,0
SIN-0132,POL-0278,ASE-0240,PRV-0041,VEH-0329,YJS-4721,Vehículos,Robo Parcial,2024-06-07,2024-06-07,0,1067,-702,4022.4,3663.77,3663.77,8990.36,Pago Total,Cuenca,Colisión frontal en la vía Av. Huayna Cápac cuando el vehículo contrario invadió el carril. Se levantó el parte policial correspondiente y se tomaron fotografías del lugar.,No,No,2,0,No,48,Amarillo,2 siniestros previos del asegurado | Documentos incompletos,2,0
SIN-0133,POL-0026,ASE-0052,PRV-0021,,,Vida,Invalidez Total,2024-09-07,2024-09-07,0,63,302,14984.03,14457.11,14457.11,17434.19,Pago Total,Guayaquil,Colisión frontal en la vía Av. 9 de Octubre cuando el vehículo contrario invadió el carril. Se levantó el parte policial correspondiente y se tomaron fotografías del lugar.,No,No,0,0,No,48,Amarillo,Documentos incompletos,1,1
SIN-0134,POL-0201,ASE-0155,PRV-0033,,,Vehículos,Robo,2023-06-04,2023-06-11,7,5,-269,30893.23,29927.22,29927.22,25687.57,Pago Total,Cuenca,Sustracción del vehículo en el interior de un centro comercial de Calle Gran Colombia. Las cámaras del lugar presentaban fallas técnicas según indicó el personal de seguridad.,No,No,2,0,Sí,100,Rojo,Reclamo primeros 10 días de póliza | Demora denuncia robo >48h | 2 siniestros previos del asegurado | ⚠️ Proveedor en Lista Restrictiva | Documentos incompletos | Reporte con demora moderada (7 días),6,1
SIN-0135,POL-0029,ASE-0176,PRV-0037,,,Hogar,Daño por Agua,2024-07-15,2024-07-15,0,1282,-917,1381.03,1296.73,0.0,16184.87,Negativa,Cuenca,El vehículo asegurado fue impactado por la parte posterior mientras se encontraba detenido en el semáforo de la Av. Av. de Las Américas. El conductor del vehículo causante se dio a la fuga sin identificarse.,Sí,No,1,0,No,0,Verde,Ninguna,0,0
SIN-0136,POL-0210,ASE-0247,PRV-0017,,,Vida,Fallecimiento,2025-04-08,2025-04-09,1,1550,-1185,24114.26,22602.72,22602.72,22652.17,Pago Total,Manta,Impacto posterior en el sector de Redondel Central durante hora pico. El conductor responsable presentó documentos y se llegó a un acuerdo inicial antes del reporte a la aseguradora.,Sí,No,1,0,No,0,Verde,Ninguna,0,0
SIN-0137,POL-0082,ASE-0025,PRV-0019,VEH-0376,TEB-2180,Vehículos,Volcadura,2023-12-19,2023-12-22,3,1306,-941,5357.81,5782.28,0.0,5609.33,Reserva,Quito,Volcadura del vehículo asegurado en la curva de Av. 6 de Diciembre. El conductor señala que existía exceso de velocidad combinado con lluvia intensa en ese momento. No hay cámaras en el sector.,Sí,No,2,1,No,56,Amarillo,2 siniestros previos del asegurado | Dinámica de accidente sospechosa (Volcadura),2,1
SIN-0138,POL-0133,ASE-0107,PRV-0045,VEH-0358,MEJ-8080,Vehículos,Volcadura,2023-12-10,2023-12-15,5,-284,649,4629.24,4798.11,0.0,43788.5,Reserva,Cuenca,El vehículo perdió el control en la vía Av. Huayna Cápac y volcó aparatosamente. No se identificaron otros vehículos involucrados. El accidente ocurrió aproximadamente a las 13:30 según el reporte policial.,Sí,No,1,1,No,42,Amarillo,Dinámica de accidente sospechosa (Volcadura) | Reporte con demora moderada (5 días),2,0
SIN-0139,POL-0246,ASE-0240,PRV-0013,VEH-0228,WYM-3061,Vehículos,Pérdida Total,2024-11-18,2024-11-19,1,1358,-993,40220.44,33103.32,33103.32,42628.18,Pago Total,Guayaquil,Accidente de tránsito en la vía Av. Juan Tanca Marengo con impacto severo que ocasionó daños irreparables al vehículo. Los peritos determinaron pérdida total por superar el 75% del valor asegurado.,Sí,No,1,3,No,36,Verde,Demora denuncia robo 24-48h | Alta frecuencia conductor en vehículo (3 siniestros) | Vehículo con múltiples siniestros,3,0
SIN-0140,POL-0198,ASE-0248,PRV-0043,VEH-0104,NLJ-1658,Vehículos,Robo Parcial,2024-08-26,2024-08-28,2,439,-74,4881.0,5077.18,1872.07,19089.96,Pago Parcial,Quito,Colisión frontal en la vía Av. Naciones Unidas cuando el vehículo contrario invadió el carril. Se levantó el parte policial correspondiente y se tomaron fotografías del lugar.,Sí,No,1,1,No,19,Verde,Demora denuncia robo 24-48h,1,0
SIN-0141,POL-0267,ASE-0086,PRV-0003,VEH-0065,FWE-1788,Vehículos,Robo,2023-10-18,2023-10-20,2,134,231,37594.45,32101.32,32101.32,20738.84,Pago Total,Manta,Sustracción del vehículo en el interior de un centro comercial de Vía Principal. Las cámaras del lugar presentaban fallas técnicas según indicó el personal de seguridad.,Sí,No,0,4,No,10,Verde,Demora denuncia robo 24-48h | Alta frecuencia conductor en vehículo (4 siniestros) | Vehículo con múltiples siniestros,3,0
SIN-0142,POL-0091,ASE-0043,PRV-0015,VEH-0014,SLD-6987,Vehículos,Robo Parcial,2022-04-15,2022-04-15,0,26,-244,3998.26,3928.25,0.0,6857.05,Reserva,Babahoyo,Impacto posterior en el sector de Av. Principal durante hora pico. El conductor responsable presentó documentos y se llegó a un acuerdo inicial antes del reporte a la aseguradora.,Sí,No,2,0,No,42,Amarillo,Reclamo entre 11-30 días de póliza | 2 siniestros previos del asegurado,2,0
SIN-0143,POL-0125,ASE-0006,PRV-0006,VEH-0013,GZN-4984,Vehículos,Robo Parcial,2023-04-05,2023-04-05,0,30,509,1492.46,1427.98,0.0,14799.76,Reserva,Quito,Siniestro ocurrido en la autopista Calle Colón. El vehículo derrapó al esquivar un objeto en la vía causando impacto contra el guardarraíl lateral.,Sí,No,0,2,No,9,Verde,Reclamo entre 11-30 días de póliza | 2 siniestros del mismo vehículo,2,0
SIN-0144,POL-0151,ASE-0094,PRV-0026,VEH-0215,CYB-3682,Vehículos,Responsabilidad Civil,2023-05-17,2023-05-19,2,-133,498,10051.81,10041.77,3429.28,7016.11,Pago Parcial,Cuenca,Colisión del asegurado contra un vehículo de servicio público en Av. Solano. El conductor del bus presentó daños en la parte lateral y varios pasajeros reportaron lesiones leves.,No,Sí,5,3,No,41,Amarillo,Alta frecuencia reclamos asegurado (5 siniestros) | Alta frecuencia conductor en vehículo (3 siniestros) | Vehículo con múltiples siniestros | Documentos incompletos | ⚠️ Documentos inconsistentes detectados,5,0
SIN-0145,POL-0067,ASE-0195,PRV-0034,,,Vida,Invalidez Total,2024-04-08,2024-04-11,3,23,183,25540.29,23653.21,0.0,14745.24,Reserva,Portoviejo,Colisión frontal en la vía Calle Central cuando el vehículo contrario invadió el carril. Se levantó el parte policial correspondiente y se tomaron fotografías del lugar.,Sí,No,1,0,No,41,Amarillo,Reclamo entre 11-30 días de póliza | Proveedor con historial de casos observados,2,0
SIN-0146,POL-0249,ASE-0173,PRV-0037,VEH-0391,LUP-9946,Vehículos,Daño Parcial,2025-02-28,2025-03-01,1,401,-36,3545.22,3193.58,1877.17,36425.51,Pago Parcial,Portoviejo,Siniestro ocurrido en la autopista Calle Central. El vehículo derrapó al esquivar un objeto en la vía causando impacto contra el guardarraíl lateral.,Sí,No,0,0,No,11,Verde,Ninguna,0,0
SIN-0147,POL-0119,ASE-0033,PRV-0060,,,Hogar,Responsabilidad Civil,2023-12-15,2023-12-17,2,30,345,1963.75,2037.24,0.0,44784.04,Cierre Sin Consecuencia,Cuenca,El vehículo asegurado impactó a un peatón en Av. Solano causando lesiones de consideración. Se levantó el parte policial y se trasladó al afectado al centro médico más cercano.,Sí,No,1,0,No,16,Verde,Reclamo entre 11-30 días de póliza,1,0
SIN-0148,POL-0067,ASE-0195,PRV-0017,,,Salud,Emergencia,2023-09-29,2023-10-01,2,30,534,610.52,556.9,0.0,14745.24,Liquidado,Loja,Colisión frontal en la vía Av. 24 de Mayo cuando el vehículo contrario invadió el carril. Se levantó el parte policial correspondiente y se tomaron fotografías del lugar.,Sí,No,0,0,No,13,Verde,Reclamo entre 11-30 días de póliza,1,0
SIN-0149,POL-0181,ASE-0029,PRV-0010,VEH-0223,SWC-5577,Vehículos,Choque,2024-06-26,2024-06-29,3,620,-255,7994.39,8189.43,8189.43,16147.81,Pago Total,Santo Domingo,El vehículo asegurado fue impactado por la parte posterior mientras se encontraba detenido en el semáforo de la Av. Redondel Central. El conductor del vehículo causante se dio a la fuga sin identificarse.,No,No,0,0,Sí,49,Amarillo,⚠️ Proveedor en Lista Restrictiva | Documentos incompletos,2,0
SIN-0150,POL-0161,ASE-0017,PRV-0035,VEH-0086,NYD-0313,Vehículos,Robo Parcial,2024-01-25,2024-01-25,0,603,-238,3712.06,3698.23,3698.23,13344.87,Pago Total,Latacunga,El vehículo asegurado fue impactado por la parte posterior mientras se encontraba detenido en el semáforo de la Av. Calle Central. El conductor del vehículo causante se dio a la fuga sin identificarse.,Sí,No,1,0,No,26,Verde,Ninguna,0,0
SIN-0151,POL-0017,ASE-0211,PRV-0037,,,Salud,Hospitalización,2024-08-01,2024-08-02,1,508,-143,7155.39,7458.56,7458.56,10446.57,Pago Total,Guayaquil,Ingreso hospitalario de emergencia por fractura de tibia severo. Requirió atención en UCI durante las primeras 48 horas. Posteriormente trasladado a sala general con mejoría progresiva.,Sí,No,0,0,No,11,Verde,Ninguna,0,0
SIN-0152,POL-0186,ASE-0016,PRV-0027,VEH-0017,ZFY-5578,Vehículos,Volcadura,2024-08-05,2024-08-06,1,356,9,7566.84,6190.92,0.0,25685.37,Reserva,Loja,El vehículo perdió el control en la vía Av. Principal y volcó aparatosamente. No se identificaron otros vehículos involucrados. El accidente ocurrió aproximadamente a las 14:29 según el reporte policial.,Sí,No,1,0,No,76,Rojo,Proveedor con historial de casos observados | Dinámica de accidente sospechosa (Volcadura),2,1
SIN-0153,POL-0019,ASE-0124,PRV-0018,,,Hogar,Incendio,2023-07-12,2023-07-13,1,763,-398,12635.88,10504.74,0.0,41242.04,Cierre Sin Consecuencia,Cuenca,Incendio de proporciones medianas afectó la cocina de la propiedad asegurada. Las llamas fueron controladas por los bomberos de Cuenca luego de 4 horas de trabajo.,Sí,No,1,0,No,0,Verde,Ninguna,0,1
SIN-0154,POL-0174,ASE-0247,PRV-0008,VEH-0073,TNP-3829,Vehículos,Volcadura,2023-05-05,2023-05-07,2,-174,539,5517.41,4703.57,4703.57,41146.68,Pago Total,Quito,Colisión del asegurado contra un vehículo de servicio público en Av. República. El conductor del bus presentó daños en la parte lateral y varios pasajeros reportaron lesiones leves.,Sí,No,2,3,No,49,Amarillo,2 siniestros previos del asegurado | Alta frecuencia conductor en vehículo (3 siniestros) | Vehículo con múltiples siniestros | Dinámica de accidente sospechosa (Volcadura) | ⚠️ Narrativa similar a otro reclamo (>85% similitud),5,1
SIN-0155,POL-0132,ASE-0015,PRV-0035,,,Salud,Atención Médica,2022-02-04,2022-02-07,3,14,-725,930.13,991.56,991.56,46527.65,Pago Total,Quito,Paciente ingresa a consulta por cuadro de neumonía bilateral. Se realiza evaluación completa y se indica tratamiento farmacológico por 15 días con control posterior.,Sí,No,5,0,No,45,Amarillo,Reclamo entre 11-30 días de póliza | Alta frecuencia reclamos asegurado (5 siniestros),2,1
SIN-0156,POL-0023,ASE-0220,PRV-0044,,,Salud,Atención Médica,2023-06-26,2023-06-28,2,428,-63,1489.99,1501.68,0.0,13615.34,Reserva,Cuenca,Asegurado acude a emergencias por cálculos renales. Se realizan exámenes de laboratorio e imagen. Se procede con el tratamiento indicado por el especialista.,Sí,No,1,0,No,15,Verde,Ninguna,0,0
SIN-0157,POL-0042,ASE-0084,PRV-0037,VEH-0103,TVJ-8827,Vehículos,Volcadura,2024-02-06,2024-02-06,0,1278,-913,15924.11,15328.08,15328.08,6487.68,Pago Total,Guayaquil,El vehículo perdió el control en la vía Av. Carlos Julio Arosemena y volcó aparatosamente. No se identificaron otros vehículos involucrados. El accidente ocurrió aproximadamente a las 00:01 según el reporte policial.,Sí,No,1,1,No,7,Verde,Dinámica de accidente sospechosa (Volcadura),1,0
SIN-0158,POL-0105,ASE-0061,PRV-0056,,,Salud,Maternidad,2024-09-21,2024-09-23,2,745,-380,1551.53,1509.04,751.45,26399.12,Pago Parcial,Quito,Colisión frontal en la vía Av. 6 de Diciembre cuando el vehículo contrario invadió el carril. Se levantó el parte policial correspondiente y se tomaron fotografías del lugar.,Sí,No,0,0,No,0,Verde,Ninguna,0,0
SIN-0159,POL-0053,ASE-0013,PRV-0039,,,Vida,Enfermedades Graves,2023-09-16,2023-09-18,2,1193,-828,15587.04,12507.79,0.0,17780.3,Negativa,Quito,Siniestro ocurrido en la autopista Av. República. El vehículo derrapó al esquivar un objeto en la vía causando impacto contra el guardarraíl lateral.,Sí,No,0,0,No,0,Verde,Ninguna,0,0
SIN-0160,POL-0203,ASE-0091,PRV-0013,VEH-0174,MST-6972,Vehículos,Robo,2024-01-09,2024-01-10,1,1008,-643,35387.27,37694.83,29087.13,10168.11,Pago Parcial,Latacunga,El vehículo fue robado en horas de la madrugada mientras se encontraba estacionado frente al domicilio del asegurado en Av. 24 de Mayo. Se realizó la denuncia en la UPC del sector.,Sí,No,0,3,No,24,Verde,Demora denuncia robo 24-48h | Alta frecuencia conductor en vehículo (3 siniestros) | Vehículo con múltiples siniestros,3,0
SIN-0161,POL-0152,ASE-0067,PRV-0020,,,Vida,Enfermedades Graves,2024-09-05,2024-09-07,2,1295,-930,22819.9,20138.78,11964.76,42974.55,Pago Parcial,Portoviejo,El vehículo asegurado fue impactado por la parte posterior mientras se encontraba detenido en el semáforo de la Av. Redondel Central. El conductor del vehículo causante se dio a la fuga sin identificarse.,Sí,No,1,0,No,13,Verde,Ninguna,0,0
SIN-0162,POL-0209,ASE-0142,PRV-0039,,,Salud,Cirugía,2024-02-25,2024-02-26,1,1061,-696,9461.46,10100.02,0.0,27323.71,Reserva,Cuenca,Paciente sometido a intervención quirúrgica por insuficiencia cardíaca. Procedimiento realizado sin complicaciones en el Hospital Hospital Metropolitano. Período de recuperación estimado: 4 días.,No,No,2,0,No,56,Amarillo,2 siniestros previos del asegurado | Documentos incompletos,2,1
SIN-0163,POL-0065,ASE-0158,PRV-0054,,,Generales,Daño Equipos,2023-03-04,2023-03-04,0,966,-601,40688.28,42432.8,0.0,43216.47,Reserva,Manta,Siniestro ocurrido en la autopista Calle Central. El vehículo derrapó al esquivar un objeto en la vía causando impacto contra el guardarraíl lateral.,Sí,No,2,0,Sí,95,Rojo,2 siniestros previos del asegurado | ⚠️ Proveedor en Lista Restrictiva | Monto cercano a suma asegurada (>93%),3,1
SIN-0164,POL-0107,ASE-0131,PRV-0024,VEH-0237,KNT-1885,Vehículos,Pérdida Total,2024-12-29,2025-01-05,7,633,-268,40224.01,40371.59,0.0,21785.72,Liquidado,Quito,Accidente de tránsito en la vía Av. Occidental con impacto severo que ocasionó daños irreparables al vehículo. Los peritos determinaron pérdida total por superar el 75% del valor asegurado.,Sí,No,4,0,No,56,Amarillo,Demora denuncia robo >48h | Alta frecuencia reclamos asegurado (4 siniestros) | Reporte con demora moderada (7 días),3,0
SIN-0165,POL-0196,ASE-0185,PRV-0058,VEH-0349,YXC-6927,Vehículos,Choque,2023-12-17,2023-12-19,2,1392,-1027,5825.55,4805.46,1717.31,26032.66,Pago Parcial,Quito,Siniestro ocurrido en la autopista Av. 10 de Agosto. El vehículo derrapó al esquivar un objeto en la vía causando impacto contra el guardarraíl lateral.,Sí,No,0,2,No,5,Verde,2 siniestros del mismo vehículo,1,0
SIN-0166,POL-0166,ASE-0102,PRV-0059,,,Generales,Daño Equipos,2023-08-05,2023-08-05,0,694,-329,2398.51,2103.85,0.0,38769.58,Cierre Sin Consecuencia,Cuenca,Siniestro ocurrido en la autopista Av. de Las Américas. El vehículo derrapó al esquivar un objeto en la vía causando impacto contra el guardarraíl lateral.,Sí,No,1,0,No,12,Verde,Ninguna,0,0
SIN-0167,POL-0250,ASE-0032,PRV-0047,,,Vida,Fallecimiento,2023-11-25,2023-12-03,8,1128,-763,11389.59,11310.86,3772.02,6827.23,Pago Parcial,Guayaquil,El asegurado indica que al intentar ingresar al parqueadero fue golpeado lateralmente por un vehículo que no respetó la preferencia de paso en la intersección de Av. Carlos Julio Arosemena.,Sí,No,6,0,No,44,Amarillo,Alta frecuencia reclamos asegurado (6 siniestros) | Reporte tardío (8 días),2,0
SIN-0168,POL-0156,ASE-0173,PRV-0001,VEH-0131,RME-4689,Vehículos,Choque,2024-07-31,2024-07-31,0,1123,-758,3148.45,3385.66,3385.66,28973.94,Pago Total,Santo Domingo,El asegurado indica que al intentar ingresar al parqueadero fue golpeado lateralmente por un vehículo que no respetó la preferencia de paso en la intersección de Calle Central.,Sí,No,0,3,No,23,Verde,Alta frecuencia conductor en vehículo (3 siniestros) | Vehículo con múltiples siniestros,2,0
SIN-0169,POL-0190,ASE-0187,PRV-0016,,,Salud,Atención Médica,2024-01-23,2024-01-31,8,1221,-856,2429.22,2041.96,0.0,7628.5,Reserva,Cuenca,Asegurado acude a emergencias por apendicitis aguda. Se realizan exámenes de laboratorio e imagen. Se procede con el tratamiento indicado por el especialista.,Sí,No,0,0,No,49,Amarillo,Reporte tardío (8 días),1,0
SIN-0170,POL-0202,ASE-0177,PRV-0032,VEH-0180,MLP-1687,Vehículos,Robo Parcial,2023-04-25,2023-04-27,2,30,575,1575.39,1278.07,0.0,38132.22,Reserva,Cuenca,El vehículo asegurado fue impactado por la parte posterior mientras se encontraba detenido en el semáforo de la Av. Av. de Las Américas. El conductor del vehículo causante se dio a la fuga sin identificarse.,Sí,No,1,0,No,9,Verde,Reclamo entre 11-30 días de póliza | Demora denuncia robo 24-48h,2,0
SIN-0171,POL-0208,ASE-0102,PRV-0002,VEH-0259,PZH-2030,Vehículos,Choque,2024-09-21,2024-09-23,2,1521,-1156,7587.32,8315.13,4073.84,13855.52,Pago Parcial,Cuenca,El asegurado indica que al intentar ingresar al parqueadero fue golpeado lateralmente por un vehículo que no respetó la preferencia de paso en la intersección de Av. de Las Américas.,Sí,No,2,1,No,71,Amarillo,2 siniestros previos del asegurado,1,0
SIN-0172,POL-0120,ASE-0011,PRV-0032,,,Salud,Cirugía,2024-07-23,2024-07-23,0,75,290,2223.52,1827.37,1827.37,23982.6,Pago Total,Guayaquil,Cirugía de urgencia por insuficiencia cardíaca en el Hospital Kennedy. El paciente evolucionó favorablemente durante el postoperatorio. Dados de alta con seguimiento ambulatorio.,No,No,2,0,No,49,Amarillo,2 siniestros previos del asegurado | Documentos incompletos,2,0
SIN-0173,POL-0281,ASE-0231,PRV-0059,,,Hogar,Robo Contenido,2024-03-28,2024-03-29,1,30,561,5565.44,5925.81,5925.81,17964.3,Pago Total,Santo Domingo,Sustracción de bienes del interior del inmueble en Redondel Central. El asegurado reporta ausencia de 3 días del domicilio. Se presentó la denuncia en la Fiscalía del sector.,Sí,No,0,0,No,20,Verde,Reclamo entre 11-30 días de póliza,1,0
SIN-0174,POL-0197,ASE-0220,PRV-0033,,,Vehículos,Robo,2022-09-21,2022-09-27,6,2,219,79134.92,80162.37,80162.37,80568.37,Pago Total,Quito,Robo del vehículo en el sector comercial de Av. Eloy Alfaro. El asegurado indica que dejó el auto por aproximadamente 2 horas y al regresar ya no se encontraba. No hay evidencia de forzamiento.,No,No,2,0,Sí,80,Rojo,Reclamo primeros 10 días de póliza | Demora denuncia robo >48h | 2 siniestros previos del asegurado | ⚠️ Proveedor en Lista Restrictiva | Documentos incompletos | Reporte con demora moderada (6 días) | Monto cercano a suma asegurada (>93%),7,1
SIN-0175,POL-0023,ASE-0220,PRV-0027,,,Vida,Fallecimiento,2025-02-06,2025-02-09,3,1019,-654,13250.98,11627.88,0.0,13615.34,Reserva,Quito,Siniestro ocurrido en la autopista Av. Shyris. El vehículo derrapó al esquivar un objeto en la vía causando impacto contra el guardarraíl lateral.,Sí,No,6,5,No,83,Rojo,Alta frecuencia reclamos asegurado (6 siniestros) | Alta frecuencia conductor en vehículo (5 siniestros) | Proveedor con historial de casos observados,3,1
SIN-0176,POL-0142,ASE-0066,PRV-0025,,,Generales,Daño Equipos,2021-04-05,2021-04-05,0,17,-365,5123.77,4377.6,0.0,36433.22,Reserva,Quito,Siniestro ocurrido en la autopista Av. República. El vehículo derrapó al esquivar un objeto en la vía causando impacto contra el guardarraíl lateral.,Sí,No,0,0,No,46,Amarillo,Reclamo entre 11-30 días de póliza,1,0
SIN-0177,POL-0223,ASE-0176,PRV-0025,,,Generales,Robo Equipos,2024-12-15,2024-12-15,0,186,179,6611.4,6216.45,6216.45,24671.05,Pago Total,Guayaquil,Siniestro ocurrido en la autopista Av. Juan Tanca Marengo. El vehículo derrapó al esquivar un objeto en la vía causando impacto contra el guardarraíl lateral.,Sí,No,3,0,No,56,Amarillo,Alta frecuencia reclamos asegurado (3 siniestros),1,0
SIN-0178,POL-0104,ASE-0012,PRV-0005,,,Generales,Daño Equipos,2024-02-06,2024-02-08,2,46,319,7908.0,8447.96,0.0,6258.6,Reserva,Santo Domingo,Siniestro ocurrido en la autopista Vía Principal. El vehículo derrapó al esquivar un objeto en la vía causando impacto contra el guardarraíl lateral.,No,No,0,0,No,26,Verde,Documentos incompletos,1,0
SIN-0179,POL-0007,ASE-0185,PRV-0030,VEH-0303,DYE-0421,Vehículos,Volcadura,2024-05-08,2024-05-08,0,30,589,4950.87,5342.82,1996.27,41076.99,Pago Parcial,Quito,El vehículo perdió el control en la vía Av. Occidental y volcó aparatosamente. No se identificaron otros vehículos involucrados. El accidente ocurrió aproximadamente a las 15:39 según el reporte policial.,Sí,No,1,0,No,10,Verde,Reclamo entre 11-30 días de póliza | Dinámica de accidente sospechosa (Volcadura),2,0
SIN-0180,POL-0190,ASE-0187,PRV-0023,VEH-0072,CGJ-6794,Vehículos,Responsabilidad Civil,2020-10-12,2020-10-13,1,23,-662,9010.24,7534.0,7534.0,7628.5,Pago Total,Ambato,El vehículo asegurado impactó a un peatón en Av. Cevallos causando lesiones de consideración. Se levantó el parte policial y se trasladó al afectado al centro médico más cercano.,Sí,No,0,1,No,44,Amarillo,Reclamo entre 11-30 días de póliza,1,0
SIN-0181,POL-0002,ASE-0094,PRV-0032,,,Hogar,Terremoto,2023-09-05,2023-09-06,1,326,39,18369.27,15867.57,10175.97,34067.66,Pago Parcial,Riobamba,Colisión frontal en la vía Redondel Central cuando el vehículo contrario invadió el carril. Se levantó el parte policial correspondiente y se tomaron fotografías del lugar.,Sí,No,2,0,No,58,Amarillo,2 siniestros previos del asegurado,1,1
SIN-0182,POL-0245,ASE-0122,PRV-0030,,,Generales,Daño Equipos,2025-04-30,2025-05-02,2,618,-253,2053.84,1803.06,851.57,26787.86,Anticipo,Loja,Siniestro ocurrido en la autopista Vía Principal. El vehículo derrapó al esquivar un objeto en la vía causando impacto contra el guardarraíl lateral.,Sí,No,2,0,No,71,Amarillo,2 siniestros previos del asegurado,1,0
SIN-0183,POL-0199,ASE-0055,PRV-0015,,,Generales,Incendio Comercial,2024-09-02,2024-09-04,2,1226,-861,24700.88,22134.84,14875.71,10934.34,Pago Parcial,Guayaquil,Impacto posterior en el sector de Blvd. del Malecón durante hora pico. El conductor responsable presentó documentos y se llegó a un acuerdo inicial antes del reporte a la aseguradora.,Sí,No,1,0,No,0,Verde,Ninguna,0,0
SIN-0184,POL-0268,ASE-0112,PRV-0033,,,Salud,Emergencia,2023-05-13,2023-05-15,2,721,-356,1844.89,1645.22,516.74,12463.43,Anticipo,Portoviejo,Impacto posterior en el sector de Vía Principal durante hora pico. El conductor responsable presentó documentos y se llegó a un acuerdo inicial antes del reporte a la aseguradora.,Sí,No,0,0,Sí,25,Verde,⚠️ Proveedor en Lista Restrictiva,1,0
SIN-0185,POL-0219,ASE-0104,PRV-0049,VEH-0231,UEJ-8196,Vehículos,Choque,2025-02-21,2025-02-21,0,1761,-1396,3775.92,3598.4,0.0,20081.08,Reserva,Guayaquil,El asegurado indica que al intentar ingresar al parqueadero fue golpeado lateralmente por un vehículo que no respetó la preferencia de paso en la intersección de Av. Carlos Julio Arosemena.,Sí,No,0,2,No,5,Verde,2 siniestros del mismo vehículo,1,0
SIN-0186,POL-0030,ASE-0226,PRV-0059,,,Salud,Atención Médica,2023-08-04,2023-08-04,0,30,658,1885.83,1658.04,0.0,36626.71,Reserva,Guayaquil,Paciente ingresa a consulta por cuadro de hipertensión severa. Se realiza evaluación completa y se indica tratamiento farmacológico por 15 días con control posterior.,Sí,No,0,0,No,5,Verde,Reclamo entre 11-30 días de póliza,1,0
SIN-0187,POL-0206,ASE-0202,PRV-0013,,,Salud,Maternidad,2024-09-03,2024-09-03,0,1460,-1095,939.87,866.34,0.0,78804.21,Cierre Sin Consecuencia,Tulcán,El vehículo asegurado fue impactado por la parte posterior mientras se encontraba detenido en el semáforo de la Av. Av. Principal. El conductor del vehículo causante se dio a la fuga sin identificarse.,Sí,No,0,0,No,0,Verde,Ninguna,0,0
SIN-0188,POL-0143,ASE-0190,PRV-0035,VEH-0046,ZVC-4949,Vehículos,Robo,2024-01-12,2024-01-14,2,769,-404,37229.76,31946.99,0.0,42633.53,Reserva,Riobamba,El asegurado reporta que al regresar al parqueadero ubicado en el sector de Redondel Central encontró que su vehículo había sido sustraído. No existen testigos ni cámaras de seguridad en el lugar.,Sí,No,1,0,No,5,Verde,Demora denuncia robo 24-48h,1,0
SIN-0189,POL-0062,ASE-0053,PRV-0029,,,Hogar,Daño por Agua,2024-05-31,2024-06-01,1,199,166,1921.97,1623.35,0.0,36404.18,Reserva,Ambato,Siniestro ocurrido en la autopista Calle Sucre. El vehículo derrapó al esquivar un objeto en la vía causando impacto contra el guardarraíl lateral.,Sí,No,1,0,No,0,Verde,Ninguna,0,0
SIN-0190,POL-0245,ASE-0122,PRV-0024,,,Hogar,Terremoto,2023-09-12,2023-09-12,0,22,343,21104.2,22751.46,22751.46,26787.86,Pago Total,Quito,El vehículo asegurado fue impactado por la parte posterior mientras se encontraba detenido en el semáforo de la Av. Av. Occidental. El conductor del vehículo causante se dio a la fuga sin identificarse.,Sí,No,3,0,No,56,Amarillo,Reclamo entre 11-30 días de póliza | Alta frecuencia reclamos asegurado (3 siniestros),2,0
SIN-0191,POL-0153,ASE-0020,PRV-0017,,,Hogar,Responsabilidad Civil,2023-01-15,2023-01-17,2,949,-584,7043.53,6623.95,0.0,33256.23,Cierre Sin Consecuencia,Riobamba,El vehículo asegurado impactó a un peatón en Vía Principal causando lesiones de consideración. Se levantó el parte policial y se trasladó al afectado al centro médico más cercano.,Sí,No,0,0,No,0,Verde,Ninguna,0,0
SIN-0192,POL-0023,ASE-0220,PRV-0015,,,Hogar,Robo Contenido,2022-05-17,2022-05-19,2,23,-66,1620.75,1465.3,1465.3,13615.34,Pago Total,Portoviejo,Sustracción de bienes del interior del inmueble en Redondel Central. El asegurado reporta ausencia de 3 días del domicilio. Se presentó la denuncia en la Fiscalía del sector.,Sí,No,0,0,No,71,Amarillo,Reclamo entre 11-30 días de póliza,1,0
SIN-0193,POL-0095,ASE-0233,PRV-0060,VEH-0097,CHK-5981,Vehículos,Pérdida Total,2023-09-10,2023-09-12,2,437,-72,43341.02,39893.62,0.0,20308.1,Reserva,Guayaquil,Accidente de tránsito en la vía Av. Francisco de Orellana con impacto severo que ocasionó daños irreparables al vehículo. Los peritos determinaron pérdida total por superar el 75% del valor asegurado.,No,No,0,0,No,19,Verde,Demora denuncia robo 24-48h | Documentos incompletos,2,0
SIN-0194,POL-0180,ASE-0069,PRV-0048,,,Salud,Maternidad,2024-04-09,2024-04-09,0,-168,533,868.07,904.37,0.0,32211.05,Liquidado,Loja,Siniestro ocurrido en la autopista Av. Principal. El vehículo derrapó al esquivar un objeto en la vía causando impacto contra el guardarraíl lateral.,Sí,No,2,0,No,84,Rojo,2 siniestros previos del asegurado,1,1
SIN-0195,POL-0263,ASE-0095,PRV-0048,VEH-0217,JEK-4343,Vehículos,Robo,2023-08-16,2023-08-18,2,108,257,29671.78,32056.44,18170.67,23638.07,Anticipo,Cuenca,El asegurado reporta que al regresar al parqueadero ubicado en el sector de Av. Solano encontró que su vehículo había sido sustraído. No existen testigos ni cámaras de seguridad en el lugar.,No,Sí,0,1,No,49,Amarillo,Demora denuncia robo 24-48h | Documentos incompletos | ⚠️ Documentos inconsistentes detectados,3,1
SIN-0196,POL-0155,ASE-0222,PRV-0024,,,Hogar,Robo Contenido,2025-03-29,2025-03-31,2,958,-593,8785.35,7746.86,0.0,36134.48,Cierre Sin Consecuencia,Portoviejo,Sustracción de bienes del interior del inmueble en Redondel Central. El asegurado reporta ausencia de 8 días del domicilio. Se presentó la denuncia en la Fiscalía del sector.,No,No,0,0,No,5,Verde,Documentos incompletos,1,0
SIN-0197,POL-0146,ASE-0244,PRV-0010,VEH-0115,WGT-7235,Vehículos,Volcadura,2023-12-05,2023-12-05,0,30,338,12363.76,10968.29,0.0,29707.97,Reserva,Ambato,Volcadura del vehículo asegurado en la curva de Av. 12 de Noviembre. El conductor señala que existía exceso de velocidad combinado con lluvia intensa en ese momento. No hay cámaras en el sector.,No,No,0,3,Sí,40,Verde,Reclamo entre 11-30 días de póliza | Alta frecuencia conductor en vehículo (3 siniestros) | Vehículo con múltiples siniestros | ⚠️ Proveedor en Lista Restrictiva | Documentos incompletos | Dinámica de accidente sospechosa (Volcadura),6,0
SIN-0198,POL-0016,ASE-0093,PRV-0002,VEH-0237,KNT-1885,Vehículos,Volcadura,2025-02-04,2025-02-06,2,1396,-1031,18707.57,17476.28,17476.28,47774.18,Pago Total,Quito,El vehículo perdió el control en la vía Calle Colón y volcó aparatosamente. No se identificaron otros vehículos involucrados. El accidente ocurrió aproximadamente a las 16:22 según el reporte policial.,Sí,No,0,0,No,7,Verde,Dinámica de accidente sospechosa (Volcadura),1,0
SIN-0199,POL-0021,ASE-0179,PRV-0009,VEH-0230,BBL-2368,Vehículos,Choque,2024-01-17,2024-01-19,2,877,-512,1511.66,1232.23,1232.23,10675.08,Pago Total,Quito,El asegurado indica que al intentar ingresar al parqueadero fue golpeado lateralmente por un vehículo que no respetó la preferencia de paso en la intersección de Av. América.,No,No,1,0,No,71,Amarillo,Documentos incompletos,1,1
SIN-0200,POL-0101,ASE-0055,PRV-0040,VEH-0250,WCL-7382,Vehículos,Daño Parcial,2024-04-04,2024-04-09,5,459,-94,693.89,580.97,580.97,19857.14,Pago Total,Guayaquil,El asegurado indica que al intentar ingresar al parqueadero fue golpeado lateralmente por un vehículo que no respetó la preferencia de paso en la intersección de Av. Juan Tanca Marengo.,Sí,No,2,0,No,71,Amarillo,2 siniestros previos del asegurado | Reporte con demora moderada (5 días),2,0
SIN-0201,POL-0007,ASE-0185,PRV-0001,VEH-0220,GSX-3493,Vehículos,Volcadura,2025-02-21,2025-02-22,1,65,300,18494.41,16795.87,16795.87,41076.99,Pago Total,Quito,Volcadura del vehículo asegurado en la curva de Av. 10 de Agosto. El conductor señala que existía exceso de velocidad combinado con lluvia intensa en ese momento. No hay cámaras en el sector.,Sí,No,0,1,No,13,Verde,Dinámica de accidente sospechosa (Volcadura),1,0
SIN-0202,POL-0107,ASE-0131,PRV-0025,VEH-0393,CBZ-1892,Vehículos,Robo Parcial,2024-09-24,2024-09-24,0,537,-172,803.52,663.25,0.0,21785.72,Reserva,Guayaquil,El asegurado indica que al intentar ingresar al parqueadero fue golpeado lateralmente por un vehículo que no respetó la preferencia de paso en la intersección de Av. Francisco de Orellana.,Sí,No,1,2,No,5,Verde,2 siniestros del mismo vehículo,1,0
SIN-0203,POL-0114,ASE-0192,PRV-0018,VEH-0315,MAA-4945,Vehículos,Volcadura,2023-04-01,2023-04-01,0,962,-597,15226.95,16222.3,0.0,6650.97,Reserva,Cuenca,Volcadura del vehículo asegurado en la curva de Av. Solano. El conductor señala que existía exceso de velocidad combinado con lluvia intensa en ese momento. No hay cámaras en el sector.,No,No,6,0,No,42,Amarillo,Alta frecuencia reclamos asegurado (6 siniestros) | Documentos incompletos | Dinámica de accidente sospechosa (Volcadura),3,0
SIN-0204,POL-0168,ASE-0095,PRV-0050,,,Salud,Cirugía,2023-05-25,2023-05-27,2,-351,716,3457.75,3244.66,3244.66,38130.99,Pago Total,Guayaquil,Cirugía de urgencia por apendicitis crónica en el Clínica Humanitaria. El paciente evolucionó favorablemente durante el postoperatorio. Dados de alta con seguimiento ambulatorio.,Sí,No,2,0,No,95,Rojo,2 siniestros previos del asegurado,1,1
SIN-0205,POL-0241,ASE-0245,PRV-0045,,,Vida,Enfermedades Graves,2024-01-28,2024-01-30,2,417,-52,19409.29,20703.93,8532.05,27931.79,Anticipo,Cuenca,Sustracción del vehículo en el interior de un centro comercial de Calle Colón. Las cámaras del lugar presentaban fallas técnicas según indicó el personal de seguridad.,No,Sí,2,0,No,41,Amarillo,2 siniestros previos del asegurado | Documentos incompletos | ⚠️ Documentos inconsistentes detectados | ⚠️ Narrativa similar a otro reclamo (>85% similitud),4,0
SIN-0206,POL-0105,ASE-0061,PRV-0014,,,Salud,Emergencia,2023-03-10,2023-03-12,2,184,181,1290.5,1093.55,1093.55,26399.12,Pago Total,Guayaquil,Colisión frontal en la vía Av. Carlos Julio Arosemena cuando el vehículo contrario invadió el carril. Se levantó el parte policial correspondiente y se tomaron fotografías del lugar.,No,No,1,0,No,56,Amarillo,Documentos incompletos,1,1
SIN-0207,POL-0265,ASE-0110,PRV-0013,VEH-0215,CYB-3682,Vehículos,Daño Parcial,2021-09-30,2021-09-30,0,25,-138,2712.41,2859.95,2859.95,14390.83,Pago Total,Ambato,Impacto posterior en el sector de Calle Sucre durante hora pico. El conductor responsable presentó documentos y se llegó a un acuerdo inicial antes del reporte a la aseguradora.,Sí,No,2,3,No,56,Amarillo,Reclamo entre 11-30 días de póliza | 2 siniestros previos del asegurado | Alta frecuencia conductor en vehículo (3 siniestros) | Vehículo con múltiples siniestros,4,0
SIN-0208,POL-0093,ASE-0037,PRV-0035,,,Salud,Atención Médica,2023-07-22,2023-07-22,0,361,4,19488.42,16655.16,7384.86,19801.76,Pago Parcial,Loja,Paciente ingresa a consulta por cuadro de cálculos renales. Se realiza evaluación completa y se indica tratamiento farmacológico por 15 días con control posterior.,Sí,No,2,0,No,80,Rojo,2 siniestros previos del asegurado | Monto cercano a suma asegurada (>93%),2,1
SIN-0209,POL-0203,ASE-0091,PRV-0010,VEH-0234,NBF-1510,Vehículos,Volcadura,2023-01-04,2023-01-06,2,638,-273,18055.82,19555.93,19555.93,10168.11,Pago Total,Ambato,El vehículo perdió el control en la vía Av. Cevallos y volcó aparatosamente. No se identificaron otros vehículos involucrados. El accidente ocurrió aproximadamente a las 12:46 según el reporte policial.,No,Sí,4,0,Sí,100,Rojo,Alta frecuencia reclamos asegurado (4 siniestros) | ⚠️ Proveedor en Lista Restrictiva | Documentos incompletos | Dinámica de accidente sospechosa (Volcadura) | ⚠️ Documentos inconsistentes detectados,5,1
SIN-0210,POL-0194,ASE-0043,PRV-0033,,,Vida,Invalidez Parcial,2023-07-24,2023-07-24,0,1229,-864,7890.99,6778.27,0.0,9961.49,Cierre Sin Consecuencia,Ambato,Colisión frontal en la vía Av. Atahualpa cuando el vehículo contrario invadió el carril. Se levantó el parte policial correspondiente y se tomaron fotografías del lugar.,No,Sí,3,0,Sí,76,Rojo,Alta frecuencia reclamos asegurado (3 siniestros) | ⚠️ Proveedor en Lista Restrictiva | Documentos incompletos | ⚠️ Documentos inconsistentes detectados,4,1
SIN-0211,POL-0047,ASE-0176,PRV-0048,,,Salud,Emergencia,2023-07-25,2023-07-26,1,30,503,1953.87,2006.41,0.0,12085.9,Reserva,Quito,Siniestro ocurrido en la autopista Av. 10 de Agosto. El vehículo derrapó al esquivar un objeto en la vía causando impacto contra el guardarraíl lateral.,Sí,No,0,0,No,5,Verde,Reclamo entre 11-30 días de póliza,1,0
SIN-0212,POL-0057,ASE-0026,PRV-0049,VEH-0130,MUH-6344,Vehículos,Responsabilidad Civil,2023-08-03,2023-08-03,0,30,621,7716.17,6384.45,4179.82,22717.69,Anticipo,Quito,El vehículo asegurado impactó a un peatón en Av. 10 de Agosto causando lesiones de consideración. Se levantó el parte policial y se trasladó al afectado al centro médico más cercano.,Sí,No,1,4,No,25,Verde,Reclamo entre 11-30 días de póliza | Alta frecuencia conductor en vehículo (4 siniestros) | Vehículo con múltiples siniestros,3,0
SIN-0213,POL-0095,ASE-0233,PRV-0009,,,Vida,Enfermedades Graves,2023-07-24,2023-07-24,0,389,-24,22609.81,21528.35,7033.55,20308.1,Anticipo,Quito,Impacto posterior en el sector de Calle Colón durante hora pico. El conductor responsable presentó documentos y se llegó a un acuerdo inicial antes del reporte a la aseguradora.,Sí,No,3,0,No,41,Amarillo,Alta frecuencia reclamos asegurado (3 siniestros),1,1
SIN-0214,POL-0099,ASE-0134,PRV-0043,,,Hogar,Robo Contenido,2023-07-03,2023-07-05,2,106,259,8245.39,8851.04,0.0,41394.43,Reserva,Guayaquil,"Robo con fuerza en el inmueble asegurado ubicado en Av. Carlos Julio Arosemena, Guayaquil. Los delincuentes ingresaron por el garaje. Se sustrajeron equipos electrónicos y objetos de valor.",Sí,No,0,0,No,26,Verde,Ninguna,0,0
SIN-0215,POL-0134,ASE-0225,PRV-0028,,,Vida,Enfermedades Graves,2023-07-19,2023-07-19,0,30,894,8215.32,7554.05,0.0,6014.48,Reserva,Quito,Colisión frontal en la vía Av. Shyris cuando el vehículo contrario invadió el carril. Se levantó el parte policial correspondiente y se tomaron fotografías del lugar.,Sí,No,1,0,No,12,Verde,Reclamo entre 11-30 días de póliza,1,0
SIN-0216,POL-0180,ASE-0069,PRV-0021,VEH-0339,REA-4039,Vehículos,Pérdida Total,2023-08-06,2023-08-06,0,30,780,21703.09,18652.47,18652.47,32211.05,Pago Total,Riobamba,Accidente de tránsito en la vía Calle Central con impacto severo que ocasionó daños irreparables al vehículo. Los peritos determinaron pérdida total por superar el 75% del valor asegurado.,Sí,No,1,0,No,13,Verde,Reclamo entre 11-30 días de póliza,1,0
SIN-0217,POL-0174,ASE-0247,PRV-0049,VEH-0373,TRC-9703,Vehículos,Volcadura,2025-01-25,2025-01-25,0,457,-92,13762.84,13023.52,0.0,41146.68,Negativa,Quito,Volcadura del vehículo asegurado en la curva de Av. Naciones Unidas. El conductor señala que existía exceso de velocidad combinado con lluvia intensa en ese momento. No hay cámaras en el sector.,No,No,0,0,No,10,Verde,Documentos incompletos | Dinámica de accidente sospechosa (Volcadura),2,0
SIN-0218,POL-0256,ASE-0080,PRV-0016,VEH-0244,GGT-5397,Vehículos,Responsabilidad Civil,2024-02-06,2024-02-15,9,-315,680,18381.77,18044.21,0.0,28524.91,Liquidado,Quito,Colisión del asegurado contra un vehículo de servicio público en Av. Shyris. El conductor del bus presentó daños en la parte lateral y varios pasajeros reportaron lesiones leves.,Sí,No,1,0,No,49,Amarillo,Reporte tardío (9 días),1,0
SIN-0219,POL-0259,ASE-0057,PRV-0017,VEH-0235,TJZ-0092,Vehículos,Volcadura,2024-12-11,2024-12-11,0,843,-478,8725.03,7646.34,3147.43,9979.5,Pago Parcial,Quito,Volcadura del vehículo asegurado en la curva de Calle Colón. El conductor señala que existía exceso de velocidad combinado con lluvia intensa en ese momento. No hay cámaras en el sector.,Sí,No,0,4,No,25,Verde,Alta frecuencia conductor en vehículo (4 siniestros) | Vehículo con múltiples siniestros | Dinámica de accidente sospechosa (Volcadura),3,0
SIN-0220,POL-0052,ASE-0003,PRV-0007,,,Vida,Fallecimiento,2025-02-10,2025-02-12,2,1544,-1179,16618.05,15368.84,0.0,39397.26,Reserva,Quito,El vehículo asegurado fue impactado por la parte posterior mientras se encontraba detenido en el semáforo de la Av. Av. República. El conductor del vehículo causante se dio a la fuga sin identificarse.,Sí,No,1,0,No,26,Verde,Ninguna,0,0
SIN-0221,POL-0139,ASE-0146,PRV-0026,,,Hogar,Robo Contenido,2022-05-18,2022-05-20,2,15,-182,1963.6,1721.3,0.0,18751.6,Cierre Sin Consecuencia,Babahoyo,Sustracción de bienes del interior del inmueble en Av. 24 de Mayo. El asegurado reporta ausencia de 5 días del domicilio. Se presentó la denuncia en la Fiscalía del sector.,Sí,No,2,0,No,56,Amarillo,Reclamo entre 11-30 días de póliza | 2 siniestros previos del asegurado,2,1
SIN-0222,POL-0101,ASE-0055,PRV-0012,VEH-0395,RLY-3380,Vehículos,Choque,2023-01-03,2023-01-05,2,30,363,4696.98,4624.09,2608.48,19857.14,Pago Parcial,Quito,El asegurado indica que al intentar ingresar al parqueadero fue golpeado lateralmente por un vehículo que no respetó la preferencia de paso en la intersección de Calle Colón.,Sí,No,1,1,No,11,Verde,Reclamo entre 11-30 días de póliza,1,0
SIN-0223,POL-0265,ASE-0110,PRV-0032,VEH-0173,JWU-9517,Vehículos,Volcadura,2024-02-24,2024-03-05,10,902,-537,5145.7,5587.27,5587.27,14390.83,Pago Total,Manta,Volcadura del vehículo asegurado en la curva de Vía Principal. El conductor señala que existía exceso de velocidad combinado con lluvia intensa en ese momento. No hay cámaras en el sector.,No,No,2,3,No,100,Rojo,2 siniestros previos del asegurado | Alta frecuencia conductor en vehículo (3 siniestros) | Vehículo con múltiples siniestros | Documentos incompletos | Dinámica de accidente sospechosa (Volcadura) | Reporte tardío (10 días),6,1
SIN-0224,POL-0007,ASE-0185,PRV-0020,,,Hogar,Terremoto,2023-11-25,2023-11-27,2,30,754,13398.04,11552.89,7417.04,41076.99,Anticipo,Ibarra,Colisión frontal en la vía Vía Principal cuando el vehículo contrario invadió el carril. Se levantó el parte policial correspondiente y se tomaron fotografías del lugar.,Sí,No,0,0,No,5,Verde,Reclamo entre 11-30 días de póliza,1,0
SIN-0225,POL-0180,ASE-0069,PRV-0025,VEH-0361,ZAL-7397,Vehículos,Robo,2023-01-02,2023-01-02,0,30,996,31237.18,27345.47,0.0,32211.05,Liquidado,Portoviejo,Sustracción del vehículo en el interior de un centro comercial de Redondel Central. Las cámaras del lugar presentaban fallas técnicas según indicó el personal de seguridad.,Sí,No,1,1,No,5,Verde,Reclamo entre 11-30 días de póliza,1,0
SIN-0226,POL-0151,ASE-0094,PRV-0017,VEH-0063,NRE-6268,Vehículos,Pérdida Total,2025-03-22,2025-03-23,1,542,-177,15604.11,15062.71,0.0,7016.11,Reserva,Portoviejo,Accidente de tránsito en la vía Redondel Central con impacto severo que ocasionó daños irreparables al vehículo. Los peritos determinaron pérdida total por superar el 75% del valor asegurado.,Sí,No,1,1,No,5,Verde,Demora denuncia robo 24-48h,1,0
SIN-0227,POL-0110,ASE-0014,PRV-0039,VEH-0304,HJS-1540,Vehículos,Robo,2025-04-26,2025-04-28,2,1579,-1214,9283.94,8485.25,4577.59,59607.99,Pago Parcial,Quito,Robo del vehículo en el sector comercial de Av. Eloy Alfaro. El asegurado indica que dejó el auto por aproximadamente 2 horas y al regresar ya no se encontraba. No hay evidencia de forzamiento.,Sí,No,0,0,No,26,Verde,Demora denuncia robo 24-48h,1,0
SIN-0228,POL-0181,ASE-0029,PRV-0044,VEH-0308,HUS-0746,Vehículos,Pérdida Total,2024-02-07,2024-02-07,0,480,-115,28906.19,24207.55,16547.94,16147.81,Anticipo,Cuenca,Accidente de tránsito en la vía Av. Solano con impacto severo que ocasionó daños irreparables al vehículo. Los peritos determinaron pérdida total por superar el 75% del valor asegurado.,Sí,No,1,0,No,26,Verde,Ninguna,0,0
SIN-0229,POL-0162,ASE-0088,PRV-0001,,,Generales,Responsabilidad Civil,2023-07-03,2023-07-07,4,695,-330,16803.13,17383.49,7571.26,19797.56,Pago Parcial,Quito,Colisión del asegurado contra un vehículo de servicio público en Av. Shyris. El conductor del bus presentó daños en la parte lateral y varios pasajeros reportaron lesiones leves.,Sí,No,2,0,No,56,Amarillo,2 siniestros previos del asegurado | Reporte con demora moderada (4 días),2,0
SIN-0230,POL-0188,ASE-0007,PRV-0011,VEH-0247,VWP-3642,Vehículos,Pérdida Total,2022-02-09,2022-02-12,3,18,-356,17756.81,14974.67,14974.67,13137.09,Pago Total,Tulcán,El vehículo sufrió daños de consideración al precipitarse en la vía Redondel Central. El informe del perito establece que los costos de reparación superan el valor comercial del vehículo.,Sí,No,1,1,No,71,Amarillo,Reclamo entre 11-30 días de póliza | Demora denuncia robo >48h,2,0
SIN-0231,POL-0037,ASE-0218,PRV-0027,VEH-0262,TFL-7110,Vehículos,Responsabilidad Civil,2024-02-13,2024-02-15,2,894,-529,24463.02,20727.53,12359.09,25047.47,Pago Parcial,Loja,El vehículo asegurado impactó a un peatón en Av. Principal causando lesiones de consideración. Se levantó el parte policial y se trasladó al afectado al centro médico más cercano.,Sí,No,3,3,No,90,Rojo,Alta frecuencia reclamos asegurado (3 siniestros) | Alta frecuencia conductor en vehículo (3 siniestros) | Vehículo con múltiples siniestros | Proveedor con historial de casos observados,4,1
SIN-0232,POL-0297,ASE-0078,PRV-0002,,,Vida,Invalidez Total,2024-08-12,2024-08-21,9,1210,-845,26931.19,23071.13,0.0,31531.43,Negativa,Quito,Colisión frontal en la vía Av. Patria cuando el vehículo contrario invadió el carril. Se levantó el parte policial correspondiente y se tomaron fotografías del lugar.,Sí,No,2,0,No,71,Amarillo,2 siniestros previos del asegurado | Reporte tardío (9 días),2,0
SIN-0233,POL-0126,ASE-0227,PRV-0045,,,Hogar,Responsabilidad Civil,2024-09-02,2024-09-02,0,42,323,13271.88,12053.33,12053.33,22144.69,Pago Total,Ambato,El vehículo asegurado impactó a un peatón en Av. Los Shyris causando lesiones de consideración. Se levantó el parte policial y se trasladó al afectado al centro médico más cercano.,No,No,0,0,No,20,Verde,Documentos incompletos,1,0
SIN-0234,POL-0242,ASE-0229,PRV-0028,,,Hogar,Robo Contenido,2023-06-27,2023-06-27,0,283,82,5066.17,4249.0,0.0,14252.97,Negativa,Quito,Sustracción de bienes del interior del inmueble en Av. 6 de Diciembre. El asegurado reporta ausencia de 6 días del domicilio. Se presentó la denuncia en la Fiscalía del sector.,Sí,No,0,0,No,0,Verde,Ninguna,0,0
SIN-0235,POL-0050,ASE-0229,PRV-0038,VEH-0035,BSS-1010,Vehículos,Choque,2024-10-08,2024-10-10,2,1573,-1208,3910.81,3200.91,2224.13,28340.15,Pago Parcial,Guayaquil,Colisión frontal en la vía Av. del Bombero cuando el vehículo contrario invadió el carril. Se levantó el parte policial correspondiente y se tomaron fotografías del lugar.,Sí,No,0,3,No,25,Verde,Alta frecuencia conductor en vehículo (3 siniestros) | Vehículo con múltiples siniestros,2,0
SIN-0236,POL-0023,ASE-0220,PRV-0021,,,Hogar,Robo Contenido,2024-12-16,2024-12-16,0,967,-602,2741.74,2841.16,1868.7,13615.34,Pago Parcial,Quito,"Robo con fuerza en el inmueble asegurado ubicado en Av. República, Quito. Los delincuentes ingresaron por una ventana trasera. Se sustrajeron equipos electrónicos y objetos de valor.",Sí,No,0,0,No,26,Verde,Ninguna,0,0
SIN-0237,POL-0274,ASE-0195,PRV-0056,,,Vida,Invalidez Total,2024-11-24,2024-11-25,1,405,-40,44468.04,36065.61,0.0,38470.86,Reserva,Manta,Impacto posterior en el sector de Av. Principal durante hora pico. El conductor responsable presentó documentos y se llegó a un acuerdo inicial antes del reporte a la aseguradora.,No,No,1,0,No,41,Amarillo,Documentos incompletos,1,0
SIN-0238,POL-0281,ASE-0231,PRV-0010,VEH-0088,SKJ-3503,Vehículos,Robo,2024-04-19,2024-04-22,3,-174,539,17257.77,15000.74,0.0,17964.3,Negativa,Quito,El asegurado reporta que al regresar al parqueadero ubicado en el sector de Av. República encontró que su vehículo había sido sustraído. No existen testigos ni cámaras de seguridad en el lugar.,No,Sí,2,1,Sí,89,Rojo,Demora denuncia robo >48h | 2 siniestros previos del asegurado | ⚠️ Proveedor en Lista Restrictiva | Documentos incompletos | ⚠️ Documentos inconsistentes detectados | Monto cercano a suma asegurada (>93%),6,1
SIN-0239,POL-0289,ASE-0087,PRV-0041,,,Generales,Robo Equipos,2024-04-12,2024-04-13,1,277,88,7382.33,7560.01,0.0,32101.63,Liquidado,Ambato,Colisión del asegurado contra un vehículo de servicio público en Av. República. El conductor del bus presentó daños en la parte lateral y varios pasajeros reportaron lesiones leves.,Sí,No,3,0,No,56,Amarillo,Alta frecuencia reclamos asegurado (3 siniestros) | ⚠️ Narrativa similar a otro reclamo (>85% similitud),2,0
SIN-0240,POL-0020,ASE-0225,PRV-0033,,,Salud,Emergencia,2024-04-28,2024-04-28,0,547,-182,412.7,344.82,0.0,19350.06,Reserva,Manta,Siniestro ocurrido en la autopista Av. 24 de Mayo. El vehículo derrapó al esquivar un objeto en la vía causando impacto contra el guardarraíl lateral.,No,Sí,3,0,Sí,86,Rojo,Alta frecuencia reclamos asegurado (3 siniestros) | ⚠️ Proveedor en Lista Restrictiva | Documentos incompletos | ⚠️ Documentos inconsistentes detectados,4,1
SIN-0241,POL-0263,ASE-0095,PRV-0034,,,Vida,Invalidez Parcial,2024-02-03,2024-02-06,3,279,86,17052.23,15613.26,15613.26,23638.07,Pago Total,Guayaquil,El asegurado indica que al intentar ingresar al parqueadero fue golpeado lateralmente por un vehículo que no respetó la preferencia de paso en la intersección de Av. Juan Tanca Marengo.,No,Sí,0,0,No,56,Amarillo,Proveedor con historial de casos observados | Documentos incompletos | ⚠️ Documentos inconsistentes detectados,3,0
SIN-0242,POL-0173,ASE-0146,PRV-0054,,,Generales,Robo Equipos,2023-08-19,2023-08-19,0,481,-116,11391.73,11369.46,0.0,13800.43,Reserva,Guayaquil,Colisión frontal en la vía Av. del Bombero cuando el vehículo contrario invadió el carril. Se levantó el parte policial correspondiente y se tomaron fotografías del lugar.,Sí,No,1,0,Sí,25,Verde,⚠️ Proveedor en Lista Restrictiva,1,0
SIN-0243,POL-0096,ASE-0058,PRV-0052,,,Hogar,Robo Contenido,2024-01-13,2024-01-13,0,12,717,1471.74,1539.77,1539.77,31317.7,Pago Total,Quito,"Robo con fuerza en el inmueble asegurado ubicado en Av. Naciones Unidas, Quito. Los delincuentes ingresaron por una ventana trasera. Se sustrajeron equipos electrónicos y objetos de valor.",Sí,No,0,0,No,58,Amarillo,Reclamo entre 11-30 días de póliza,1,1
SIN-0244,POL-0264,ASE-0029,PRV-0042,,,Salud,Atención Médica,2025-01-24,2025-01-25,1,1520,-1155,285.74,311.04,0.0,30218.68,Reserva,Cuenca,Asegurado acude a emergencias por apendicitis aguda. Se realizan exámenes de laboratorio e imagen. Se procede con el tratamiento indicado por el especialista.,Sí,No,0,0,No,15,Verde,Ninguna,0,0
SIN-0245,POL-0235,ASE-0207,PRV-0053,VEH-0130,MUH-6344,Vehículos,Pérdida Total,2023-05-29,2023-05-29,0,866,-501,10409.91,11310.34,0.0,10528.32,Reserva,Loja,El vehículo sufrió daños de consideración al precipitarse en la vía Calle Central. El informe del perito establece que los costos de reparación superan el valor comercial del vehículo.,Sí,No,1,4,No,87,Rojo,Alta frecuencia conductor en vehículo (4 siniestros) | Vehículo con múltiples siniestros | Monto cercano a suma asegurada (>93%),3,1
SIN-0246,POL-0061,ASE-0174,PRV-0033,,,Vehículos,Robo,2023-06-29,2023-07-03,4,2,-161,9853.63,10174.13,10174.13,10405.8,Pago Total,Portoviejo,Sustracción del vehículo en el interior de un centro comercial de Vía Principal. Las cámaras del lugar presentaban fallas técnicas según indicó el personal de seguridad.,No,No,3,0,Sí,95,Rojo,Reclamo primeros 10 días de póliza | Demora denuncia robo >48h | Alta frecuencia reclamos asegurado (3 siniestros) | ⚠️ Proveedor en Lista Restrictiva | Documentos incompletos | Reporte con demora moderada (4 días) | Monto cercano a suma asegurada (>93%),7,1
SIN-0247,POL-0108,ASE-0085,PRV-0056,VEH-0038,HGB-2751,Vehículos,Pérdida Total,2023-05-22,2023-05-22,0,-569,934,41536.2,35547.26,0.0,21061.65,Negativa,Portoviejo,Accidente de tránsito en la vía Av. 24 de Mayo con impacto severo que ocasionó daños irreparables al vehículo. Los peritos determinaron pérdida total por superar el 75% del valor asegurado.,Sí,No,2,0,No,46,Amarillo,2 siniestros previos del asegurado,1,0
SIN-0248,POL-0001,ASE-0033,PRV-0003,VEH-0324,PLA-9264,Vehículos,Robo Parcial,2023-05-15,2023-05-15,0,1225,-860,2822.42,2651.29,2651.29,38796.87,Pago Total,Quito,El asegurado indica que al intentar ingresar al parqueadero fue golpeado lateralmente por un vehículo que no respetó la preferencia de paso en la intersección de Av. Naciones Unidas.,Sí,No,0,0,No,26,Verde,Ninguna,0,1
SIN-0249,POL-0085,ASE-0131,PRV-0032,,,Vida,Enfermedades Graves,2023-01-09,2023-01-11,2,586,-221,18299.92,18267.87,18267.87,13504.15,Pago Total,Loja,Siniestro ocurrido en la autopista Calle Central. El vehículo derrapó al esquivar un objeto en la vía causando impacto contra el guardarraíl lateral.,Sí,No,1,0,No,26,Verde,Ninguna,0,0
SIN-0250,POL-0058,ASE-0153,PRV-0049,VEH-0078,TBD-1085,Vehículos,Responsabilidad Civil,2023-03-24,2023-03-26,2,51,314,4243.39,4564.75,0.0,14456.57,Reserva,Santo Domingo,El vehículo asegurado impactó a un peatón en Av. 24 de Mayo causando lesiones de consideración. Se levantó el parte policial y se trasladó al afectado al centro médico más cercano.,Sí,No,1,2,No,11,Verde,2 siniestros del mismo vehículo,1,0
SIN-0251,POL-0061,ASE-0174,PRV-0001,VEH-0184,BYX-2514,Vehículos,Volcadura,2023-11-14,2023-11-14,0,140,225,15662.28,16252.99,0.0,10405.8,Reserva,Guayaquil,Volcadura del vehículo asegurado en la curva de Av. Carlos Julio Arosemena. El conductor señala que existía exceso de velocidad combinado con lluvia intensa en ese momento. No hay cámaras en el sector.,Sí,No,1,1,No,21,Verde,Dinámica de accidente sospechosa (Volcadura),1,1
SIN-0252,POL-0178,ASE-0054,PRV-0014,,,Salud,Atención Médica,2023-12-05,2023-12-07,2,692,-327,1844.74,1508.22,1508.22,42257.11,Pago Total,Quito,Asegurado acude a emergencias por hernia inguinal. Se realizan exámenes de laboratorio e imagen. Se procede con el tratamiento indicado por el especialista.,Sí,No,1,0,No,11,Verde,Ninguna,0,0
SIN-0253,POL-0074,ASE-0170,PRV-0059,,,Salud,Hospitalización,2024-08-15,2024-08-17,2,1292,-927,6700.7,7187.39,0.0,61324.84,Negativa,Guayaquil,Paciente ingresa al área de hospitalización por diagnóstico de politraumatismo. Evolución satisfactoria durante los 11 días de internación. Alta médica con indicaciones.,Sí,No,1,0,No,0,Verde,Ninguna,0,0
SIN-0254,POL-0070,ASE-0102,PRV-0040,,,Vida,Invalidez Total,2024-12-21,2024-12-21,0,647,-282,36870.48,34156.81,0.0,22138.93,Cierre Sin Consecuencia,Loja,El vehículo asegurado fue impactado por la parte posterior mientras se encontraba detenido en el semáforo de la Av. Av. 24 de Mayo. El conductor del vehículo causante se dio a la fuga sin identificarse.,No,Sí,1,0,No,56,Amarillo,Documentos incompletos | ⚠️ Documentos inconsistentes detectados,2,0
SIN-0255,POL-0217,ASE-0220,PRV-0021,VEH-0077,PRN-9235,Vehículos,Responsabilidad Civil,2024-05-17,2024-05-17,0,82,283,2205.98,1818.96,1818.96,27642.94,Pago Total,Guayaquil,El vehículo asegurado impactó a un peatón en Av. del Bombero causando lesiones de consideración. Se levantó el parte policial y se trasladó al afectado al centro médico más cercano.,Sí,No,0,1,No,15,Verde,Ninguna,0,0
SIN-0256,POL-0066,ASE-0158,PRV-0006,VEH-0043,ZDX-0768,Vehículos,Volcadura,2024-03-31,2024-04-18,18,289,76,4892.51,5214.52,0.0,40676.28,Reserva,Ibarra,Volcadura del vehículo asegurado en la curva de Av. Principal. El conductor señala que existía exceso de velocidad combinado con lluvia intensa en ese momento. No hay cámaras en el sector.,No,No,6,2,No,100,Rojo,Alta frecuencia reclamos asegurado (6 siniestros) | 2 siniestros del mismo vehículo | Documentos incompletos | Dinámica de accidente sospechosa (Volcadura) | Reporte tardío (18 días),5,1
SIN-0257,POL-0091,ASE-0043,PRV-0018,VEH-0079,RNX-4203,Vehículos,Responsabilidad Civil,2024-11-06,2024-11-07,1,962,-597,7225.79,7722.49,0.0,6857.05,Cierre Sin Consecuencia,Guayaquil,El vehículo asegurado impactó a un peatón en Av. Carlos Julio Arosemena causando lesiones de consideración. Se levantó el parte policial y se trasladó al afectado al centro médico más cercano.,No,No,0,0,No,5,Verde,Documentos incompletos,1,0
SIN-0258,POL-0191,ASE-0217,PRV-0006,VEH-0378,FDS-7258,Vehículos,Responsabilidad Civil,2023-06-10,2023-06-13,3,857,-492,18693.18,16771.42,0.0,9796.6,Liquidado,Guayaquil,El vehículo asegurado impactó a un peatón en Av. del Bombero causando lesiones de consideración. Se levantó el parte policial y se trasladó al afectado al centro médico más cercano.,No,No,1,0,No,57,Amarillo,Documentos incompletos,1,0
SIN-0259,POL-0027,ASE-0198,PRV-0039,VEH-0311,ANB-6233,Vehículos,Pérdida Total,2023-06-08,2023-06-10,2,30,596,42685.44,36402.17,36402.17,35937.85,Pago Total,Portoviejo,El vehículo sufrió daños de consideración al precipitarse en la vía Av. 24 de Mayo. El informe del perito establece que los costos de reparación superan el valor comercial del vehículo.,Sí,No,1,1,No,20,Verde,Reclamo entre 11-30 días de póliza | Demora denuncia robo 24-48h,2,0
SIN-0260,POL-0259,ASE-0057,PRV-0021,VEH-0086,NYD-0313,Vehículos,Pérdida Total,2023-05-03,2023-05-03,0,255,110,44445.45,38054.62,38054.62,9979.5,Pago Total,Cuenca,El vehículo sufrió daños de consideración al precipitarse en la vía Calle Gran Colombia. El informe del perito establece que los costos de reparación superan el valor comercial del vehículo.,Sí,No,0,0,No,11,Verde,Ninguna,0,0
SIN-0261,POL-0138,ASE-0051,PRV-0010,,,Hogar,Incendio,2024-03-14,2024-03-15,1,132,233,9480.15,9697.38,9697.38,17246.78,Pago Total,Guayaquil,Se reporta incendio en el área de bodegas del inmueble asegurado. El siniestro se originó por un cortocircuito eléctrico según informe del Cuerpo de Bomberos del Cantón Guayaquil.,Sí,No,2,0,Sí,45,Amarillo,2 siniestros previos del asegurado | ⚠️ Proveedor en Lista Restrictiva,2,0
SIN-0262,POL-0245,ASE-0122,PRV-0038,VEH-0156,VFZ-9047,Vehículos,Pérdida Total,2023-02-12,2023-02-14,2,30,555,21492.07,19149.42,12846.78,26787.86,Pago Parcial,Guayaquil,El vehículo sufrió daños de consideración al precipitarse en la vía Av. Carlos Julio Arosemena. El informe del perito establece que los costos de reparación superan el valor comercial del vehículo.,Sí,No,0,0,No,23,Verde,Reclamo entre 11-30 días de póliza | Demora denuncia robo 24-48h,2,0
SIN-0263,POL-0183,ASE-0088,PRV-0027,,,Generales,Daño Equipos,2023-07-18,2023-07-20,2,-498,863,32619.57,26166.53,0.0,34678.87,Liquidado,Manta,Siniestro ocurrido en la autopista Av. Principal. El vehículo derrapó al esquivar un objeto en la vía causando impacto contra el guardarraíl lateral.,Sí,No,4,4,No,100,Rojo,Alta frecuencia reclamos asegurado (4 siniestros) | Alta frecuencia conductor en vehículo (4 siniestros) | Proveedor con historial de casos observados,3,1
SIN-0264,POL-0265,ASE-0110,PRV-0014,,,Salud,Maternidad,2024-05-30,2024-05-30,0,998,-633,1567.18,1494.23,0.0,14390.83,Negativa,Quito,Siniestro ocurrido en la autopista Av. República. El vehículo derrapó al esquivar un objeto en la vía causando impacto contra el guardarraíl lateral.,Sí,No,1,0,No,0,Verde,Ninguna,0,0
SIN-0265,POL-0233,ASE-0005,PRV-0045,VEH-0050,MFB-8843,Vehículos,Daño Parcial,2024-07-02,2024-07-02,0,478,-113,2538.32,2183.31,1033.55,28333.63,Anticipo,Machala,Impacto posterior en el sector de Vía Principal durante hora pico. El conductor responsable presentó documentos y se llegó a un acuerdo inicial antes del reporte a la aseguradora.,No,No,0,1,No,20,Verde,Documentos incompletos,1,0
SIN-0266,POL-0028,ASE-0040,PRV-0058,,,Salud,Maternidad,2023-06-20,2023-06-23,3,546,-181,3005.46,3066.75,3066.75,40536.69,Pago Total,Guayaquil,Colisión frontal en la vía Av. 9 de Octubre cuando el vehículo contrario invadió el carril. Se levantó el parte policial correspondiente y se tomaron fotografías del lugar.,Sí,No,3,0,No,41,Amarillo,Alta frecuencia reclamos asegurado (3 siniestros),1,0
SIN-0267,POL-0248,ASE-0198,PRV-0060,,,Salud,Hospitalización,2023-07-10,2023-07-12,2,504,-139,3108.99,2972.41,0.0,16508.55,Reserva,Quito,Paciente ingresa al área de hospitalización por diagnóstico de politraumatismo. Evolución satisfactoria durante los 11 días de internación. Alta médica con indicaciones.,Sí,No,0,0,No,0,Verde,Ninguna,0,0
SIN-0268,POL-0086,ASE-0023,PRV-0046,,,Hogar,Terremoto,2023-04-02,2023-04-03,1,401,-36,12504.58,13292.75,13292.75,20703.28,Pago Total,Guayaquil,Colisión frontal en la vía Av. Narcisa de Jesús cuando el vehículo contrario invadió el carril. Se levantó el parte policial correspondiente y se tomaron fotografías del lugar.,No,No,1,0,No,26,Verde,Documentos incompletos,1,0
SIN-0269,POL-0065,ASE-0158,PRV-0052,VEH-0051,JUH-7322,Vehículos,Responsabilidad Civil,2024-11-30,2024-11-30,0,1603,-1238,7281.47,6655.14,3045.4,43216.47,Pago Parcial,Manta,El vehículo asegurado impactó a un peatón en Calle Central causando lesiones de consideración. Se levantó el parte policial y se trasladó al afectado al centro médico más cercano.,No,No,1,0,No,26,Verde,Documentos incompletos,1,0
SIN-0270,POL-0003,ASE-0188,PRV-0041,VEH-0177,WYA-1597,Vehículos,Daño Parcial,2024-02-28,2024-02-29,1,1418,-1053,3256.22,3382.37,0.0,6584.23,Liquidado,Quito,Siniestro ocurrido en la autopista Calle Colón. El vehículo derrapó al esquivar un objeto en la vía causando impacto contra el guardarraíl lateral.,Sí,No,1,0,No,26,Verde,Ninguna,0,0
SIN-0271,POL-0231,ASE-0095,PRV-0045,,,Vida,Invalidez Parcial,2023-11-06,2023-11-08,2,1228,-863,16933.74,18117.62,0.0,48530.72,Negativa,Guayaquil,El vehículo asegurado fue impactado por la parte posterior mientras se encontraba detenido en el semáforo de la Av. Av. Carlos Julio Arosemena. El conductor del vehículo causante se dio a la fuga sin identificarse.,Sí,No,1,0,No,0,Verde,Ninguna,0,0
SIN-0272,POL-0011,ASE-0204,PRV-0059,,,Generales,Daño Equipos,2024-08-05,2024-08-05,0,97,268,3212.73,2839.02,0.0,19925.66,Cierre Sin Consecuencia,Ambato,El asegurado indica que al intentar ingresar al parqueadero fue golpeado lateralmente por un vehículo que no respetó la preferencia de paso en la intersección de Av. 12 de Noviembre.,Sí,No,1,0,No,11,Verde,Ninguna,0,0
SIN-0273,POL-0083,ASE-0165,PRV-0055,,,Salud,Atención Médica,2023-06-14,2023-06-14,0,30,932,1382.78,1472.19,1472.19,47957.94,Pago Total,Quito,Paciente ingresa a consulta por cuadro de politraumatismo. Se realiza evaluación completa y se indica tratamiento farmacológico por 15 días con control posterior.,Sí,No,0,0,No,12,Verde,Reclamo entre 11-30 días de póliza,1,0
SIN-0274,POL-0206,ASE-0202,PRV-0033,VEH-0320,NRB-6985,Vehículos,Daño Parcial,2025-02-17,2025-02-18,1,1627,-1262,1939.79,2111.54,0.0,78804.21,Liquidado,Riobamba,Colisión frontal en la vía Calle Central cuando el vehículo contrario invadió el carril. Se levantó el parte policial correspondiente y se tomaron fotografías del lugar.,Sí,No,3,0,Sí,76,Rojo,Alta frecuencia reclamos asegurado (3 siniestros) | ⚠️ Proveedor en Lista Restrictiva,2,1
SIN-0275,POL-0011,ASE-0204,PRV-0039,VEH-0371,KFS-9177,Vehículos,Robo,2023-11-09,2023-11-11,2,30,538,9221.23,8435.23,8435.23,19925.66,Pago Total,Cuenca,Robo del vehículo en el sector comercial de Calle Gran Colombia. El asegurado indica que dejó el auto por aproximadamente 2 horas y al regresar ya no se encontraba. No hay evidencia de forzamiento.,Sí,No,0,1,No,14,Verde,Reclamo entre 11-30 días de póliza | Demora denuncia robo 24-48h,2,0
SIN-0276,POL-0199,ASE-0055,PRV-0037,,,Vida,Invalidez Parcial,2025-03-04,2025-03-07,3,1409,-1044,5620.81,5162.67,5162.67,10934.34,Pago Total,Quito,El vehículo asegurado fue impactado por la parte posterior mientras se encontraba detenido en el semáforo de la Av. Av. 6 de Diciembre. El conductor del vehículo causante se dio a la fuga sin identificarse.,Sí,No,2,0,No,71,Amarillo,2 siniestros previos del asegurado,1,1
SIN-0277,POL-0184,ASE-0119,PRV-0045,VEH-0111,ADS-4907,Vehículos,Choque,2023-11-29,2023-12-01,2,501,-136,4697.58,4578.64,0.0,21885.12,Reserva,Manta,El asegurado indica que al intentar ingresar al parqueadero fue golpeado lateralmente por un vehículo que no respetó la preferencia de paso en la intersección de Av. Principal.,Sí,No,1,0,No,26,Verde,Ninguna,0,0
SIN-0278,POL-0180,ASE-0069,PRV-0018,VEH-0330,PNX-7631,Vehículos,Choque,2024-11-02,2024-11-02,0,39,326,2116.19,1712.39,1712.39,32211.05,Pago Total,Quito,Impacto posterior en el sector de Av. 10 de Agosto durante hora pico. El conductor responsable presentó documentos y se llegó a un acuerdo inicial antes del reporte a la aseguradora.,Sí,No,1,2,No,5,Verde,2 siniestros del mismo vehículo,1,0
SIN-0279,POL-0284,ASE-0072,PRV-0026,VEH-0103,TVJ-8827,Vehículos,Pérdida Total,2024-08-23,2024-08-24,1,536,-171,13166.69,13794.06,0.0,26179.17,Reserva,Santo Domingo,El vehículo sufrió daños de consideración al precipitarse en la vía Calle Central. El informe del perito establece que los costos de reparación superan el valor comercial del vehículo.,Sí,No,0,1,No,26,Verde,Demora denuncia robo 24-48h,1,0
SIN-0280,POL-0002,ASE-0094,PRV-0018,VEH-0183,CBX-7180,Vehículos,Volcadura,2024-07-02,2024-07-19,17,627,-262,32052.79,32071.32,32071.32,34067.66,Pago Total,Quito,El vehículo perdió el control en la vía Av. 10 de Agosto y volcó aparatosamente. No se identificaron otros vehículos involucrados. El accidente ocurrió aproximadamente a las 04:45 según el reporte policial.,No,No,5,3,No,95,Rojo,Alta frecuencia reclamos asegurado (5 siniestros) | Alta frecuencia conductor en vehículo (3 siniestros) | Vehículo con múltiples siniestros | Documentos incompletos | Dinámica de accidente sospechosa (Volcadura) | Reporte tardío (17 días) | Monto cercano a suma asegurada (>93%),7,1
SIN-0281,POL-0266,ASE-0075,PRV-0027,,,Generales,Responsabilidad Civil,2025-03-22,2025-03-25,3,833,-468,4416.24,3965.85,0.0,29830.6,Reserva,Loja,Colisión del asegurado contra un vehículo de servicio público en Av. Principal. El conductor del bus presentó daños en la parte lateral y varios pasajeros reportaron lesiones leves.,No,No,0,0,No,47,Amarillo,Proveedor con historial de casos observados | Documentos incompletos,2,1
SIN-0282,POL-0268,ASE-0112,PRV-0047,,,Hogar,Robo Contenido,2024-06-30,2024-07-02,2,1135,-770,3229.07,3165.3,3165.3,12463.43,Pago Total,Quito,Sustracción de bienes del interior del inmueble en Av. Patria. El asegurado reporta ausencia de 10 días del domicilio. Se presentó la denuncia en la Fiscalía del sector.,Sí,No,1,0,No,11,Verde,Ninguna,0,0
SIN-0283,POL-0218,ASE-0176,PRV-0002,,,Salud,Hospitalización,2024-05-06,2024-05-09,3,295,70,3455.13,3073.04,0.0,39409.29,Reserva,Quito,Paciente ingresa al área de hospitalización por diagnóstico de neumonía bilateral. Evolución satisfactoria durante los 3 días de internación. Alta médica con indicaciones.,No,Sí,1,0,No,48,Amarillo,Documentos incompletos | ⚠️ Documentos inconsistentes detectados,2,0
SIN-0284,POL-0028,ASE-0040,PRV-0003,VEH-0210,FXG-5277,Vehículos,Robo Parcial,2023-12-17,2023-12-18,1,726,-361,1331.37,1138.4,1138.4,40536.69,Pago Total,Quito,El asegurado indica que al intentar ingresar al parqueadero fue golpeado lateralmente por un vehículo que no respetó la preferencia de paso en la intersección de Av. Eloy Alfaro.,Sí,No,1,0,No,84,Rojo,Demora denuncia robo 24-48h,1,1
SIN-0285,POL-0016,ASE-0093,PRV-0036,VEH-0122,DGR-6162,Vehículos,Choque,2023-04-15,2023-04-17,2,735,-370,3513.45,2891.39,2891.39,47774.18,Pago Total,Guayaquil,El asegurado indica que al intentar ingresar al parqueadero fue golpeado lateralmente por un vehículo que no respetó la preferencia de paso en la intersección de Av. Carlos Julio Arosemena.,No,No,0,1,No,26,Verde,Documentos incompletos,1,0
SIN-0286,POL-0180,ASE-0069,PRV-0009,VEH-0080,RNG-1011,Vehículos,Choque,2024-06-30,2024-07-06,6,-86,451,7504.15,6172.35,6172.35,32211.05,Pago Total,Quito,Siniestro ocurrido en la autopista Av. Occidental. El vehículo derrapó al esquivar un objeto en la vía causando impacto contra el guardarraíl lateral.,Sí,No,1,1,No,48,Amarillo,Reporte con demora moderada (6 días),1,1
SIN-0287,POL-0101,ASE-0055,PRV-0027,,,Hogar,Incendio,2025-03-14,2025-03-14,0,803,-438,19755.94,17205.63,0.0,19857.14,Reserva,Machala,Se reporta incendio en el garaje del inmueble asegurado. El siniestro se originó por un cortocircuito eléctrico según informe del Cuerpo de Bomberos del Cantón Machala.,No,No,2,0,No,48,Amarillo,2 siniestros previos del asegurado | Proveedor con historial de casos observados | Documentos incompletos,3,0
SIN-0288,POL-0184,ASE-0119,PRV-0028,VEH-0026,FUN-6234,Vehículos,Robo,2024-03-31,2024-04-04,4,624,-259,14773.91,13058.58,13058.58,21885.12,Pago Total,Tulcán,Robo del vehículo en el sector comercial de Calle Central. El asegurado indica que dejó el auto por aproximadamente 2 horas y al regresar ya no se encontraba. No hay evidencia de forzamiento.,Sí,No,0,1,No,56,Amarillo,Demora denuncia robo >48h | Reporte con demora moderada (4 días),2,0
SIN-0289,POL-0162,ASE-0088,PRV-0048,,,Hogar,Terremoto,2021-09-03,2021-09-06,3,27,-663,6109.56,6656.72,0.0,19797.56,Liquidado,Guayaquil,Colisión frontal en la vía Av. Carlos Julio Arosemena cuando el vehículo contrario invadió el carril. Se levantó el parte policial correspondiente y se tomaron fotografías del lugar.,Sí,No,2,0,No,57,Amarillo,Reclamo entre 11-30 días de póliza | 2 siniestros previos del asegurado,2,1
SIN-0290,POL-0105,ASE-0061,PRV-0056,,,Vida,Invalidez Total,2024-05-05,2024-05-07,2,606,-241,20939.18,18012.46,18012.46,26399.12,Pago Total,Ambato,El vehículo asegurado fue impactado por la parte posterior mientras se encontraba detenido en el semáforo de la Av. Av. Atahualpa. El conductor del vehículo causante se dio a la fuga sin identificarse.,Sí,No,1,0,No,11,Verde,Ninguna,0,0
SIN-0291,POL-0073,ASE-0069,PRV-0054,VEH-0057,LPC-4397,Vehículos,Daño Parcial,2023-02-27,2023-02-28,1,-269,634,1674.81,1730.01,954.55,22005.45,Pago Parcial,Quito,El asegurado indica que al intentar ingresar al parqueadero fue golpeado lateralmente por un vehículo que no respetó la preferencia de paso en la intersección de Av. Eloy Alfaro.,No,No,1,0,Sí,56,Amarillo,⚠️ Proveedor en Lista Restrictiva | Documentos incompletos,2,0
SIN-0292,POL-0059,ASE-0173,PRV-0039,,,Vida,Invalidez Total,2023-06-06,2023-06-06,0,503,-138,47767.65,42593.63,42593.63,30756.53,Pago Total,Cuenca,Impacto posterior en el sector de Av. de Las Américas durante hora pico. El conductor responsable presentó documentos y se llegó a un acuerdo inicial antes del reporte a la aseguradora.,Sí,No,1,0,No,26,Verde,Ninguna,0,0
SIN-0293,POL-0168,ASE-0095,PRV-0036,VEH-0092,AUA-2479,Vehículos,Volcadura,2023-05-04,2023-05-13,9,-372,737,7817.69,8221.79,3629.88,38130.99,Anticipo,Quito,Volcadura del vehículo asegurado en la curva de Av. Eloy Alfaro. El conductor señala que existía exceso de velocidad combinado con lluvia intensa en ese momento. No hay cámaras en el sector.,Sí,No,0,0,No,44,Amarillo,Dinámica de accidente sospechosa (Volcadura) | Reporte tardío (9 días),2,0
SIN-0294,POL-0146,ASE-0244,PRV-0055,,,Hogar,Daño por Agua,2023-03-28,2023-03-29,1,30,590,6286.16,6360.37,6360.37,29707.97,Pago Total,Quito,Volcadura del vehículo asegurado en la curva de Av. 6 de Diciembre. El conductor señala que existía exceso de velocidad combinado con lluvia intensa en ese momento. No hay cámaras en el sector.,No,No,1,0,No,25,Verde,Reclamo entre 11-30 días de póliza | Documentos incompletos | ⚠️ Narrativa similar a otro reclamo (>85% similitud),3,0
SIN-0295,POL-0073,ASE-0069,PRV-0036,VEH-0237,KNT-1885,Vehículos,Volcadura,2024-08-31,2024-08-31,0,282,83,6831.61,7422.99,7422.99,22005.45,Pago Total,Quito,El vehículo perdió el control en la vía Av. Naciones Unidas y volcó aparatosamente. No se identificaron otros vehículos involucrados. El accidente ocurrió aproximadamente a las 07:46 según el reporte policial.,Sí,No,0,0,No,26,Verde,Dinámica de accidente sospechosa (Volcadura),1,0
SIN-0296,POL-0103,ASE-0121,PRV-0031,,,Hogar,Responsabilidad Civil,2020-12-29,2020-12-29,0,21,-884,13983.08,11667.59,0.0,73357.99,Liquidado,Quito,Colisión del asegurado contra un vehículo de servicio público en Av. República. El conductor del bus presentó daños en la parte lateral y varios pasajeros reportaron lesiones leves.,Sí,No,1,0,No,43,Amarillo,Reclamo entre 11-30 días de póliza,1,0
SIN-0297,POL-0106,ASE-0056,PRV-0005,,,Generales,Incendio Comercial,2024-08-30,2024-08-30,0,1566,-1201,10462.99,11415.51,11415.51,26899.56,Pago Total,Quito,Impacto posterior en el sector de Av. 10 de Agosto durante hora pico. El conductor responsable presentó documentos y se llegó a un acuerdo inicial antes del reporte a la aseguradora.,Sí,No,0,0,No,0,Verde,Ninguna,0,0
SIN-0298,POL-0070,ASE-0102,PRV-0031,,,Salud,Atención Médica,2023-05-06,2023-05-08,2,52,313,822.89,861.95,0.0,22138.93,Reserva,Quito,Paciente ingresa a consulta por cuadro de diabetes descompensada. Se realiza evaluación completa y se indica tratamiento farmacológico por 15 días con control posterior.,Sí,No,1,0,No,0,Verde,Ninguna,0,0
SIN-0299,POL-0021,ASE-0179,PRV-0023,,,Hogar,Robo Contenido,2023-03-10,2023-03-11,1,564,-199,4096.47,3416.69,2536.44,10675.08,Pago Parcial,Quito,"Robo con fuerza en el inmueble asegurado ubicado en Av. 10 de Agosto, Quito. Los delincuentes ingresaron por el garaje. Se sustrajeron equipos electrónicos y objetos de valor.",Sí,No,1,0,No,96,Rojo,Ninguna,0,1
SIN-0300,POL-0267,ASE-0086,PRV-0024,,,Hogar,Terremoto,2023-08-26,2023-08-27,1,81,284,5986.53,6002.46,6002.46,20738.84,Pago Total,Quito,Siniestro ocurrido en la autopista Calle Colón. El vehículo derrapó al esquivar un objeto en la vía causando impacto contra el guardarraíl lateral.,Sí,No,1,0,No,11,Verde,Ninguna,0,0
SIN-0301,POL-0252,ASE-0073,PRV-0025,,,Salud,Cirugía,2023-06-08,2023-06-10,2,101,264,10976.58,11732.74,11732.74,30603.36,Pago Total,Loja,Paciente sometido a intervención quirúrgica por insuficiencia cardíaca. Procedimiento realizado sin complicaciones en el Hospital Hospital Metropolitano. Período de recuperación estimado: 6 días.,Sí,No,1,0,No,11,Verde,Ninguna,0,0
SIN-0302,POL-0240,ASE-0119,PRV-0035,,,Salud,Emergencia,2024-09-17,2024-09-18,1,632,-267,572.18,556.44,556.44,27661.18,Pago Total,Guayaquil,El vehículo asegurado fue impactado por la parte posterior mientras se encontraba detenido en el semáforo de la Av. Av. Carlos Julio Arosemena. El conductor del vehículo causante se dio a la fuga sin identificarse.,Sí,No,0,0,No,0,Verde,Ninguna,0,0
SIN-0303,POL-0267,ASE-0086,PRV-0051,,,Hogar,Daño por Agua,2023-09-16,2023-09-16,0,102,263,5544.39,5360.38,0.0,20738.84,Liquidado,Ambato,Colisión frontal en la vía Av. Los Shyris cuando el vehículo contrario invadió el carril. Se levantó el parte policial correspondiente y se tomaron fotografías del lugar.,Sí,No,0,0,No,0,Verde,Ninguna,0,0
SIN-0304,POL-0020,ASE-0225,PRV-0014,VEH-0182,RPZ-6402,Vehículos,Robo Parcial,2024-09-05,2024-09-05,0,677,-312,3397.31,3735.31,1925.34,19350.06,Pago Parcial,Guayaquil,Colisión frontal en la vía Av. del Bombero cuando el vehículo contrario invadió el carril. Se levantó el parte policial correspondiente y se tomaron fotografías del lugar.,No,No,0,0,No,15,Verde,Documentos incompletos,1,0
SIN-0305,POL-0221,ASE-0214,PRV-0010,VEH-0055,SDJ-4680,Vehículos,Daño Parcial,2025-03-20,2025-03-21,1,604,-239,3628.14,3849.46,0.0,41194.94,Cierre Sin Consecuencia,Loja,Impacto posterior en el sector de Av. Principal durante hora pico. El conductor responsable presentó documentos y se llegó a un acuerdo inicial antes del reporte a la aseguradora.,Sí,No,1,0,Sí,10,Verde,⚠️ Proveedor en Lista Restrictiva,1,0
SIN-0306,POL-0111,ASE-0161,PRV-0006,VEH-0161,EEX-7351,Vehículos,Daño Parcial,2024-06-13,2024-06-13,0,30,457,2992.18,2605.26,0.0,98144.41,Reserva,Cuenca,Impacto posterior en el sector de Av. Huayna Cápac durante hora pico. El conductor responsable presentó documentos y se llegó a un acuerdo inicial antes del reporte a la aseguradora.,Sí,No,0,0,No,17,Verde,Reclamo entre 11-30 días de póliza,1,0
SIN-0307,POL-0201,ASE-0155,PRV-0059,VEH-0001,AYL-8746,Vehículos,Choque,2024-12-18,2024-12-20,2,568,-203,5072.66,5075.16,5075.16,25687.57,Pago Total,Cuenca,El asegurado indica que al intentar ingresar al parqueadero fue golpeado lateralmente por un vehículo que no respetó la preferencia de paso en la intersección de Av. Loja.,Sí,No,0,0,No,13,Verde,Ninguna,0,0
SIN-0308,POL-0098,ASE-0044,PRV-0038,,,Salud,Hospitalización,2024-11-02,2024-11-07,5,1629,-1264,1659.85,1778.74,0.0,19102.87,Liquidado,Manta,Ingreso hospitalario de emergencia por fractura de tibia severo. Requirió atención en UCI durante las primeras 48 horas. Posteriormente trasladado a sala general con mejoría progresiva.,Sí,No,2,0,No,43,Amarillo,2 siniestros previos del asegurado | Reporte con demora moderada (5 días),2,0
SIN-0309,POL-0139,ASE-0146,PRV-0046,VEH-0195,UJS-8658,Vehículos,Choque,2023-06-17,2023-06-19,2,410,-45,5453.57,4879.44,0.0,18751.6,Reserva,Guayaquil,Impacto posterior en el sector de Av. 9 de Octubre durante hora pico. El conductor responsable presentó documentos y se llegó a un acuerdo inicial antes del reporte a la aseguradora.,Sí,No,2,0,No,56,Amarillo,2 siniestros previos del asegurado,1,0
SIN-0310,POL-0197,ASE-0220,PRV-0058,VEH-0319,YMK-8625,Vehículos,Choque,2024-08-12,2024-08-12,0,693,-328,6337.14,5516.88,0.0,80568.37,Reserva,Loja,Impacto posterior en el sector de Redondel Central durante hora pico. El conductor responsable presentó documentos y se llegó a un acuerdo inicial antes del reporte a la aseguradora.,No,No,0,2,No,16,Verde,2 siniestros del mismo vehículo | Documentos incompletos,2,0
SIN-0311,POL-0004,ASE-0231,PRV-0033,VEH-0009,VHY-7155,Vehículos,Responsabilidad Civil,2025-02-18,2025-02-21,3,1175,-810,20997.81,19431.51,0.0,21400.35,Cierre Sin Consecuencia,Cuenca,El vehículo asegurado impactó a un peatón en Calle Gran Colombia causando lesiones de consideración. Se levantó el parte policial y se trasladó al afectado al centro médico más cercano.,Sí,No,4,5,No,76,Rojo,Alta frecuencia reclamos asegurado (4 siniestros) | Alta frecuencia conductor en vehículo (5 siniestros) | Vehículo con múltiples siniestros | Proveedor con historial de casos observados,4,1
SIN-0312,POL-0252,ASE-0073,PRV-0029,VEH-0064,CVG-0743,Vehículos,Pérdida Total,2025-01-21,2025-01-23,2,694,-329,31522.86,34154.84,34154.84,30603.36,Pago Total,Loja,El vehículo sufrió daños de consideración al precipitarse en la vía Calle Central. El informe del perito establece que los costos de reparación superan el valor comercial del vehículo.,Sí,No,3,0,No,42,Amarillo,Demora denuncia robo 24-48h | Alta frecuencia reclamos asegurado (3 siniestros),2,0
SIN-0313,POL-0085,ASE-0131,PRV-0056,,,Hogar,Terremoto,2024-03-17,2024-03-17,0,1019,-654,7516.3,6082.11,1868.47,13504.15,Pago Parcial,Quito,El vehículo asegurado fue impactado por la parte posterior mientras se encontraba detenido en el semáforo de la Av. Av. 10 de Agosto. El conductor del vehículo causante se dio a la fuga sin identificarse.,Sí,No,0,0,No,11,Verde,Ninguna,0,0
SIN-0314,POL-0234,ASE-0152,PRV-0028,VEH-0083,DGG-3063,Vehículos,Choque,2023-03-25,2023-03-25,0,746,-381,6159.19,6270.72,4440.13,19773.37,Pago Parcial,Quito,Impacto posterior en el sector de Av. 10 de Agosto durante hora pico. El conductor responsable presentó documentos y se llegó a un acuerdo inicial antes del reporte a la aseguradora.,Sí,No,0,3,No,10,Verde,Alta frecuencia conductor en vehículo (3 siniestros) | Vehículo con múltiples siniestros,2,0
SIN-0315,POL-0037,ASE-0218,PRV-0011,VEH-0138,GXR-7238,Vehículos,Daño Parcial,2023-08-05,2023-08-09,4,702,-337,3659.47,3404.35,0.0,25047.47,Liquidado,Loja,El asegurado indica que al intentar ingresar al parqueadero fue golpeado lateralmente por un vehículo que no respetó la preferencia de paso en la intersección de Calle Central.,Sí,No,6,1,No,47,Amarillo,Alta frecuencia reclamos asegurado (6 siniestros) | Reporte con demora moderada (4 días),2,0
SIN-0316,POL-0258,ASE-0085,PRV-0001,VEH-0004,JVS-9167,Vehículos,Pérdida Total,2023-05-20,2023-05-20,0,1168,-803,32275.08,31510.12,0.0,5922.14,Cierre Sin Consecuencia,Quito,Accidente de tránsito en la vía Av. Patria con impacto severo que ocasionó daños irreparables al vehículo. Los peritos determinaron pérdida total por superar el 75% del valor asegurado.,Sí,No,0,0,No,15,Verde,Ninguna,0,0
SIN-0317,POL-0223,ASE-0176,PRV-0014,,,Hogar,Responsabilidad Civil,2024-02-02,2024-02-02,0,30,496,6367.9,5545.73,2188.04,24671.05,Pago Parcial,Cuenca,Colisión del asegurado contra un vehículo de servicio público en Av. de Las Américas. El conductor del bus presentó daños en la parte lateral y varios pasajeros reportaron lesiones leves.,Sí,No,0,0,No,15,Verde,Reclamo entre 11-30 días de póliza,1,0
SIN-0318,POL-0056,ASE-0087,PRV-0009,,,Salud,Emergencia,2023-07-10,2023-07-11,1,1221,-856,1615.01,1317.8,1317.8,15951.54,Pago Total,Loja,Impacto posterior en el sector de Av. Principal durante hora pico. El conductor responsable presentó documentos y se llegó a un acuerdo inicial antes del reporte a la aseguradora.,Sí,No,0,0,No,13,Verde,Ninguna,0,0
SIN-0319,POL-0137,ASE-0077,PRV-0031,VEH-0248,VKL-3723,Vehículos,Responsabilidad Civil,2023-03-25,2023-03-25,0,30,529,18808.58,20506.2,20506.2,5904.44,Pago Total,Loja,Colisión del asegurado contra un vehículo de servicio público en Calle Central. El conductor del bus presentó daños en la parte lateral y varios pasajeros reportaron lesiones leves.,No,No,0,0,No,9,Verde,Reclamo entre 11-30 días de póliza | Documentos incompletos,2,1
SIN-0320,POL-0086,ASE-0023,PRV-0029,,,Hogar,Responsabilidad Civil,2022-03-08,2022-03-08,0,11,-741,8774.38,8597.59,0.0,20703.28,Reserva,Quito,Colisión del asegurado contra un vehículo de servicio público en Av. Naciones Unidas. El conductor del bus presentó daños en la parte lateral y varios pasajeros reportaron lesiones leves.,Sí,No,1,0,No,71,Amarillo,Reclamo entre 11-30 días de póliza,1,1
SIN-0321,POL-0030,ASE-0226,PRV-0030,,,Hogar,Terremoto,2023-12-22,2023-12-24,2,30,518,4655.32,4251.23,2861.9,36626.71,Pago Parcial,Quito,El vehículo asegurado fue impactado por la parte posterior mientras se encontraba detenido en el semáforo de la Av. Av. Eloy Alfaro. El conductor del vehículo causante se dio a la fuga sin identificarse.,Sí,No,1,0,No,13,Verde,Reclamo entre 11-30 días de póliza,1,0
SIN-0322,POL-0295,ASE-0190,PRV-0050,,,Salud,Atención Médica,2023-10-28,2023-10-29,1,1119,-754,314.48,258.22,0.0,6339.42,Cierre Sin Consecuencia,Quito,Paciente ingresa a consulta por cuadro de politraumatismo. Se realiza evaluación completa y se indica tratamiento farmacológico por 15 días con control posterior.,Sí,No,0,0,No,11,Verde,Ninguna,0,0
SIN-0323,POL-0139,ASE-0146,PRV-0023,,,Salud,Emergencia,2024-09-05,2024-09-06,1,856,-491,1663.47,1372.83,0.0,18751.6,Reserva,Guayaquil,El vehículo asegurado fue impactado por la parte posterior mientras se encontraba detenido en el semáforo de la Av. Av. Carlos Julio Arosemena. El conductor del vehículo causante se dio a la fuga sin identificarse.,Sí,No,1,0,No,26,Verde,Ninguna,0,0
SIN-0324,POL-0251,ASE-0216,PRV-0010,VEH-0276,FBC-4812,Vehículos,Robo,2020-02-20,2020-02-26,6,2,-1024,34439.7,29207.42,10356.32,35983.83,Pago Parcial,Machala,Sustracción del vehículo en el interior de un centro comercial de Calle Colón. Las cámaras del lugar presentaban fallas técnicas según indicó el personal de seguridad.,No,No,4,1,Sí,88,Rojo,Reclamo primeros 10 días de póliza | Demora denuncia robo >48h | Alta frecuencia reclamos asegurado (4 siniestros) | ⚠️ Proveedor en Lista Restrictiva | Documentos incompletos | Reporte con demora moderada (6 días) | ⚠️ Narrativa similar a otro reclamo (>85% similitud) | Monto cercano a suma asegurada (>93%),8,1
SIN-0325,POL-0198,ASE-0248,PRV-0039,,,Salud,Emergencia,2023-07-03,2023-07-03,0,19,308,476.34,382.56,0.0,19089.96,Reserva,Quito,El asegurado indica que al intentar ingresar al parqueadero fue golpeado lateralmente por un vehículo que no respetó la preferencia de paso en la intersección de Av. República.,Sí,No,1,0,No,71,Amarillo,Reclamo entre 11-30 días de póliza,1,0
SIN-0326,POL-0141,ASE-0112,PRV-0001,,,Salud,Maternidad,2023-01-13,2023-01-15,2,30,1063,3565.9,3546.32,0.0,38360.93,Negativa,Cuenca,Impacto posterior en el sector de Av. de Las Américas durante hora pico. El conductor responsable presentó documentos y se llegó a un acuerdo inicial antes del reporte a la aseguradora.,No,No,1,0,No,29,Verde,Reclamo entre 11-30 días de póliza | Documentos incompletos,2,0
SIN-0327,POL-0175,ASE-0188,PRV-0054,,,Salud,Emergencia,2024-12-10,2024-12-11,1,1556,-1191,23349.14,24691.82,0.0,24827.3,Liquidado,Guayaquil,El vehículo asegurado fue impactado por la parte posterior mientras se encontraba detenido en el semáforo de la Av. Av. Juan Tanca Marengo. El conductor del vehículo causante se dio a la fuga sin identificarse.,Sí,No,5,4,No,92,Rojo,Alta frecuencia reclamos asegurado (5 siniestros) | Alta frecuencia conductor en vehículo (4 siniestros) | Proveedor con historial de casos observados,3,1
SIN-0328,POL-0084,ASE-0002,PRV-0052,,,Salud,Cirugía,2024-05-03,2024-05-03,0,280,85,8144.53,7264.94,7264.94,35572.22,Pago Total,Ambato,Cirugía de urgencia por insuficiencia cardíaca en el Hospital Kennedy. El paciente evolucionó favorablemente durante el postoperatorio. Dados de alta con seguimiento ambulatorio.,Sí,No,0,0,No,14,Verde,Ninguna,0,0
SIN-0329,POL-0264,ASE-0029,PRV-0005,,,Vida,Enfermedades Graves,2023-04-02,2023-04-04,2,857,-492,16892.48,16709.67,8180.08,30218.68,Anticipo,Cuenca,El asegurado indica que al intentar ingresar al parqueadero fue golpeado lateralmente por un vehículo que no respetó la preferencia de paso en la intersección de Calle Gran Colombia.,Sí,No,1,0,No,26,Verde,Ninguna,0,0
SIN-0330,POL-0199,ASE-0055,PRV-0025,,,Salud,Hospitalización,2025-04-24,2025-04-25,1,1460,-1095,2660.99,2711.12,0.0,10934.34,Negativa,Quito,Ingreso hospitalario de emergencia por politraumatismo severo. Requirió atención en UCI durante las primeras 48 horas. Posteriormente trasladado a sala general con mejoría progresiva.,Sí,No,0,0,No,26,Verde,Ninguna,0,0
SIN-0331,POL-0199,ASE-0055,PRV-0019,VEH-0261,MLW-4912,Vehículos,Robo,2023-07-13,2023-07-13,0,809,-444,43313.15,34838.85,11386.28,10934.34,Anticipo,Cuenca,Sustracción del vehículo en el interior de un centro comercial de Calle Gran Colombia. Las cámaras del lugar presentaban fallas técnicas según indicó el personal de seguridad.,Sí,No,1,2,No,11,Verde,2 siniestros del mismo vehículo,1,0
SIN-0332,POL-0258,ASE-0085,PRV-0033,,,Salud,Atención Médica,2025-03-20,2025-03-23,3,1838,-1473,5786.76,4659.25,0.0,5922.14,Cierre Sin Consecuencia,Cuenca,Asegurado acude a emergencias por fractura de tibia. Se realizan exámenes de laboratorio e imagen. Se procede con el tratamiento indicado por el especialista.,No,Sí,4,0,Sí,100,Rojo,Alta frecuencia reclamos asegurado (4 siniestros) | ⚠️ Proveedor en Lista Restrictiva | Documentos incompletos | ⚠️ Documentos inconsistentes detectados | Monto cercano a suma asegurada (>93%),5,1
SIN-0333,POL-0156,ASE-0173,PRV-0047,,,Generales,Daño Equipos,2024-12-06,2024-12-06,0,1251,-886,2998.86,2846.41,0.0,28973.94,Liquidado,Cuenca,El asegurado indica que al intentar ingresar al parqueadero fue golpeado lateralmente por un vehículo que no respetó la preferencia de paso en la intersección de Calle Gran Colombia.,Sí,No,1,0,No,26,Verde,Ninguna,0,0
SIN-0334,POL-0052,ASE-0003,PRV-0023,VEH-0325,GWG-9235,Vehículos,Robo Parcial,2023-12-09,2023-12-10,1,1115,-750,3478.91,3099.4,0.0,39397.26,Cierre Sin Consecuencia,Quito,Siniestro ocurrido en la autopista Av. Eloy Alfaro. El vehículo derrapó al esquivar un objeto en la vía causando impacto contra el guardarraíl lateral.,Sí,No,1,2,No,9,Verde,Demora denuncia robo 24-48h | 2 siniestros del mismo vehículo,2,0
SIN-0335,POL-0050,ASE-0229,PRV-0033,VEH-0393,CBZ-1892,Vehículos,Robo Parcial,2024-07-14,2024-07-17,3,1487,-1122,727.98,760.58,0.0,28340.15,Reserva,Guayaquil,Siniestro ocurrido en la autopista Av. Juan Tanca Marengo. El vehículo derrapó al esquivar un objeto en la vía causando impacto contra el guardarraíl lateral.,No,Sí,3,2,Sí,83,Rojo,Demora denuncia robo >48h | Alta frecuencia reclamos asegurado (3 siniestros) | 2 siniestros del mismo vehículo | ⚠️ Proveedor en Lista Restrictiva | Documentos incompletos | ⚠️ Documentos inconsistentes detectados,6,1
SIN-0336,POL-0201,ASE-0155,PRV-0025,VEH-0244,GGT-5397,Vehículos,Responsabilidad Civil,2025-03-24,2025-03-26,2,664,-299,10331.02,9740.46,9740.46,25687.57,Pago Total,Quito,Colisión del asegurado contra un vehículo de servicio público en Av. 10 de Agosto. El conductor del bus presentó daños en la parte lateral y varios pasajeros reportaron lesiones leves.,Sí,No,1,0,No,26,Verde,Ninguna,0,0
SIN-0337,POL-0254,ASE-0119,PRV-0010,,,Salud,Maternidad,2023-10-29,2023-10-30,1,587,-222,1799.71,1776.06,0.0,15715.96,Cierre Sin Consecuencia,Machala,Siniestro ocurrido en la autopista Av. Principal. El vehículo derrapó al esquivar un objeto en la vía causando impacto contra el guardarraíl lateral.,No,No,0,0,Sí,58,Amarillo,⚠️ Proveedor en Lista Restrictiva | Documentos incompletos,2,0
SIN-0338,POL-0028,ASE-0040,PRV-0029,,,Salud,Maternidad,2024-05-25,2024-05-31,6,886,-521,2115.56,2326.52,0.0,40536.69,Reserva,Quito,Colisión frontal en la vía Av. Occidental cuando el vehículo contrario invadió el carril. Se levantó el parte policial correspondiente y se tomaron fotografías del lugar.,Sí,No,2,0,No,71,Amarillo,2 siniestros previos del asegurado | Reporte con demora moderada (6 días),2,0
SIN-0339,POL-0238,ASE-0170,PRV-0013,,,Salud,Maternidad,2025-03-31,2025-04-03,3,1733,-1368,3665.65,3943.52,3943.52,10986.85,Pago Total,Loja,Colisión frontal en la vía Av. Principal cuando el vehículo contrario invadió el carril. Se levantó el parte policial correspondiente y se tomaron fotografías del lugar.,No,Sí,1,0,No,46,Amarillo,Documentos incompletos | ⚠️ Documentos inconsistentes detectados,2,0
SIN-0340,POL-0092,ASE-0172,PRV-0007,,,Generales,Responsabilidad Civil,2024-08-07,2024-08-10,3,34,331,4197.99,4481.14,0.0,27057.63,Reserva,Santo Domingo,El vehículo asegurado impactó a un peatón en Av. 24 de Mayo causando lesiones de consideración. Se levantó el parte policial y se trasladó al afectado al centro médico más cercano.,Sí,No,2,0,No,56,Amarillo,2 siniestros previos del asegurado,1,0
SIN-0341,POL-0294,ASE-0228,PRV-0022,VEH-0173,JWU-9517,Vehículos,Pérdida Total,2023-09-19,2023-09-19,0,982,-617,30969.07,27995.88,0.0,9762.34,Cierre Sin Consecuencia,Quito,Accidente de tránsito en la vía Av. Naciones Unidas con impacto severo que ocasionó daños irreparables al vehículo. Los peritos determinaron pérdida total por superar el 75% del valor asegurado.,Sí,No,0,0,No,12,Verde,Ninguna,0,0
SIN-0342,POL-0053,ASE-0013,PRV-0034,VEH-0226,ZVT-2818,Vehículos,Choque,2024-02-26,2024-02-27,1,1356,-991,16858.38,17827.04,0.0,17780.3,Liquidado,Guayaquil,Siniestro ocurrido en la autopista Av. Juan Tanca Marengo. El vehículo derrapó al esquivar un objeto en la vía causando impacto contra el guardarraíl lateral.,Sí,No,6,5,No,76,Rojo,Alta frecuencia reclamos asegurado (6 siniestros) | Alta frecuencia conductor en vehículo (5 siniestros) | Vehículo con múltiples siniestros | Proveedor con historial de casos observados,4,1
SIN-0343,POL-0124,ASE-0025,PRV-0022,VEH-0343,TKH-4161,Vehículos,Pérdida Total,2024-06-06,2024-06-06,0,367,-2,21843.02,20233.1,0.0,23804.42,Reserva,Ambato,Accidente de tránsito en la vía Av. Cevallos con impacto severo que ocasionó daños irreparables al vehículo. Los peritos determinaron pérdida total por superar el 75% del valor asegurado.,Sí,No,1,0,No,0,Verde,Ninguna,0,0
SIN-0344,POL-0096,ASE-0058,PRV-0017,,,Vida,Invalidez Parcial,2024-01-19,2024-01-19,0,30,347,12166.64,11556.38,11556.38,31317.7,Pago Total,Manta,El vehículo asegurado fue impactado por la parte posterior mientras se encontraba detenido en el semáforo de la Av. Av. 24 de Mayo. El conductor del vehículo causante se dio a la fuga sin identificarse.,Sí,No,1,0,No,5,Verde,Reclamo entre 11-30 días de póliza,1,0
SIN-0345,POL-0283,ASE-0220,PRV-0056,,,Generales,Responsabilidad Civil,2023-11-08,2023-11-08,0,30,550,10054.51,9061.8,0.0,10026.44,Reserva,Loja,Colisión del asegurado contra un vehículo de servicio público en Av. 24 de Mayo. El conductor del bus presentó daños en la parte lateral y varios pasajeros reportaron lesiones leves.,Sí,No,1,0,No,26,Verde,Reclamo entre 11-30 días de póliza,1,0
SIN-0346,POL-0262,ASE-0146,PRV-0024,,,Generales,Daño Equipos,2023-11-26,2023-11-27,1,30,365,7886.84,6326.24,4007.07,14503.92,Pago Parcial,Loja,El vehículo asegurado fue impactado por la parte posterior mientras se encontraba detenido en el semáforo de la Av. Av. Principal. El conductor del vehículo causante se dio a la fuga sin identificarse.,Sí,No,0,0,No,26,Verde,Reclamo entre 11-30 días de póliza,1,0
SIN-0347,POL-0207,ASE-0052,PRV-0036,,,Hogar,Incendio,2024-08-21,2024-08-26,5,914,-549,10819.51,11897.24,0.0,9620.12,Liquidado,Ibarra,Incendio de proporciones medianas afectó la cocina de la propiedad asegurada. Las llamas fueron controladas por los bomberos de Ibarra luego de 4 horas de trabajo.,Sí,No,0,0,No,58,Amarillo,Reporte con demora moderada (5 días),1,0
SIN-0348,POL-0265,ASE-0110,PRV-0054,,,Vehículos,Robo,2021-09-13,2021-09-20,7,8,-195,16973.68,16221.68,16221.68,14390.83,Pago Total,Guayaquil,Robo del vehículo en el sector comercial de Av. Francisco de Orellana. El asegurado indica que dejó el auto por aproximadamente 2 horas y al regresar ya no se encontraba. No hay evidencia de forzamiento.,No,No,3,0,Sí,76,Rojo,Reclamo primeros 10 días de póliza | Demora denuncia robo >48h | Alta frecuencia reclamos asegurado (3 siniestros) | ⚠️ Proveedor en Lista Restrictiva | Documentos incompletos | Reporte con demora moderada (7 días),6,1
SIN-0349,POL-0130,ASE-0159,PRV-0055,VEH-0333,LLY-3684,Vehículos,Robo Parcial,2024-08-31,2024-08-31,0,912,-547,2272.76,1851.37,0.0,20675.28,Negativa,Machala,Colisión frontal en la vía Calle Central cuando el vehículo contrario invadió el carril. Se levantó el parte policial correspondiente y se tomaron fotografías del lugar.,Sí,No,1,0,No,26,Verde,Ninguna,0,0
SIN-0350,POL-0278,ASE-0240,PRV-0011,,,Salud,Hospitalización,2025-01-17,2025-01-19,2,1291,-926,7857.82,7290.68,0.0,8990.36,Negativa,Loja,Ingreso hospitalario de emergencia por fractura de tibia severo. Requirió atención en UCI durante las primeras 48 horas. Posteriormente trasladado a sala general con mejoría progresiva.,Sí,No,1,0,No,14,Verde,Ninguna,0,0
SIN-0351,POL-0217,ASE-0220,PRV-0030,,,Salud,Cirugía,2024-06-07,2024-06-10,3,103,262,2172.51,2055.31,0.0,27642.94,Reserva,Quito,Paciente sometido a intervención quirúrgica por colecistitis aguda. Procedimiento realizado sin complicaciones en el Hospital Hospital de los Valles. Período de recuperación estimado: 4 días.,Sí,No,2,0,No,48,Amarillo,2 siniestros previos del asegurado,1,0
SIN-0352,POL-0234,ASE-0152,PRV-0050,VEH-0283,RRU-2843,Vehículos,Robo,2024-01-20,2024-01-20,0,1047,-682,19323.0,17140.11,5164.83,19773.37,Pago Parcial,Guayaquil,Robo del vehículo en el sector comercial de Av. Carlos Julio Arosemena. El asegurado indica que dejó el auto por aproximadamente 2 horas y al regresar ya no se encontraba. No hay evidencia de forzamiento.,Sí,No,0,3,No,23,Verde,Alta frecuencia conductor en vehículo (3 siniestros) | Vehículo con múltiples siniestros,2,0
SIN-0353,POL-0013,ASE-0030,PRV-0001,,,Generales,Robo Equipos,2023-05-23,2023-05-30,7,62,303,14079.32,13234.05,13234.05,23615.66,Pago Total,Guayaquil,Siniestro ocurrido en la autopista Av. Juan Tanca Marengo. El vehículo derrapó al esquivar un objeto en la vía causando impacto contra el guardarraíl lateral.,Sí,No,1,0,No,56,Amarillo,Reporte con demora moderada (7 días),1,0
SIN-0354,POL-0134,ASE-0225,PRV-0008,VEH-0233,SWW-4000,Vehículos,Pérdida Total,2023-07-24,2023-07-25,1,30,889,29992.86,25192.42,16636.47,6014.48,Anticipo,Loja,Accidente de tránsito en la vía Calle Central con impacto severo que ocasionó daños irreparables al vehículo. Los peritos determinaron pérdida total por superar el 75% del valor asegurado.,Sí,No,0,1,No,27,Verde,Reclamo entre 11-30 días de póliza | Demora denuncia robo 24-48h,2,0
SIN-0355,POL-0176,ASE-0043,PRV-0006,VEH-0044,HZX-7466,Vehículos,Volcadura,2023-12-24,2023-12-25,1,1163,-798,14012.17,14223.34,0.0,47140.69,Negativa,Guayaquil,El vehículo perdió el control en la vía Blvd. del Malecón y volcó aparatosamente. No se identificaron otros vehículos involucrados. El accidente ocurrió aproximadamente a las 00:49 según el reporte policial.,Sí,No,0,0,No,26,Verde,Dinámica de accidente sospechosa (Volcadura),1,0
SIN-0356,POL-0093,ASE-0037,PRV-0035,VEH-0343,TKH-4161,Vehículos,Choque,2023-01-12,2023-01-14,2,170,195,7303.79,7933.86,7933.86,19801.76,Pago Total,Riobamba,El asegurado indica que al intentar ingresar al parqueadero fue golpeado lateralmente por un vehículo que no respetó la preferencia de paso en la intersección de Av. Principal.,Sí,No,0,0,No,13,Verde,Ninguna,0,0
SIN-0357,POL-0232,ASE-0145,PRV-0043,VEH-0004,JVS-9167,Vehículos,Volcadura,2024-05-09,2024-05-11,2,30,344,15587.86,14215.4,0.0,37140.92,Reserva,Quito,Volcadura del vehículo asegurado en la curva de Av. Eloy Alfaro. El conductor señala que existía exceso de velocidad combinado con lluvia intensa en ese momento. No hay cámaras en el sector.,Sí,No,0,0,No,19,Verde,Reclamo entre 11-30 días de póliza | Dinámica de accidente sospechosa (Volcadura),2,0
SIN-0358,POL-0111,ASE-0161,PRV-0046,VEH-0081,WCU-2747,Vehículos,Volcadura,2023-05-01,2023-05-06,5,-501,866,14572.74,15638.6,0.0,98144.41,Reserva,Portoviejo,Volcadura del vehículo asegurado en la curva de Vía Principal. El conductor señala que existía exceso de velocidad combinado con lluvia intensa en ese momento. No hay cámaras en el sector.,Sí,No,2,0,No,44,Amarillo,2 siniestros previos del asegurado | Dinámica de accidente sospechosa (Volcadura) | Reporte con demora moderada (5 días),3,0
SIN-0359,POL-0110,ASE-0014,PRV-0059,VEH-0125,XEJ-0899,Vehículos,Robo,2024-12-04,2024-12-05,1,1436,-1071,14346.1,12872.53,0.0,59607.99,Reserva,Loja,El vehículo fue robado en horas de la madrugada mientras se encontraba estacionado frente al domicilio del asegurado en Av. Principal. Se realizó la denuncia en la UPC del sector.,No,No,0,0,No,28,Verde,Demora denuncia robo 24-48h | Documentos incompletos,2,0
SIN-0360,POL-0140,ASE-0043,PRV-0049,VEH-0136,RPD-9150,Vehículos,Pérdida Total,2025-02-11,2025-02-11,0,939,-574,39087.03,37419.32,37419.32,12590.91,Pago Total,Loja,Accidente de tránsito en la vía Redondel Central con impacto severo que ocasionó daños irreparables al vehículo. Los peritos determinaron pérdida total por superar el 75% del valor asegurado.,Sí,No,0,0,No,12,Verde,Ninguna,0,0
SIN-0361,POL-0270,ASE-0019,PRV-0036,VEH-0309,EAV-7825,Vehículos,Volcadura,2024-08-27,2024-08-27,0,79,286,15852.92,14839.34,10630.37,27417.2,Pago Parcial,Guayaquil,Volcadura del vehículo asegurado en la curva de Av. Carlos Julio Arosemena. El conductor señala que existía exceso de velocidad combinado con lluvia intensa en ese momento. No hay cámaras en el sector.,Sí,No,0,0,No,13,Verde,Dinámica de accidente sospechosa (Volcadura),1,0
SIN-0362,POL-0161,ASE-0017,PRV-0023,,,Vida,Invalidez Parcial,2024-07-01,2024-07-01,0,761,-396,7065.58,6955.98,0.0,13344.87,Reserva,Quito,El asegurado indica que al intentar ingresar al parqueadero fue golpeado lateralmente por un vehículo que no respetó la preferencia de paso en la intersección de Av. República.,Sí,No,1,0,No,26,Verde,Ninguna,0,0
SIN-0363,POL-0109,ASE-0132,PRV-0054,VEH-0205,DEP-9708,Vehículos,Robo,2020-10-15,2020-10-22,7,6,-658,14253.37,13263.42,13263.42,15061.1,Pago Total,Cuenca,El asegurado reporta que al regresar al parqueadero ubicado en el sector de Av. Huayna Cápac encontró que su vehículo había sido sustraído. No existen testigos ni cámaras de seguridad en el lugar.,No,No,4,0,Sí,97,Rojo,Reclamo primeros 10 días de póliza | Demora denuncia robo >48h | Alta frecuencia reclamos asegurado (4 siniestros) | ⚠️ Proveedor en Lista Restrictiva | Documentos incompletos | Reporte con demora moderada (7 días) | Monto cercano a suma asegurada (>93%),7,1
SIN-0364,POL-0080,ASE-0150,PRV-0016,,,Hogar,Terremoto,2020-06-04,2020-06-04,0,30,-796,9495.91,8892.41,0.0,30109.45,Negativa,Quito,Colisión frontal en la vía Av. América cuando el vehículo contrario invadió el carril. Se levantó el parte policial correspondiente y se tomaron fotografías del lugar.,Sí,No,5,0,No,56,Amarillo,Reclamo entre 11-30 días de póliza | Alta frecuencia reclamos asegurado (5 siniestros),2,0
SIN-0365,POL-0184,ASE-0119,PRV-0044,,,Generales,Responsabilidad Civil,2023-01-24,2023-01-25,1,192,173,13222.98,14212.09,0.0,21885.12,Reserva,Quito,El vehículo asegurado impactó a un peatón en Av. Naciones Unidas causando lesiones de consideración. Se levantó el parte policial y se trasladó al afectado al centro médico más cercano.,Sí,No,0,0,No,0,Verde,Ninguna,0,0
SIN-0366,POL-0219,ASE-0104,PRV-0015,VEH-0031,RTW-7398,Vehículos,Robo Parcial,2023-01-04,2023-01-12,8,982,-617,2307.04,2002.75,0.0,20081.08,Reserva,Santo Domingo,El vehículo asegurado fue impactado por la parte posterior mientras se encontraba detenido en el semáforo de la Av. Av. 24 de Mayo. El conductor del vehículo causante se dio a la fuga sin identificarse.,Sí,No,1,0,No,44,Amarillo,Demora denuncia robo >48h | Reporte tardío (8 días),2,0
SIN-0367,POL-0177,ASE-0115,PRV-0010,VEH-0225,EXN-5116,Vehículos,Robo,2020-07-15,2020-07-20,5,7,-699,35288.9,33883.27,33883.27,37065.26,Pago Total,Quito,Robo del vehículo en el sector comercial de Av. República. El asegurado indica que dejó el auto por aproximadamente 2 horas y al regresar ya no se encontraba. No hay evidencia de forzamiento.,No,No,2,0,Sí,88,Rojo,Reclamo primeros 10 días de póliza | Demora denuncia robo >48h | 2 siniestros previos del asegurado | ⚠️ Proveedor en Lista Restrictiva | Documentos incompletos | Reporte con demora moderada (5 días),6,1
SIN-0368,POL-0060,ASE-0213,PRV-0059,VEH-0282,PAY-0987,Vehículos,Robo,2023-03-19,2023-03-19,0,1039,-674,13656.42,11791.47,0.0,6203.61,Liquidado,Machala,El vehículo fue robado en horas de la madrugada mientras se encontraba estacionado frente al domicilio del asegurado en Av. 24 de Mayo. Se realizó la denuncia en la UPC del sector.,Sí,No,1,3,No,30,Verde,Alta frecuencia conductor en vehículo (3 siniestros) | Vehículo con múltiples siniestros,2,0
SIN-0369,POL-0249,ASE-0173,PRV-0029,,,Hogar,Robo Contenido,2023-05-28,2023-05-29,1,30,606,6931.11,6982.84,0.0,36425.51,Reserva,Guayaquil,"Robo con fuerza en el inmueble asegurado ubicado en Blvd. del Malecón, Guayaquil. Los delincuentes ingresaron por una ventana trasera. Se sustrajeron equipos electrónicos y objetos de valor.",No,No,1,0,No,26,Verde,Reclamo entre 11-30 días de póliza | Documentos incompletos,2,0
SIN-0370,POL-0183,ASE-0088,PRV-0033,,,Salud,Cirugía,2023-11-01,2023-11-01,0,30,757,9662.68,10488.03,5602.74,34678.87,Pago Parcial,Cuenca,Paciente sometido a intervención quirúrgica por apendicitis crónica. Procedimiento realizado sin complicaciones en el Hospital Hospital Kennedy. Período de recuperación estimado: 10 días.,Sí,No,0,0,Sí,25,Verde,Reclamo entre 11-30 días de póliza | ⚠️ Proveedor en Lista Restrictiva,2,0
SIN-0371,POL-0014,ASE-0119,PRV-0020,VEH-0201,SKJ-0342,Vehículos,Choque,2025-03-17,2025-03-17,0,88,277,4131.62,4134.85,1599.96,41905.02,Anticipo,Cuenca,El asegurado indica que al intentar ingresar al parqueadero fue golpeado lateralmente por un vehículo que no respetó la preferencia de paso en la intersección de Av. de Las Américas.,No,No,0,0,No,5,Verde,Documentos incompletos,1,0
SIN-0372,POL-0138,ASE-0051,PRV-0043,VEH-0173,JWU-9517,Vehículos,Pérdida Total,2025-02-25,2025-02-26,1,480,-115,18308.33,19041.87,19041.87,17246.78,Pago Total,Quito,El vehículo sufrió daños de consideración al precipitarse en la vía Av. Shyris. El informe del perito establece que los costos de reparación superan el valor comercial del vehículo.,Sí,No,1,0,No,26,Verde,Demora denuncia robo 24-48h,1,0
SIN-0373,POL-0277,ASE-0210,PRV-0035,,,Generales,Daño Equipos,2023-01-18,2023-01-20,2,30,343,3230.69,2886.17,0.0,34986.9,Negativa,Quito,Impacto posterior en el sector de Av. Shyris durante hora pico. El conductor responsable presentó documentos y se llegó a un acuerdo inicial antes del reporte a la aseguradora.,Sí,No,1,0,No,5,Verde,Reclamo entre 11-30 días de póliza,1,0
SIN-0374,POL-0281,ASE-0231,PRV-0013,,,Salud,Atención Médica,2025-04-22,2025-04-22,0,194,171,671.89,737.47,0.0,17964.3,Negativa,Ambato,Asegurado acude a emergencias por infarto agudo de miocardio. Se realizan exámenes de laboratorio e imagen. Se procede con el tratamiento indicado por el especialista.,Sí,No,0,0,No,0,Verde,Ninguna,0,0
SIN-0375,POL-0144,ASE-0173,PRV-0007,VEH-0347,MFP-0697,Vehículos,Robo Parcial,2023-10-22,2023-10-22,0,1081,-716,1936.96,1561.4,0.0,7535.3,Reserva,Quito,El vehículo asegurado fue impactado por la parte posterior mientras se encontraba detenido en el semáforo de la Av. Av. Shyris. El conductor del vehículo causante se dio a la fuga sin identificarse.,Sí,No,0,1,No,0,Verde,Ninguna,0,0
SIN-0376,POL-0053,ASE-0013,PRV-0053,,,Salud,Emergencia,2023-03-20,2023-03-22,2,1013,-648,619.38,672.98,0.0,17780.3,Negativa,Santo Domingo,Impacto posterior en el sector de Calle Central durante hora pico. El conductor responsable presentó documentos y se llegó a un acuerdo inicial antes del reporte a la aseguradora.,Sí,No,1,0,No,26,Verde,Ninguna,0,0
SIN-0377,POL-0121,ASE-0227,PRV-0034,,,Salud,Cirugía,2024-12-18,2024-12-19,1,1717,-1352,9640.11,9375.12,0.0,15178.95,Reserva,Ambato,Paciente sometido a intervención quirúrgica por hernia inguinal. Procedimiento realizado sin complicaciones en el Hospital Hospital IESS Guayaquil. Período de recuperación estimado: 10 días.,Sí,No,1,0,No,11,Verde,Proveedor con historial de casos observados,1,0
SIN-0378,POL-0092,ASE-0172,PRV-0054,,,Vehículos,Robo,2024-07-10,2024-07-13,3,6,148,28107.28,30845.78,0.0,27057.63,Negativa,Quito,Robo del vehículo en el sector comercial de Av. 6 de Diciembre. El asegurado indica que dejó el auto por aproximadamente 2 horas y al regresar ya no se encontraba. No hay evidencia de forzamiento.,No,No,3,0,Sí,87,Rojo,Reclamo primeros 10 días de póliza | Demora denuncia robo >48h | Alta frecuencia reclamos asegurado (3 siniestros) | ⚠️ Proveedor en Lista Restrictiva | Documentos incompletos,5,1
SIN-0379,POL-0189,ASE-0010,PRV-0043,VEH-0199,ANZ-9038,Vehículos,Daño Parcial,2023-12-10,2023-12-12,2,1388,-1023,1326.59,1445.08,0.0,41830.99,Reserva,Guayaquil,Impacto posterior en el sector de Av. Carlos Julio Arosemena durante hora pico. El conductor responsable presentó documentos y se llegó a un acuerdo inicial antes del reporte a la aseguradora.,Sí,No,0,2,No,26,Verde,2 siniestros del mismo vehículo,1,0
SIN-0380,POL-0225,ASE-0198,PRV-0006,,,Generales,Robo Equipos,2024-02-03,2024-02-05,2,1245,-880,12171.89,10135.64,0.0,31128.05,Negativa,Santo Domingo,El asegurado indica que al intentar ingresar al parqueadero fue golpeado lateralmente por un vehículo que no respetó la preferencia de paso en la intersección de Calle Central.,Sí,No,1,0,No,26,Verde,Ninguna,0,0
SIN-0381,POL-0210,ASE-0247,PRV-0013,VEH-0193,LTX-0495,Vehículos,Choque,2023-03-05,2023-03-05,0,785,-420,6256.27,6670.21,0.0,22652.17,Reserva,Esmeraldas,Colisión frontal en la vía Av. 24 de Mayo cuando el vehículo contrario invadió el carril. Se levantó el parte policial correspondiente y se tomaron fotografías del lugar.,Sí,No,0,0,No,13,Verde,Ninguna,0,0
SIN-0382,POL-0054,ASE-0239,PRV-0019,,,Salud,Cirugía,2023-02-18,2023-02-20,2,770,-405,9749.61,9530.84,0.0,27662.64,Reserva,Loja,Paciente sometido a intervención quirúrgica por politraumatismo. Procedimiento realizado sin complicaciones en el Hospital Hospital Metropolitano. Período de recuperación estimado: 6 días.,Sí,No,1,0,No,0,Verde,Ninguna,0,0
SIN-0383,POL-0086,ASE-0023,PRV-0042,VEH-0379,NMC-4835,Vehículos,Robo Parcial,2023-03-08,2023-03-10,2,376,-11,724.57,627.77,0.0,20703.28,Liquidado,Cuenca,El asegurado indica que al intentar ingresar al parqueadero fue golpeado lateralmente por un vehículo que no respetó la preferencia de paso en la intersección de Av. Huayna Cápac.,Sí,No,1,3,No,33,Verde,Demora denuncia robo 24-48h | Alta frecuencia conductor en vehículo (3 siniestros) | Vehículo con múltiples siniestros,3,0
SIN-0384,POL-0133,ASE-0107,PRV-0043,,,Salud,Maternidad,2023-01-24,2023-01-24,0,30,969,3800.67,3846.95,3846.95,43788.5,Pago Total,Quito,El asegurado indica que al intentar ingresar al parqueadero fue golpeado lateralmente por un vehículo que no respetó la preferencia de paso en la intersección de Av. Patria.,No,No,1,0,No,9,Verde,Reclamo entre 11-30 días de póliza | Documentos incompletos,2,0
SIN-0385,POL-0258,ASE-0085,PRV-0052,VEH-0225,EXN-5116,Vehículos,Robo,2025-01-10,2025-01-10,0,1769,-1404,12469.75,12172.1,12172.1,5922.14,Pago Total,Cuenca,Sustracción del vehículo en el interior de un centro comercial de Av. Huayna Cápac. Las cámaras del lugar presentaban fallas técnicas según indicó el personal de seguridad.,No,No,0,0,No,5,Verde,Documentos incompletos,1,0
SIN-0386,POL-0066,ASE-0158,PRV-0054,,,Hogar,Terremoto,2023-11-09,2023-11-10,1,146,219,6908.55,7424.41,0.0,40676.28,Negativa,Loja,Impacto posterior en el sector de Vía Principal durante hora pico. El conductor responsable presentó documentos y se llegó a un acuerdo inicial antes del reporte a la aseguradora.,No,Sí,2,0,Sí,76,Rojo,2 siniestros previos del asegurado | ⚠️ Proveedor en Lista Restrictiva | Documentos incompletos | ⚠️ Documentos inconsistentes detectados,4,1
SIN-0387,POL-0183,ASE-0088,PRV-0027,,,Salud,Atención Médica,2024-01-28,2024-01-30,2,30,669,1686.95,1620.27,1620.27,34678.87,Pago Total,Ambato,Asegurado acude a emergencias por infarto agudo de miocardio. Se realizan exámenes de laboratorio e imagen. Se procede con el tratamiento indicado por el especialista.,Sí,No,1,0,No,10,Verde,Reclamo entre 11-30 días de póliza | Proveedor con historial de casos observados,2,0
SIN-0388,POL-0040,ASE-0094,PRV-0004,,,Hogar,Robo Contenido,2025-04-18,2025-04-20,2,1121,-756,1074.83,1104.72,0.0,11378.23,Reserva,Guayaquil,"Robo con fuerza en el inmueble asegurado ubicado en Av. Francisco de Orellana, Guayaquil. Los delincuentes ingresaron por la puerta de servicio. Se sustrajeron equipos electrónicos y objetos de valor.",Sí,No,0,0,No,26,Verde,Ninguna,0,0
SIN-0389,POL-0004,ASE-0231,PRV-0049,VEH-0352,TNA-4426,Vehículos,Robo,2024-05-11,2024-05-11,0,892,-527,21942.43,22083.85,22083.85,21400.35,Pago Total,Guayaquil,El vehículo fue robado en horas de la madrugada mientras se encontraba estacionado frente al domicilio del asegurado en Av. Narcisa de Jesús. Se realizó la denuncia en la UPC del sector.,Sí,No,1,1,No,11,Verde,Ninguna,0,0
SIN-0390,POL-0157,ASE-0183,PRV-0049,,,Salud,Hospitalización,2024-10-19,2024-10-21,2,278,87,1401.07,1411.38,0.0,41494.48,Reserva,Quito,Paciente ingresa al área de hospitalización por diagnóstico de insuficiencia cardíaca. Evolución satisfactoria durante los 10 días de internación. Alta médica con indicaciones.,Sí,No,0,0,No,11,Verde,Ninguna,0,0
SIN-0391,POL-0228,ASE-0213,PRV-0059,VEH-0045,NEX-3424,Vehículos,Responsabilidad Civil,2024-07-03,2024-07-04,1,171,194,9326.83,7602.87,7602.87,16838.16,Pago Total,Quito,El vehículo asegurado impactó a un peatón en Av. Occidental causando lesiones de consideración. Se levantó el parte policial y se trasladó al afectado al centro médico más cercano.,No,No,1,2,No,9,Verde,2 siniestros del mismo vehículo | Documentos incompletos,2,0
SIN-0392,POL-0055,ASE-0176,PRV-0027,VEH-0254,SVB-0713,Vehículos,Responsabilidad Civil,2024-07-28,2024-07-28,0,265,100,4729.67,4450.45,0.0,28528.02,Liquidado,Riobamba,El vehículo asegurado impactó a un peatón en Vía Principal causando lesiones de consideración. Se levantó el parte policial y se trasladó al afectado al centro médico más cercano.,Sí,No,0,0,No,6,Verde,Proveedor con historial de casos observados,1,0
SIN-0393,POL-0028,ASE-0040,PRV-0052,,,Vida,Fallecimiento,2025-04-05,2025-04-07,2,1201,-836,17288.57,18226.14,18226.14,40536.69,Pago Total,Quito,Siniestro ocurrido en la autopista Calle Colón. El vehículo derrapó al esquivar un objeto en la vía causando impacto contra el guardarraíl lateral.,Sí,No,0,0,No,11,Verde,Ninguna,0,0
SIN-0394,POL-0086,ASE-0023,PRV-0021,,,Vida,Invalidez Parcial,2025-04-16,2025-04-17,1,1146,-781,7050.36,6875.89,0.0,20703.28,Liquidado,Guayaquil,El vehículo asegurado fue impactado por la parte posterior mientras se encontraba detenido en el semáforo de la Av. Blvd. del Malecón. El conductor del vehículo causante se dio a la fuga sin identificarse.,Sí,No,1,0,No,26,Verde,Ninguna,0,0
SIN-0395,POL-0090,ASE-0023,PRV-0022,VEH-0020,WBV-0016,Vehículos,Choque,2023-11-18,2023-11-20,2,1067,-702,4509.82,4733.26,4733.26,19835.48,Pago Total,Quito,Impacto posterior en el sector de Calle Colón durante hora pico. El conductor responsable presentó documentos y se llegó a un acuerdo inicial antes del reporte a la aseguradora.,Sí,No,1,1,No,26,Verde,Ninguna,0,0
SIN-0396,POL-0259,ASE-0057,PRV-0047,,,Salud,Emergencia,2024-03-19,2024-03-20,1,576,-211,899.74,722.06,722.06,9979.5,Pago Total,Ibarra,El asegurado indica que al intentar ingresar al parqueadero fue golpeado lateralmente por un vehículo que no respetó la preferencia de paso en la intersección de Calle Central.,Sí,No,1,0,No,13,Verde,Ninguna,0,0
SIN-0397,POL-0197,ASE-0220,PRV-0031,,,Hogar,Terremoto,2024-08-02,2024-08-04,2,683,-318,21359.59,19824.58,19824.58,80568.37,Pago Total,Ibarra,El asegurado indica que al intentar ingresar al parqueadero fue golpeado lateralmente por un vehículo que no respetó la preferencia de paso en la intersección de Av. 24 de Mayo.,Sí,No,0,0,No,0,Verde,Ninguna,0,0
SIN-0398,POL-0144,ASE-0173,PRV-0010,VEH-0193,LTX-0495,Vehículos,Choque,2024-10-18,2024-10-20,2,1443,-1078,4848.0,4683.33,0.0,7535.3,Cierre Sin Consecuencia,Guayaquil,Siniestro ocurrido en la autopista Av. Carlos Julio Arosemena. El vehículo derrapó al esquivar un objeto en la vía causando impacto contra el guardarraíl lateral.,No,No,1,0,Sí,25,Verde,⚠️ Proveedor en Lista Restrictiva | Documentos incompletos,2,0
SIN-0399,POL-0297,ASE-0078,PRV-0004,,,Hogar,Responsabilidad Civil,2023-06-25,2023-06-27,2,796,-431,19136.06,20783.96,0.0,31531.43,Cierre Sin Consecuencia,Quito,Colisión del asegurado contra un vehículo de servicio público en Av. América. El conductor del bus presentó daños en la parte lateral y varios pasajeros reportaron lesiones leves.,Sí,No,0,0,No,11,Verde,Ninguna,0,0
SIN-0400,POL-0204,ASE-0090,PRV-0011,,,Hogar,Daño por Agua,2023-03-17,2023-03-19,2,1100,-735,6222.97,5744.01,0.0,27720.78,Liquidado,Guayaquil,Impacto posterior en el sector de Blvd. del Malecón durante hora pico. El conductor responsable presentó documentos y se llegó a un acuerdo inicial antes del reporte a la aseguradora.,Sí,No,1,0,No,26,Verde,Ninguna,0,0
SIN-0401,POL-0204,ASE-0090,PRV-0041,VEH-0362,PHR-9258,Vehículos,Robo Parcial,2024-02-13,2024-02-14,1,1433,-1068,4600.78,3798.05,2769.27,27720.78,Pago Parcial,Ambato,Colisión frontal en la vía Av. 12 de Noviembre cuando el vehículo contrario invadió el carril. Se levantó el parte policial correspondiente y se tomaron fotografías del lugar.,No,No,0,1,No,15,Verde,Demora denuncia robo 24-48h | Documentos incompletos,2,0
SIN-0402,POL-0125,ASE-0006,PRV-0043,,,Vida,Invalidez Total,2023-12-28,2024-01-02,5,123,242,45396.77,47445.73,0.0,14799.76,Negativa,Manta,Colisión frontal en la vía Redondel Central cuando el vehículo contrario invadió el carril. Se levantó el parte policial correspondiente y se tomaron fotografías del lugar.,Sí,No,5,0,No,43,Amarillo,Alta frecuencia reclamos asegurado (5 siniestros) | Reporte con demora moderada (5 días),2,0
SIN-0403,POL-0048,ASE-0159,PRV-0035,VEH-0040,MCJ-4672,Vehículos,Pérdida Total,2022-02-14,2022-02-16,2,16,-770,13332.69,13006.19,13006.19,41775.09,Pago Total,Guayaquil,Accidente de tránsito en la vía Av. Juan Tanca Marengo con impacto severo que ocasionó daños irreparables al vehículo. Los peritos determinaron pérdida total por superar el 75% del valor asegurado.,Sí,No,1,1,No,47,Amarillo,Reclamo entre 11-30 días de póliza | Demora denuncia robo 24-48h,2,0
SIN-0404,POL-0149,ASE-0052,PRV-0041,VEH-0302,UYT-6957,Vehículos,Responsabilidad Civil,2023-04-14,2023-04-15,1,53,312,16305.05,17147.99,0.0,22231.09,Reserva,Manta,El vehículo asegurado impactó a un peatón en Redondel Central causando lesiones de consideración. Se levantó el parte policial y se trasladó al afectado al centro médico más cercano.,Sí,No,1,1,No,0,Verde,Ninguna,0,0
SIN-0405,POL-0276,ASE-0186,PRV-0020,,,Salud,Hospitalización,2023-04-26,2023-04-27,1,235,130,5647.93,4704.37,3645.29,23088.65,Anticipo,Quito,Ingreso hospitalario de emergencia por neumonía bilateral severo. Requirió atención en UCI durante las primeras 48 horas. Posteriormente trasladado a sala general con mejoría progresiva.,Sí,No,0,0,No,11,Verde,Ninguna,0,0
SIN-0406,POL-0193,ASE-0196,PRV-0024,VEH-0206,PVN-8175,Vehículos,Choque,2024-02-24,2024-02-26,2,700,-335,7745.66,8081.95,2538.63,57617.79,Pago Parcial,Loja,Impacto posterior en el sector de Av. 24 de Mayo durante hora pico. El conductor responsable presentó documentos y se llegó a un acuerdo inicial antes del reporte a la aseguradora.,Sí,No,0,0,No,26,Verde,Ninguna,0,0
SIN-0407,POL-0228,ASE-0213,PRV-0055,,,Salud,Maternidad,2023-06-08,2023-06-10,2,30,585,2659.29,2867.72,0.0,16838.16,Reserva,Cuenca,Siniestro ocurrido en la autopista Av. Huayna Cápac. El vehículo derrapó al esquivar un objeto en la vía causando impacto contra el guardarraíl lateral.,Sí,No,0,0,No,5,Verde,Reclamo entre 11-30 días de póliza,1,0
SIN-0408,POL-0276,ASE-0186,PRV-0052,VEH-0182,RPZ-6402,Vehículos,Choque,2023-11-02,2023-11-02,0,425,-60,2024.3,1751.83,1751.83,23088.65,Pago Total,Manta,Colisión frontal en la vía Av. 24 de Mayo cuando el vehículo contrario invadió el carril. Se levantó el parte policial correspondiente y se tomaron fotografías del lugar.,Sí,No,0,0,No,0,Verde,Ninguna,0,0
SIN-0409,POL-0154,ASE-0128,PRV-0054,,,Hogar,Terremoto,2023-02-13,2023-02-13,0,309,56,21497.17,18959.48,0.0,6119.58,Negativa,Quito,Siniestro ocurrido en la autopista Av. 10 de Agosto. El vehículo derrapó al esquivar un objeto en la vía causando impacto contra el guardarraíl lateral.,Sí,No,1,0,Sí,31,Verde,⚠️ Proveedor en Lista Restrictiva,1,0
SIN-0410,POL-0244,ASE-0118,PRV-0039,,,Generales,Incendio Comercial,2021-12-17,2021-12-19,2,22,-744,16169.45,13224.54,10543.44,32818.11,Pago Parcial,Guayaquil,El vehículo asegurado fue impactado por la parte posterior mientras se encontraba detenido en el semáforo de la Av. Av. Juan Tanca Marengo. El conductor del vehículo causante se dio a la fuga sin identificarse.,Sí,No,1,0,No,45,Amarillo,Reclamo entre 11-30 días de póliza,1,0
SIN-0411,POL-0027,ASE-0198,PRV-0056,VEH-0212,PUH-7948,Vehículos,Daño Parcial,2023-08-02,2023-08-02,0,-176,541,1561.6,1323.11,943.2,35937.85,Pago Parcial,Quito,Colisión frontal en la vía Calle Colón cuando el vehículo contrario invadió el carril. Se levantó el parte policial correspondiente y se tomaron fotografías del lugar.,Sí,No,2,1,No,49,Amarillo,2 siniestros previos del asegurado,1,0
SIN-0412,POL-0261,ASE-0021,PRV-0003,,,Hogar,Terremoto,2023-05-18,2023-05-18,0,1008,-643,12803.53,13287.02,0.0,35895.62,Reserva,Guayaquil,Colisión frontal en la vía Av. Francisco de Orellana cuando el vehículo contrario invadió el carril. Se levantó el parte policial correspondiente y se tomaron fotografías del lugar.,Sí,No,1,0,No,13,Verde,Ninguna,0,0
SIN-0413,POL-0098,ASE-0044,PRV-0034,,,Generales,Daño Equipos,2025-02-16,2025-02-18,2,1735,-1370,3837.06,3473.12,0.0,19102.87,Reserva,Quito,El asegurado indica que al intentar ingresar al parqueadero fue golpeado lateralmente por un vehículo que no respetó la preferencia de paso en la intersección de Av. República.,Sí,No,1,0,No,6,Verde,Proveedor con historial de casos observados,1,0
SIN-0414,POL-0162,ASE-0088,PRV-0029,,,Salud,Atención Médica,2023-03-06,2023-03-07,1,576,-211,2656.51,2885.67,2885.67,19797.56,Pago Total,Cuenca,Paciente ingresa a consulta por cuadro de insuficiencia cardíaca. Se realiza evaluación completa y se indica tratamiento farmacológico por 15 días con control posterior.,Sí,No,1,0,No,11,Verde,Ninguna,0,0
SIN-0415,POL-0244,ASE-0118,PRV-0010,,,Generales,Responsabilidad Civil,2024-12-15,2024-12-17,2,1116,-751,32291.89,28041.25,11889.19,32818.11,Pago Parcial,Manta,Colisión del asegurado contra un vehículo de servicio público en Vía Principal. El conductor del bus presentó daños en la parte lateral y varios pasajeros reportaron lesiones leves.,Sí,No,6,4,No,91,Rojo,Alta frecuencia reclamos asegurado (6 siniestros) | Alta frecuencia conductor en vehículo (4 siniestros) | Proveedor con historial de casos observados | Monto cercano a suma asegurada (>93%),4,1
SIN-0416,POL-0032,ASE-0108,PRV-0023,VEH-0259,PZH-2030,Vehículos,Robo Parcial,2024-05-24,2024-05-24,0,520,-155,3504.35,2905.82,0.0,7116.64,Liquidado,Guayaquil,Siniestro ocurrido en la autopista Av. del Bombero. El vehículo derrapó al esquivar un objeto en la vía causando impacto contra el guardarraíl lateral.,Sí,No,3,1,No,56,Amarillo,Alta frecuencia reclamos asegurado (3 siniestros),1,0
SIN-0417,POL-0259,ASE-0057,PRV-0020,,,Hogar,Responsabilidad Civil,2023-01-03,2023-01-06,3,135,230,14812.17,16193.03,16193.03,9979.5,Pago Total,Guayaquil,El vehículo asegurado impactó a un peatón en Av. del Bombero causando lesiones de consideración. Se levantó el parte policial y se trasladó al afectado al centro médico más cercano.,Sí,No,2,0,No,46,Amarillo,2 siniestros previos del asegurado,1,0
SIN-0418,POL-0155,ASE-0222,PRV-0010,,,Generales,Responsabilidad Civil,2024-03-15,2024-03-15,0,579,-214,11357.34,9837.77,5345.3,36134.48,Pago Parcial,Latacunga,El vehículo asegurado impactó a un peatón en Redondel Central causando lesiones de consideración. Se levantó el parte policial y se trasladó al afectado al centro médico más cercano.,Sí,No,0,0,Sí,27,Verde,⚠️ Proveedor en Lista Restrictiva,1,0
SIN-0419,POL-0236,ASE-0005,PRV-0003,,,Generales,Incendio Comercial,2023-07-13,2023-07-14,1,770,-405,15020.23,16220.44,0.0,11749.09,Negativa,Quito,Colisión frontal en la vía Av. Eloy Alfaro cuando el vehículo contrario invadió el carril. Se levantó el parte policial correspondiente y se tomaron fotografías del lugar.,Sí,No,1,0,No,11,Verde,Ninguna,0,0
SIN-0420,POL-0297,ASE-0078,PRV-0049,,,Generales,Daño Equipos,2025-02-19,2025-02-21,2,1401,-1036,3298.1,3316.91,0.0,31531.43,Liquidado,Cuenca,El vehículo asegurado fue impactado por la parte posterior mientras se encontraba detenido en el semáforo de la Av. Av. Huayna Cápac. El conductor del vehículo causante se dio a la fuga sin identificarse.,Sí,No,0,0,No,0,Verde,Ninguna,0,0
SIN-0421,POL-0187,ASE-0092,PRV-0028,,,Salud,Atención Médica,2023-03-20,2023-03-23,3,-495,860,465.2,429.09,0.0,11100.03,Reserva,Quito,Paciente ingresa a consulta por cuadro de cálculos renales. Se realiza evaluación completa y se indica tratamiento farmacológico por 15 días con control posterior.,Sí,No,3,0,No,44,Amarillo,Alta frecuencia reclamos asegurado (3 siniestros),1,0
SIN-0422,POL-0203,ASE-0091,PRV-0058,,,Salud,Atención Médica,2025-01-07,2025-01-12,5,1372,-1007,2365.06,2509.1,1008.08,10168.11,Pago Parcial,Guayaquil,Paciente ingresa a consulta por cuadro de apendicitis crónica. Se realiza evaluación completa y se indica tratamiento farmacológico por 15 días con control posterior.,Sí,No,6,0,No,45,Amarillo,Alta frecuencia reclamos asegurado (6 siniestros) | Reporte con demora moderada (5 días),2,0
SIN-0423,POL-0096,ASE-0058,PRV-0002,VEH-0396,FJB-4056,Vehículos,Volcadura,2023-05-02,2023-05-10,8,-244,609,10206.03,8898.79,8898.79,31317.7,Pago Total,Cuenca,El vehículo perdió el control en la vía Av. Solano y volcó aparatosamente. No se identificaron otros vehículos involucrados. El accidente ocurrió aproximadamente a las 22:46 según el reporte policial.,No,No,0,3,No,89,Rojo,Alta frecuencia conductor en vehículo (3 siniestros) | Vehículo con múltiples siniestros | Documentos incompletos | Dinámica de accidente sospechosa (Volcadura) | Reporte tardío (8 días),5,1
SIN-0424,POL-0066,ASE-0158,PRV-0039,VEH-0274,BRJ-4926,Vehículos,Choque,2025-03-17,2025-03-17,0,640,-275,2587.54,2513.88,0.0,40676.28,Reserva,Guayaquil,Sustracción del vehículo en el interior de un centro comercial de Calle Colón. Las cámaras del lugar presentaban fallas técnicas según indicó el personal de seguridad.,Sí,No,1,0,No,9,Verde,⚠️ Narrativa similar a otro reclamo (>85% similitud),1,0
SIN-0425,POL-0074,ASE-0170,PRV-0001,,,Salud,Atención Médica,2021-02-15,2021-02-16,1,15,-1163,2278.72,2178.96,1264.3,61324.84,Pago Parcial,Cuenca,Paciente ingresa a consulta por cuadro de colecistitis aguda. Se realiza evaluación completa y se indica tratamiento farmacológico por 15 días con control posterior.,Sí,No,1,0,No,56,Amarillo,Reclamo entre 11-30 días de póliza,1,0
SIN-0426,POL-0177,ASE-0115,PRV-0014,VEH-0158,VYU-6765,Vehículos,Pérdida Total,2023-02-10,2023-02-12,2,947,-582,24804.85,24562.78,9094.5,37065.26,Pago Parcial,Guayaquil,El vehículo sufrió daños de consideración al precipitarse en la vía Av. del Bombero. El informe del perito establece que los costos de reparación superan el valor comercial del vehículo.,Sí,No,0,4,No,10,Verde,Demora denuncia robo 24-48h | Alta frecuencia conductor en vehículo (4 siniestros) | Vehículo con múltiples siniestros,3,0
SIN-0427,POL-0078,ASE-0127,PRV-0046,,,Hogar,Responsabilidad Civil,2024-07-07,2024-07-09,2,1214,-849,6177.67,6034.35,3966.83,49385.46,Anticipo,Cuenca,Colisión del asegurado contra un vehículo de servicio público en Av. de Las Américas. El conductor del bus presentó daños en la parte lateral y varios pasajeros reportaron lesiones leves.,Sí,No,1,0,No,26,Verde,Ninguna,0,0
SIN-0428,POL-0096,ASE-0058,PRV-0014,VEH-0004,JVS-9167,Vehículos,Volcadura,2023-06-13,2023-06-26,13,-202,567,4279.82,4341.35,1974.37,31317.7,Anticipo,Guayaquil,El vehículo perdió el control en la vía Av. Francisco de Orellana y volcó aparatosamente. No se identificaron otros vehículos involucrados. El accidente ocurrió aproximadamente a las 08:34 según el reporte policial.,No,No,0,2,No,100,Rojo,2 siniestros del mismo vehículo | Documentos incompletos | Dinámica de accidente sospechosa (Volcadura) | Reporte tardío (13 días),4,1
SIN-0429,POL-0042,ASE-0084,PRV-0029,,,Generales,Responsabilidad Civil,2023-01-19,2023-01-21,2,895,-530,6139.02,4949.54,1896.19,6487.68,Pago Parcial,Cuenca,Colisión del asegurado contra un vehículo de servicio público en Av. Loja. El conductor del bus presentó daños en la parte lateral y varios pasajeros reportaron lesiones leves.,Sí,No,3,0,No,94,Rojo,Alta frecuencia reclamos asegurado (3 siniestros) | Monto cercano a suma asegurada (>93%),2,1
SIN-0430,POL-0209,ASE-0142,PRV-0033,VEH-0239,WAE-9575,Vehículos,Robo,2021-04-04,2021-04-08,4,4,-495,42544.2,35342.94,35342.94,27323.71,Pago Total,Quito,Robo del vehículo en el sector comercial de Av. Shyris. El asegurado indica que dejó el auto por aproximadamente 2 horas y al regresar ya no se encontraba. No hay evidencia de forzamiento.,No,No,3,1,Sí,76,Rojo,Reclamo primeros 10 días de póliza | Demora denuncia robo >48h | Alta frecuencia reclamos asegurado (3 siniestros) | ⚠️ Proveedor en Lista Restrictiva | Documentos incompletos | Reporte con demora moderada (4 días),6,1
SIN-0431,POL-0111,ASE-0161,PRV-0028,,,Salud,Atención Médica,2025-02-01,2025-02-02,1,141,224,1826.6,1636.12,0.0,98144.41,Reserva,Quito,Paciente ingresa a consulta por cuadro de fractura de tibia. Se realiza evaluación completa y se indica tratamiento farmacológico por 15 días con control posterior.,No,No,0,0,No,13,Verde,Documentos incompletos,1,0
SIN-0432,POL-0132,ASE-0015,PRV-0020,,,Salud,Atención Médica,2023-12-10,2023-12-19,9,688,-323,1711.59,1840.48,667.21,46527.65,Anticipo,Guayaquil,Volcadura del vehículo asegurado en la curva de Av. 6 de Diciembre. El conductor señala que existía exceso de velocidad combinado con lluvia intensa en ese momento. No hay cámaras en el sector.,Sí,No,5,0,No,58,Amarillo,Alta frecuencia reclamos asegurado (5 siniestros) | Reporte tardío (9 días) | ⚠️ Narrativa similar a otro reclamo (>85% similitud),3,0
SIN-0433,POL-0175,ASE-0188,PRV-0037,VEH-0111,ADS-4907,Vehículos,Robo Parcial,2023-10-19,2023-10-26,7,1138,-773,3290.19,2696.26,0.0,24827.3,Liquidado,Quito,Colisión frontal en la vía Calle Colón cuando el vehículo contrario invadió el carril. Se levantó el parte policial correspondiente y se tomaron fotografías del lugar.,Sí,No,5,0,No,49,Amarillo,Demora denuncia robo >48h | Alta frecuencia reclamos asegurado (5 siniestros) | Reporte con demora moderada (7 días),3,0
SIN-0434,POL-0266,ASE-0075,PRV-0046,,,Salud,Emergencia,2024-11-12,2024-11-12,0,703,-338,1850.52,1679.23,1679.23,29830.6,Pago Total,Quito,El asegurado indica que al intentar ingresar al parqueadero fue golpeado lateralmente por un vehículo que no respetó la preferencia de paso en la intersección de Calle Colón.,Sí,No,1,0,No,26,Verde,Ninguna,0,0
SIN-0435,POL-0001,ASE-0033,PRV-0045,,,Salud,Hospitalización,2024-05-13,2024-05-17,4,1589,-1224,5140.44,5221.09,0.0,38796.87,Liquidado,Cuenca,Paciente ingresa al área de hospitalización por diagnóstico de colecistitis aguda. Evolución satisfactoria durante los 6 días de internación. Alta médica con indicaciones.,Sí,No,0,0,No,56,Amarillo,Reporte con demora moderada (4 días),1,0
SIN-0436,POL-0243,ASE-0048,PRV-0004,VEH-0214,XYA-6008,Vehículos,Robo Parcial,2024-07-04,2024-07-06,2,1376,-1011,1425.99,1431.14,0.0,49406.42,Reserva,Quito,El vehículo asegurado fue impactado por la parte posterior mientras se encontraba detenido en el semáforo de la Av. Av. Shyris. El conductor del vehículo causante se dio a la fuga sin identificarse.,Sí,No,0,0,No,11,Verde,Demora denuncia robo 24-48h,1,0
SIN-0437,POL-0204,ASE-0090,PRV-0033,,,Vehículos,Robo,2020-03-14,2020-03-18,4,2,-1374,27058.67,23012.46,23012.46,27720.78,Pago Total,Quito,Robo del vehículo en el sector comercial de Av. 10 de Agosto. El asegurado indica que dejó el auto por aproximadamente 2 horas y al regresar ya no se encontraba. No hay evidencia de forzamiento.,No,No,4,0,Sí,80,Rojo,Reclamo primeros 10 días de póliza | Demora denuncia robo >48h | Alta frecuencia reclamos asegurado (4 siniestros) | ⚠️ Proveedor en Lista Restrictiva | Documentos incompletos | Reporte con demora moderada (4 días) | Monto cercano a suma asegurada (>93%),7,1
SIN-0438,POL-0141,ASE-0112,PRV-0017,,,Salud,Atención Médica,2023-02-26,2023-02-26,0,30,1019,290.25,274.39,0.0,38360.93,Reserva,Quito,Asegurado acude a emergencias por apendicitis crónica. Se realizan exámenes de laboratorio e imagen. Se procede con el tratamiento indicado por el especialista.,Sí,No,0,0,No,16,Verde,Reclamo entre 11-30 días de póliza,1,0
SIN-0439,POL-0211,ASE-0204,PRV-0051,VEH-0121,TLZ-8289,Vehículos,Daño Parcial,2024-11-01,2024-11-04,3,42,323,1868.42,1625.92,978.4,66724.02,Pago Parcial,Quito,Impacto posterior en el sector de Av. Occidental durante hora pico. El conductor responsable presentó documentos y se llegó a un acuerdo inicial antes del reporte a la aseguradora.,No,Sí,1,1,No,56,Amarillo,Documentos incompletos | ⚠️ Documentos inconsistentes detectados,2,0
SIN-0440,POL-0036,ASE-0059,PRV-0021,VEH-0066,SHM-4741,Vehículos,Robo Parcial,2024-07-16,2024-07-16,0,875,-510,4740.77,4319.95,0.0,41845.49,Cierre Sin Consecuencia,Ambato,Impacto posterior en el sector de Av. 12 de Noviembre durante hora pico. El conductor responsable presentó documentos y se llegó a un acuerdo inicial antes del reporte a la aseguradora.,Sí,No,0,1,No,11,Verde,Ninguna,0,0
SIN-0441,POL-0162,ASE-0088,PRV-0016,VEH-0156,VFZ-9047,Vehículos,Responsabilidad Civil,2023-04-25,2023-04-25,0,626,-261,2244.37,2100.62,2100.62,19797.56,Pago Total,Manta,El vehículo asegurado impactó a un peatón en Redondel Central causando lesiones de consideración. Se levantó el parte policial y se trasladó al afectado al centro médico más cercano.,Sí,No,1,0,No,11,Verde,Ninguna,0,0
SIN-0442,POL-0139,ASE-0146,PRV-0034,,,Hogar,Daño por Agua,2023-09-02,2023-09-05,3,487,-122,17290.81,15302.63,0.0,18751.6,Negativa,Portoviejo,El asegurado indica que al intentar ingresar al parqueadero fue golpeado lateralmente por un vehículo que no respetó la preferencia de paso en la intersección de Vía Principal.,Sí,No,6,4,No,100,Rojo,Alta frecuencia reclamos asegurado (6 siniestros) | Alta frecuencia conductor en vehículo (4 siniestros) | Proveedor con historial de casos observados,3,1
SIN-0443,POL-0212,ASE-0137,PRV-0032,,,Vida,Enfermedades Graves,2024-10-12,2024-10-14,2,30,379,29470.47,29679.07,29679.07,11456.77,Pago Total,Quito,Siniestro ocurrido en la autopista Av. Naciones Unidas. El vehículo derrapó al esquivar un objeto en la vía causando impacto contra el guardarraíl lateral.,Sí,No,1,0,No,5,Verde,Reclamo entre 11-30 días de póliza,1,0
SIN-0444,POL-0251,ASE-0216,PRV-0023,VEH-0061,TRU-5679,Vehículos,Choque,2023-04-02,2023-04-04,2,1139,-774,35052.77,32618.98,32618.98,35983.83,Pago Total,Quito,El asegurado indica que al intentar ingresar al parqueadero fue golpeado lateralmente por un vehículo que no respetó la preferencia de paso en la intersección de Av. Occidental.,Sí,No,1,0,No,100,Rojo,Monto cercano a suma asegurada (>93%),1,1
SIN-0445,POL-0005,ASE-0055,PRV-0033,VEH-0065,FWE-1788,Vehículos,Robo,2024-08-27,2024-09-01,5,6,613,38930.29,31363.37,0.0,10440.5,Negativa,Guayaquil,El vehículo fue robado en horas de la madrugada mientras se encontraba estacionado frente al domicilio del asegurado en Av. Juan Tanca Marengo. Se realizó la denuncia en la UPC del sector.,No,No,2,4,Sí,76,Rojo,Reclamo primeros 10 días de póliza | Demora denuncia robo >48h | 2 siniestros previos del asegurado | Alta frecuencia conductor en vehículo (4 siniestros) | Vehículo con múltiples siniestros | ⚠️ Proveedor en Lista Restrictiva | Documentos incompletos | Reporte con demora moderada (5 días),8,1
SIN-0446,POL-0094,ASE-0119,PRV-0046,,,Hogar,Responsabilidad Civil,2023-06-19,2023-06-21,2,317,48,15838.19,15901.24,15901.24,27248.2,Pago Total,Guayaquil,Colisión del asegurado contra un vehículo de servicio público en Av. del Bombero. El conductor del bus presentó daños en la parte lateral y varios pasajeros reportaron lesiones leves.,Sí,No,0,0,No,11,Verde,Ninguna,0,0
SIN-0447,POL-0297,ASE-0078,PRV-0028,VEH-0070,UCS-9509,Vehículos,Choque,2023-05-22,2023-05-23,1,762,-397,5241.82,4387.34,3125.76,31531.43,Pago Parcial,Riobamba,El asegurado indica que al intentar ingresar al parqueadero fue golpeado lateralmente por un vehículo que no respetó la preferencia de paso en la intersección de Redondel Central.,Sí,No,0,1,No,11,Verde,Ninguna,0,0
SIN-0448,POL-0046,ASE-0207,PRV-0038,,,Vida,Invalidez Total,2024-07-22,2024-07-23,1,1060,-695,20996.04,21246.57,21246.57,33166.38,Pago Total,Ambato,Impacto posterior en el sector de Calle Sucre durante hora pico. El conductor responsable presentó documentos y se llegó a un acuerdo inicial antes del reporte a la aseguradora.,No,No,1,0,No,71,Amarillo,Documentos incompletos,1,0
SIN-0449,POL-0050,ASE-0229,PRV-0043,,,Hogar,Daño por Agua,2023-05-20,2023-05-20,0,1066,-701,3775.87,3391.33,3391.33,28340.15,Pago Total,Santo Domingo,Impacto posterior en el sector de Calle Central durante hora pico. El conductor responsable presentó documentos y se llegó a un acuerdo inicial antes del reporte a la aseguradora.,Sí,No,1,0,No,11,Verde,Ninguna,0,0
SIN-0450,POL-0155,ASE-0222,PRV-0001,,,Vida,Fallecimiento,2024-09-14,2024-09-14,0,762,-397,16939.73,17980.22,13878.64,36134.48,Pago Parcial,Tulcán,El vehículo asegurado fue impactado por la parte posterior mientras se encontraba detenido en el semáforo de la Av. Redondel Central. El conductor del vehículo causante se dio a la fuga sin identificarse.,Sí,No,1,0,No,15,Verde,Ninguna,0,0
SIN-0451,POL-0179,ASE-0046,PRV-0033,VEH-0067,AFZ-9671,Vehículos,Daño Parcial,2023-08-13,2023-08-13,0,434,-69,615.44,588.8,588.8,27229.5,Pago Total,Guayaquil,Impacto posterior en el sector de Av. 9 de Octubre durante hora pico. El conductor responsable presentó documentos y se llegó a un acuerdo inicial antes del reporte a la aseguradora.,No,Sí,3,0,Sí,83,Rojo,Alta frecuencia reclamos asegurado (3 siniestros) | ⚠️ Proveedor en Lista Restrictiva | Documentos incompletos | ⚠️ Documentos inconsistentes detectados,4,1
SIN-0452,POL-0018,ASE-0208,PRV-0045,VEH-0186,DYJ-3795,Vehículos,Robo,2023-10-24,2023-10-26,2,511,-146,15135.72,14872.11,11424.77,28745.94,Pago Parcial,Loja,Robo del vehículo en el sector comercial de Vía Principal. El asegurado indica que dejó el auto por aproximadamente 2 horas y al regresar ya no se encontraba. No hay evidencia de forzamiento.,Sí,No,0,3,No,25,Verde,Demora denuncia robo 24-48h | Alta frecuencia conductor en vehículo (3 siniestros) | Vehículo con múltiples siniestros,3,0
SIN-0453,POL-0216,ASE-0075,PRV-0010,VEH-0115,WGT-7235,Vehículos,Robo,2021-06-07,2021-06-12,5,4,-806,23741.8,20132.16,16054.53,44885.53,Pago Parcial,Quito,El asegurado reporta que al regresar al parqueadero ubicado en el sector de Av. Naciones Unidas encontró que su vehículo había sido sustraído. No existen testigos ni cámaras de seguridad en el lugar.,No,No,3,3,Sí,94,Rojo,Reclamo primeros 10 días de póliza | Demora denuncia robo >48h | Alta frecuencia reclamos asegurado (3 siniestros) | Alta frecuencia conductor en vehículo (3 siniestros) | Vehículo con múltiples siniestros | ⚠️ Proveedor en Lista Restrictiva | Documentos incompletos | Reporte con demora moderada (5 días),8,1
SIN-0454,POL-0166,ASE-0102,PRV-0060,,,Generales,Responsabilidad Civil,2024-02-09,2024-02-11,2,882,-517,17411.61,17823.74,0.0,38769.58,Liquidado,Quito,El vehículo asegurado impactó a un peatón en Av. Occidental causando lesiones de consideración. Se levantó el parte policial y se trasladó al afectado al centro médico más cercano.,Sí,No,1,0,No,11,Verde,Ninguna,0,0
SIN-0455,POL-0011,ASE-0204,PRV-0019,VEH-0309,EAV-7825,Vehículos,Pérdida Total,2024-08-27,2024-09-05,9,119,246,28246.8,28590.69,0.0,19925.66,Reserva,Quito,El vehículo sufrió daños de consideración al precipitarse en la vía Av. Occidental. El informe del perito establece que los costos de reparación superan el valor comercial del vehículo.,Sí,No,1,0,No,42,Amarillo,Demora denuncia robo >48h | Reporte tardío (9 días),2,0
SIN-0456,POL-0172,ASE-0082,PRV-0054,VEH-0121,TLZ-8289,Vehículos,Pérdida Total,2024-05-29,2024-05-31,2,-204,569,23552.38,22888.02,0.0,37805.16,Reserva,Babahoyo,Accidente de tránsito en la vía Av. 24 de Mayo con impacto severo que ocasionó daños irreparables al vehículo. Los peritos determinaron pérdida total por superar el 75% del valor asegurado.,No,Sí,4,1,Sí,92,Rojo,Demora denuncia robo 24-48h | Alta frecuencia reclamos asegurado (4 siniestros) | ⚠️ Proveedor en Lista Restrictiva | Documentos incompletos | ⚠️ Documentos inconsistentes detectados,5,1
SIN-0457,POL-0245,ASE-0122,PRV-0027,VEH-0336,WVS-5302,Vehículos,Choque,2023-11-27,2023-12-06,9,98,267,3547.64,3133.75,3133.75,26787.86,Pago Total,Guayaquil,Impacto posterior en el sector de Av. del Bombero durante hora pico. El conductor responsable presentó documentos y se llegó a un acuerdo inicial antes del reporte a la aseguradora.,Sí,No,2,3,No,49,Amarillo,2 siniestros previos del asegurado | Alta frecuencia conductor en vehículo (3 siniestros) | Vehículo con múltiples siniestros | Proveedor con historial de casos observados | Reporte tardío (9 días),5,0
SIN-0458,POL-0205,ASE-0250,PRV-0031,,,Salud,Cirugía,2023-03-12,2023-03-14,2,226,139,13602.42,12626.52,12626.52,9913.59,Pago Total,Guayaquil,Cirugía de urgencia por neumonía bilateral en el Clínica Santa Ana. El paciente evolucionó favorablemente durante el postoperatorio. Dados de alta con seguimiento ambulatorio.,Sí,No,0,0,No,11,Verde,Ninguna,0,1
SIN-0459,POL-0285,ASE-0038,PRV-0029,VEH-0189,BMD-1416,Vehículos,Robo Parcial,2024-02-05,2024-02-07,2,15,623,2925.13,3104.7,0.0,20273.46,Reserva,Guayaquil,Impacto posterior en el sector de Av. Carlos Julio Arosemena durante hora pico. El conductor responsable presentó documentos y se llegó a un acuerdo inicial antes del reporte a la aseguradora.,Sí,No,1,1,No,44,Amarillo,Reclamo entre 11-30 días de póliza | Demora denuncia robo 24-48h,2,0
SIN-0460,POL-0259,ASE-0057,PRV-0060,,,Salud,Cirugía,2022-09-15,2022-09-16,1,25,-296,6991.34,5974.37,0.0,9979.5,Negativa,Guayaquil,Paciente sometido a intervención quirúrgica por colecistitis aguda. Procedimiento realizado sin complicaciones en el Hospital Hospital Vozandes. Período de recuperación estimado: 8 días.,Sí,No,2,0,No,41,Amarillo,Reclamo entre 11-30 días de póliza | 2 siniestros previos del asegurado,2,0
SIN-0461,POL-0198,ASE-0248,PRV-0054,,,Vehículos,Robo,2023-06-20,2023-06-26,6,6,145,41155.6,34546.51,0.0,19089.96,Negativa,Machala,Paciente ingresa a consulta por cuadro de politraumatismo. Se realiza evaluación completa y se indica tratamiento farmacológico por 15 días con control posterior.,No,No,3,0,Sí,95,Rojo,Reclamo primeros 10 días de póliza | Demora denuncia robo >48h | Alta frecuencia reclamos asegurado (3 siniestros) | ⚠️ Proveedor en Lista Restrictiva | Documentos incompletos | Reporte con demora moderada (6 días) | ⚠️ Narrativa similar a otro reclamo (>85% similitud),7,1
SIN-0462,POL-0149,ASE-0052,PRV-0024,VEH-0156,VFZ-9047,Vehículos,Choque,2023-02-15,2023-02-16,1,30,370,5519.82,4461.74,0.0,22231.09,Cierre Sin Consecuencia,Portoviejo,Colisión frontal en la vía Av. 24 de Mayo cuando el vehículo contrario invadió el carril. Se levantó el parte policial correspondiente y se tomaron fotografías del lugar.,Sí,No,1,0,No,26,Verde,Reclamo entre 11-30 días de póliza,1,0
SIN-0463,POL-0100,ASE-0145,PRV-0033,,,Generales,Responsabilidad Civil,2025-03-22,2025-03-23,1,1714,-1349,22070.16,21518.8,0.0,22349.39,Cierre Sin Consecuencia,Quito,El vehículo asegurado impactó a un peatón en Av. 10 de Agosto causando lesiones de consideración. Se levantó el parte policial y se trasladó al afectado al centro médico más cercano.,No,Sí,3,0,Sí,87,Rojo,Alta frecuencia reclamos asegurado (3 siniestros) | ⚠️ Proveedor en Lista Restrictiva | Documentos incompletos | ⚠️ Documentos inconsistentes detectados | Monto cercano a suma asegurada (>93%),5,1
SIN-0464,POL-0198,ASE-0248,PRV-0033,VEH-0089,PSB-1276,Vehículos,Volcadura,2023-11-07,2023-11-19,12,146,219,17689.61,15784.08,0.0,19089.96,Reserva,Guayaquil,Volcadura del vehículo asegurado en la curva de Av. del Bombero. El conductor señala que existía exceso de velocidad combinado con lluvia intensa en ese momento. No hay cámaras en el sector.,No,No,1,2,Sí,76,Rojo,2 siniestros del mismo vehículo | ⚠️ Proveedor en Lista Restrictiva | Documentos incompletos | Dinámica de accidente sospechosa (Volcadura) | Reporte tardío (12 días),5,1
SIN-0465,POL-0208,ASE-0102,PRV-0050,VEH-0355,PXC-7880,Vehículos,Choque,2023-01-28,2023-01-30,2,919,-554,5326.02,4814.07,4814.07,13855.52,Pago Total,Guayaquil,Siniestro ocurrido en la autopista Av. del Bombero. El vehículo derrapó al esquivar un objeto en la vía causando impacto contra el guardarraíl lateral.,Sí,No,3,1,No,56,Amarillo,Alta frecuencia reclamos asegurado (3 siniestros),1,0
SIN-0466,POL-0249,ASE-0173,PRV-0038,,,Salud,Emergencia,2024-02-18,2024-02-20,2,25,423,833.59,815.25,0.0,36425.51,Liquidado,Guayaquil,El vehículo asegurado fue impactado por la parte posterior mientras se encontraba detenido en el semáforo de la Av. Av. Narcisa de Jesús. El conductor del vehículo causante se dio a la fuga sin identificarse.,Sí,No,2,0,No,46,Amarillo,Reclamo entre 11-30 días de póliza | 2 siniestros previos del asegurado,2,0
SIN-0467,POL-0043,ASE-0008,PRV-0028,VEH-0241,NGF-9874,Vehículos,Robo,2025-02-16,2025-02-16,0,509,-144,9682.51,9166.17,7094.39,44604.51,Pago Parcial,Ambato,El vehículo fue robado en horas de la madrugada mientras se encontraba estacionado frente al domicilio del asegurado en Av. Cevallos. Se realizó la denuncia en la UPC del sector.,No,No,1,0,No,18,Verde,Documentos incompletos,1,0
SIN-0468,POL-0208,ASE-0102,PRV-0053,,,Generales,Robo Equipos,2023-03-24,2023-03-26,2,974,-609,4492.25,4546.75,4546.75,13855.52,Pago Total,Quito,El vehículo asegurado fue impactado por la parte posterior mientras se encontraba detenido en el semáforo de la Av. Av. 10 de Agosto. El conductor del vehículo causante se dio a la fuga sin identificarse.,Sí,No,0,0,No,0,Verde,Ninguna,0,0
SIN-0469,POL-0216,ASE-0075,PRV-0036,,,Vida,Enfermedades Graves,2024-10-01,2024-10-03,2,1216,-851,23929.33,19264.85,19264.85,44885.53,Pago Total,Guayaquil,El vehículo asegurado fue impactado por la parte posterior mientras se encontraba detenido en el semáforo de la Av. Blvd. del Malecón. El conductor del vehículo causante se dio a la fuga sin identificarse.,Sí,No,1,0,No,0,Verde,Ninguna,0,1
SIN-0470,POL-0234,ASE-0152,PRV-0008,,,Vida,Fallecimiento,2025-01-31,2025-01-31,0,1424,-1059,20176.29,19761.36,12078.64,19773.37,Anticipo,Quito,Impacto posterior en el sector de Av. Occidental durante hora pico. El conductor responsable presentó documentos y se llegó a un acuerdo inicial antes del reporte a la aseguradora.,Sí,No,0,0,No,11,Verde,Ninguna,0,0
SIN-0471,POL-0170,ASE-0245,PRV-0045,,,Salud,Maternidad,2024-06-23,2024-06-23,0,1093,-728,1154.86,943.64,696.02,21266.63,Anticipo,Quito,Impacto posterior en el sector de Av. Eloy Alfaro durante hora pico. El conductor responsable presentó documentos y se llegó a un acuerdo inicial antes del reporte a la aseguradora.,Sí,No,3,0,No,84,Rojo,Alta frecuencia reclamos asegurado (3 siniestros),1,1
SIN-0472,POL-0207,ASE-0052,PRV-0031,VEH-0086,NYD-0313,Vehículos,Pérdida Total,2024-07-27,2024-07-28,1,889,-524,42130.23,43771.52,0.0,9620.12,Negativa,Guayaquil,Accidente de tránsito en la vía Av. Francisco de Orellana con impacto severo que ocasionó daños irreparables al vehículo. Los peritos determinaron pérdida total por superar el 75% del valor asegurado.,Sí,No,0,0,No,13,Verde,Demora denuncia robo 24-48h,1,0
SIN-0473,POL-0188,ASE-0007,PRV-0007,VEH-0220,GSX-3493,Vehículos,Robo Parcial,2024-12-22,2024-12-22,0,1065,-700,1374.08,1497.96,0.0,13137.09,Cierre Sin Consecuencia,Cuenca,Impacto posterior en el sector de Av. de Las Américas durante hora pico. El conductor responsable presentó documentos y se llegó a un acuerdo inicial antes del reporte a la aseguradora.,Sí,No,3,1,No,56,Amarillo,Alta frecuencia reclamos asegurado (3 siniestros),1,0
SIN-0474,POL-0032,ASE-0108,PRV-0004,,,Hogar,Robo Contenido,2023-07-10,2023-07-11,1,201,164,2950.36,3108.34,3108.34,7116.64,Pago Total,Guayaquil,Sustracción de bienes del interior del inmueble en Av. del Bombero. El asegurado reporta ausencia de 10 días del domicilio. Se presentó la denuncia en la Fiscalía del sector.,Sí,No,0,0,No,26,Verde,Ninguna,0,0
SIN-0475,POL-0081,ASE-0200,PRV-0010,,,Hogar,Responsabilidad Civil,2023-04-26,2023-04-26,0,905,-540,4293.39,3972.98,3972.98,17191.08,Pago Total,Guayaquil,El vehículo asegurado impactó a un peatón en Av. Juan Tanca Marengo causando lesiones de consideración. Se levantó el parte policial y se trasladó al afectado al centro médico más cercano.,Sí,No,1,0,Sí,10,Verde,⚠️ Proveedor en Lista Restrictiva,1,0
SIN-0476,POL-0171,ASE-0230,PRV-0007,,,Hogar,Responsabilidad Civil,2024-06-05,2024-06-07,2,1295,-930,14590.0,14637.46,14637.46,47520.26,Pago Total,Quito,El vehículo asegurado impactó a un peatón en Av. América causando lesiones de consideración. Se levantó el parte policial y se trasladó al afectado al centro médico más cercano.,Sí,No,0,0,No,11,Verde,Ninguna,0,0
SIN-0477,POL-0057,ASE-0026,PRV-0060,VEH-0290,AYH-5956,Vehículos,Robo Parcial,2023-03-26,2023-03-28,2,30,751,2440.74,2620.95,2620.95,22717.69,Pago Total,Loja,El asegurado indica que al intentar ingresar al parqueadero fue golpeado lateralmente por un vehículo que no respetó la preferencia de paso en la intersección de Vía Principal.,Sí,No,0,0,No,9,Verde,Reclamo entre 11-30 días de póliza | Demora denuncia robo 24-48h,2,0
SIN-0478,POL-0162,ASE-0088,PRV-0016,VEH-0114,CTX-3244,Vehículos,Responsabilidad Civil,2023-04-17,2023-04-19,2,618,-253,18347.73,16181.12,8861.67,19797.56,Pago Parcial,Quito,El vehículo asegurado impactó a un peatón en Av. Occidental causando lesiones de consideración. Se levantó el parte policial y se trasladó al afectado al centro médico más cercano.,Sí,No,0,0,No,26,Verde,Ninguna,0,0
SIN-0479,POL-0240,ASE-0119,PRV-0037,VEH-0129,BPC-3857,Vehículos,Pérdida Total,2023-01-17,2023-01-20,3,23,108,22277.79,17948.85,17948.85,27661.18,Pago Total,Cuenca,Accidente de tránsito en la vía Av. Solano con impacto severo que ocasionó daños irreparables al vehículo. Los peritos determinaron pérdida total por superar el 75% del valor asegurado.,Sí,No,0,0,No,49,Amarillo,Reclamo entre 11-30 días de póliza | Demora denuncia robo >48h,2,1
SIN-0480,POL-0185,ASE-0105,PRV-0041,,,Generales,Incendio Comercial,2023-11-08,2023-11-09,1,1022,-657,15712.19,17260.12,0.0,12799.17,Reserva,Quito,Colisión frontal en la vía Av. 10 de Agosto cuando el vehículo contrario invadió el carril. Se levantó el parte policial correspondiente y se tomaron fotografías del lugar.,Sí,No,1,0,No,26,Verde,Ninguna,0,0
SIN-0481,POL-0043,ASE-0008,PRV-0033,VEH-0115,WGT-7235,Vehículos,Volcadura,2025-03-08,2025-03-10,2,529,-164,16644.96,15335.65,0.0,44604.51,Negativa,Guayaquil,Volcadura del vehículo asegurado en la curva de Av. 9 de Octubre. El conductor señala que existía exceso de velocidad combinado con lluvia intensa en ese momento. No hay cámaras en el sector.,Sí,No,1,3,Sí,10,Verde,Alta frecuencia conductor en vehículo (3 siniestros) | Vehículo con múltiples siniestros | ⚠️ Proveedor en Lista Restrictiva | Dinámica de accidente sospechosa (Volcadura),4,0
SIN-0482,POL-0158,ASE-0231,PRV-0012,,,Salud,Atención Médica,2023-07-27,2023-07-27,0,30,363,1819.18,2000.92,691.89,13387.59,Anticipo,Quito,Asegurado acude a emergencias por infarto agudo de miocardio. Se realizan exámenes de laboratorio e imagen. Se procede con el tratamiento indicado por el especialista.,No,No,1,0,No,18,Verde,Reclamo entre 11-30 días de póliza | Documentos incompletos,2,0
SIN-0483,POL-0106,ASE-0056,PRV-0030,,,Generales,Robo Equipos,2023-09-08,2023-09-09,1,1209,-844,14886.29,15816.07,0.0,26899.56,Negativa,Manta,El asegurado indica que al intentar ingresar al parqueadero fue golpeado lateralmente por un vehículo que no respetó la preferencia de paso en la intersección de Redondel Central.,Sí,No,1,0,No,26,Verde,Ninguna,0,0
SIN-0484,POL-0060,ASE-0213,PRV-0029,VEH-0225,EXN-5116,Vehículos,Robo,2023-12-15,2023-12-17,2,1310,-945,8837.45,8549.65,0.0,6203.61,Reserva,Latacunga,Sustracción del vehículo en el interior de un centro comercial de Redondel Central. Las cámaras del lugar presentaban fallas técnicas según indicó el personal de seguridad.,Sí,No,2,0,No,76,Rojo,Demora denuncia robo 24-48h | 2 siniestros previos del asegurado,2,1
SIN-0485,POL-0107,ASE-0131,PRV-0025,VEH-0016,SHE-5572,Vehículos,Responsabilidad Civil,2024-03-16,2024-03-16,0,345,20,18029.18,18953.34,0.0,21785.72,Negativa,Quito,El vehículo asegurado impactó a un peatón en Av. Shyris causando lesiones de consideración. Se levantó el parte policial y se trasladó al afectado al centro médico más cercano.,Sí,No,1,2,No,15,Verde,2 siniestros del mismo vehículo,1,0
SIN-0486,POL-0289,ASE-0087,PRV-0010,,,Generales,Daño Equipos,2025-04-11,2025-04-11,0,641,-276,3171.8,2716.32,0.0,32101.63,Cierre Sin Consecuencia,Loja,El asegurado indica que al intentar ingresar al parqueadero fue golpeado lateralmente por un vehículo que no respetó la preferencia de paso en la intersección de Vía Principal.,No,Sí,4,0,Sí,83,Rojo,Alta frecuencia reclamos asegurado (4 siniestros) | ⚠️ Proveedor en Lista Restrictiva | Documentos incompletos | ⚠️ Documentos inconsistentes detectados,4,1
SIN-0487,POL-0244,ASE-0118,PRV-0027,VEH-0115,WGT-7235,Vehículos,Volcadura,2024-04-08,2024-04-26,18,865,-500,17671.21,15747.11,12418.41,32818.11,Anticipo,Quito,Volcadura del vehículo asegurado en la curva de Av. Shyris. El conductor señala que existía exceso de velocidad combinado con lluvia intensa en ese momento. No hay cámaras en el sector.,No,No,1,3,No,98,Rojo,Alta frecuencia conductor en vehículo (3 siniestros) | Vehículo con múltiples siniestros | Proveedor con historial de casos observados | Documentos incompletos | Dinámica de accidente sospechosa (Volcadura) | Reporte tardío (18 días),6,1
SIN-0488,POL-0253,ASE-0002,PRV-0060,VEH-0300,TTH-9059,Vehículos,Pérdida Total,2023-04-08,2023-04-10,2,30,628,29271.05,24851.92,24851.92,6997.67,Pago Total,Cuenca,Accidente de tránsito en la vía Av. Huayna Cápac con impacto severo que ocasionó daños irreparables al vehículo. Los peritos determinaron pérdida total por superar el 75% del valor asegurado.,Sí,No,0,1,No,14,Verde,Reclamo entre 11-30 días de póliza | Demora denuncia robo 24-48h,2,0
SIN-0489,POL-0042,ASE-0084,PRV-0027,,,Generales,Incendio Comercial,2025-04-15,2025-04-17,2,1712,-1347,30494.03,27957.89,0.0,6487.68,Liquidado,Guayaquil,El asegurado indica que al intentar ingresar al parqueadero fue golpeado lateralmente por un vehículo que no respetó la preferencia de paso en la intersección de Av. 9 de Octubre.,Sí,No,0,0,No,6,Verde,Proveedor con historial de casos observados,1,0
SIN-0490,POL-0208,ASE-0102,PRV-0033,,,Vehículos,Robo,2020-07-26,2020-07-30,4,3,-1161,16221.13,16358.17,8341.62,13855.52,Anticipo,Quito,El asegurado reporta que al regresar al parqueadero ubicado en el sector de Av. Patria encontró que su vehículo había sido sustraído. No existen testigos ni cámaras de seguridad en el lugar.,No,No,3,0,Sí,76,Rojo,Reclamo primeros 10 días de póliza | Demora denuncia robo >48h | Alta frecuencia reclamos asegurado (3 siniestros) | ⚠️ Proveedor en Lista Restrictiva | Documentos incompletos | Reporte con demora moderada (4 días),6,1
SIN-0491,POL-0119,ASE-0033,PRV-0004,,,Vida,Invalidez Total,2023-12-24,2023-12-26,2,29,662,27307.44,24695.77,0.0,44784.04,Reserva,Guayaquil,Impacto posterior en el sector de Av. Francisco de Orellana durante hora pico. El conductor responsable presentó documentos y se llegó a un acuerdo inicial antes del reporte a la aseguradora.,Sí,No,0,0,No,71,Amarillo,Reclamo entre 11-30 días de póliza,1,0
SIN-0492,POL-0076,ASE-0118,PRV-0045,VEH-0317,LGN-4029,Vehículos,Choque,2024-08-18,2024-08-19,1,919,-554,1331.6,1400.96,1009.73,35350.51,Anticipo,Quito,Siniestro ocurrido en la autopista Av. Shyris. El vehículo derrapó al esquivar un objeto en la vía causando impacto contra el guardarraíl lateral.,No,No,1,1,No,11,Verde,Documentos incompletos,1,0
SIN-0493,POL-0075,ASE-0247,PRV-0042,,,Hogar,Terremoto,2023-02-09,2023-02-09,0,368,-3,21783.8,17878.95,0.0,39475.52,Reserva,Guayaquil,Siniestro ocurrido en la autopista Av. Carlos Julio Arosemena. El vehículo derrapó al esquivar un objeto en la vía causando impacto contra el guardarraíl lateral.,Sí,No,0,0,No,26,Verde,Ninguna,0,0
SIN-0494,POL-0296,ASE-0075,PRV-0009,VEH-0225,EXN-5116,Vehículos,Robo,2024-01-16,2024-01-18,2,1101,-736,18994.44,19036.15,0.0,11628.08,Liquidado,Guayaquil,Robo del vehículo en el sector comercial de Blvd. del Malecón. El asegurado indica que dejó el auto por aproximadamente 2 horas y al regresar ya no se encontraba. No hay evidencia de forzamiento.,Sí,No,0,0,No,19,Verde,Demora denuncia robo 24-48h,1,0
SIN-0495,POL-0119,ASE-0033,PRV-0038,,,Hogar,Robo Contenido,2023-07-20,2023-07-20,0,30,493,5367.22,5243.54,0.0,44784.04,Cierre Sin Consecuencia,Quito,"Robo con fuerza en el inmueble asegurado ubicado en Av. Eloy Alfaro, Quito. Los delincuentes ingresaron por la puerta principal. Se sustrajeron equipos electrónicos y objetos de valor.",Sí,No,1,0,No,26,Verde,Reclamo entre 11-30 días de póliza,1,0
SIN-0496,POL-0275,ASE-0058,PRV-0037,VEH-0012,BKT-1705,Vehículos,Responsabilidad Civil,2025-03-20,2025-03-21,1,1808,-1443,18939.03,16927.33,0.0,28732.84,Liquidado,Ibarra,El vehículo asegurado impactó a un peatón en Vía Principal causando lesiones de consideración. Se levantó el parte policial y se trasladó al afectado al centro médico más cercano.,Sí,No,0,0,No,11,Verde,Ninguna,0,0
SIN-0497,POL-0036,ASE-0059,PRV-0027,,,Salud,Atención Médica,2025-02-02,2025-02-04,2,1076,-711,39374.38,36958.24,36958.24,41845.49,Pago Total,Guayaquil,Colisión del asegurado contra un vehículo de servicio público en Av. República. El conductor del bus presentó daños en la parte lateral y varios pasajeros reportaron lesiones leves.,Sí,No,3,5,No,88,Rojo,Alta frecuencia reclamos asegurado (3 siniestros) | Alta frecuencia conductor en vehículo (5 siniestros) | Proveedor con historial de casos observados | ⚠️ Narrativa similar a otro reclamo (>85% similitud),4,1
SIN-0498,POL-0169,ASE-0099,PRV-0051,,,Salud,Cirugía,2024-10-10,2024-10-12,2,1494,-1129,6944.2,7119.43,7119.43,42325.01,Pago Total,Quito,Paciente sometido a intervención quirúrgica por hipertensión severa. Procedimiento realizado sin complicaciones en el Hospital Clínica Pichincha. Período de recuperación estimado: 10 días.,Sí,No,0,0,No,0,Verde,Ninguna,0,0
SIN-0499,POL-0019,ASE-0124,PRV-0050,VEH-0257,XSF-3285,Vehículos,Choque,2024-06-27,2024-06-27,0,1114,-749,5954.26,5473.7,5473.7,41242.04,Pago Total,Guayaquil,El asegurado indica que al intentar ingresar al parqueadero fue golpeado lateralmente por un vehículo que no respetó la preferencia de paso en la intersección de Av. 9 de Octubre.,Sí,No,0,0,No,26,Verde,Ninguna,0,0
SIN-0500,POL-0061,ASE-0174,PRV-0033,VEH-0064,CVG-0743,Vehículos,Daño Parcial,2023-07-15,2023-07-15,0,18,444,789.0,672.04,0.0,10405.8,Reserva,Quito,El vehículo asegurado fue impactado por la parte posterior mientras se encontraba detenido en el semáforo de la Av. Av. 10 de Agosto. El conductor del vehículo causante se dio a la fuga sin identificarse.,Sí,No,0,0,Sí,59,Amarillo,Reclamo entre 11-30 días de póliza | ⚠️ Proveedor en Lista Restrictiva,2,1
SIN-0501,POL-0109,ASE-0132,PRV-0038,,,Salud,Maternidad,2024-09-18,2024-09-19,1,1440,-1075,1608.48,1672.81,0.0,15061.1,Reserva,Quito,El asegurado indica que al intentar ingresar al parqueadero fue golpeado lateralmente por un vehículo que no respetó la preferencia de paso en la intersección de Av. Naciones Unidas.,Sí,No,1,0,No,26,Verde,Ninguna,0,0
SIN-0502,POL-0055,ASE-0176,PRV-0001,VEH-0112,JDF-5176,Vehículos,Robo Parcial,2023-02-22,2023-02-23,1,30,622,4616.85,4393.05,4393.05,28528.02,Pago Total,Ambato,Impacto posterior en el sector de Av. Atahualpa durante hora pico. El conductor responsable presentó documentos y se llegó a un acuerdo inicial antes del reporte a la aseguradora.,Sí,No,1,2,No,10,Verde,Reclamo entre 11-30 días de póliza | Demora denuncia robo 24-48h | 2 siniestros del mismo vehículo,3,0
SIN-0503,POL-0077,ASE-0003,PRV-0036,VEH-0330,PNX-7631,Vehículos,Volcadura,2023-07-18,2023-07-20,2,848,-483,13096.02,13035.27,7288.56,9017.0,Pago Parcial,Quito,Volcadura del vehículo asegurado en la curva de Calle Colón. El conductor señala que existía exceso de velocidad combinado con lluvia intensa en ese momento. No hay cámaras en el sector.,Sí,No,1,2,No,24,Verde,2 siniestros del mismo vehículo | Dinámica de accidente sospechosa (Volcadura),2,0
SIN-0504,POL-0104,ASE-0012,PRV-0058,VEH-0188,BWM-9433,Vehículos,Volcadura,2023-08-22,2023-08-22,0,30,487,7627.32,8203.66,2529.43,6258.6,Pago Parcial,Guayaquil,El vehículo perdió el control en la vía Blvd. del Malecón y volcó aparatosamente. No se identificaron otros vehículos involucrados. El accidente ocurrió aproximadamente a las 21:09 según el reporte policial.,Sí,No,0,0,No,10,Verde,Reclamo entre 11-30 días de póliza | Dinámica de accidente sospechosa (Volcadura),2,0
SIN-0505,POL-0015,ASE-0081,PRV-0059,,,Vida,Fallecimiento,2023-04-13,2023-04-14,1,818,-453,23803.55,20359.27,7963.32,25950.95,Anticipo,Guayaquil,El asegurado indica que al intentar ingresar al parqueadero fue golpeado lateralmente por un vehículo que no respetó la preferencia de paso en la intersección de Av. 9 de Octubre.,Sí,No,0,0,No,26,Verde,Ninguna,0,0
SIN-0506,POL-0069,ASE-0247,PRV-0021,,,Generales,Responsabilidad Civil,2025-02-16,2025-02-23,7,876,-511,10204.98,9115.7,0.0,27775.78,Liquidado,Ambato,El vehículo asegurado impactó a un peatón en Calle Sucre causando lesiones de consideración. Se levantó el parte policial y se trasladó al afectado al centro médico más cercano.,Sí,No,3,0,No,44,Amarillo,Alta frecuencia reclamos asegurado (3 siniestros) | Reporte con demora moderada (7 días),2,0
SIN-0507,POL-0130,ASE-0159,PRV-0005,VEH-0191,RFD-0994,Vehículos,Daño Parcial,2025-04-18,2025-04-18,0,1142,-777,1453.5,1231.25,793.63,20675.28,Pago Parcial,Loja,El asegurado indica que al intentar ingresar al parqueadero fue golpeado lateralmente por un vehículo que no respetó la preferencia de paso en la intersección de Redondel Central.,Sí,No,1,0,No,11,Verde,Ninguna,0,0
SIN-0508,POL-0003,ASE-0188,PRV-0054,VEH-0221,JGW-6710,Vehículos,Responsabilidad Civil,2023-08-26,2023-08-28,2,1232,-867,19948.3,21834.43,0.0,6584.23,Reserva,Quito,Colisión del asegurado contra un vehículo de servicio público en Av. 10 de Agosto. El conductor del bus presentó daños en la parte lateral y varios pasajeros reportaron lesiones leves.,No,No,5,0,Sí,43,Amarillo,Alta frecuencia reclamos asegurado (5 siniestros) | ⚠️ Proveedor en Lista Restrictiva | Documentos incompletos,3,0
SIN-0509,POL-0044,ASE-0244,PRV-0059,VEH-0034,NDL-9050,Vehículos,Robo,2024-03-26,2024-03-28,2,1376,-1011,42681.26,44369.04,0.0,44871.26,Liquidado,Machala,El asegurado reporta que al regresar al parqueadero ubicado en el sector de Av. Principal encontró que su vehículo había sido sustraído. No existen testigos ni cámaras de seguridad en el lugar.,Sí,No,1,0,No,94,Rojo,Demora denuncia robo 24-48h | Monto cercano a suma asegurada (>93%),2,1
SIN-0510,POL-0069,ASE-0247,PRV-0024,,,Hogar,Incendio,2022-10-10,2022-10-13,3,16,-437,26189.12,27246.81,0.0,27775.78,Reserva,Cuenca,Se reporta incendio en la sala principal del inmueble asegurado. El siniestro se originó por un cortocircuito eléctrico según informe del Cuerpo de Bomberos del Cantón Cuenca.,Sí,No,3,0,No,71,Amarillo,Reclamo entre 11-30 días de póliza | Alta frecuencia reclamos asegurado (3 siniestros),2,0
SIN-0511,POL-0153,ASE-0020,PRV-0040,,,Hogar,Daño por Agua,2023-03-01,2023-03-03,2,994,-629,2015.32,2078.71,0.0,33256.23,Negativa,Guayaquil,El vehículo asegurado fue impactado por la parte posterior mientras se encontraba detenido en el semáforo de la Av. Av. 9 de Octubre. El conductor del vehículo causante se dio a la fuga sin identificarse.,Sí,No,1,0,No,11,Verde,Ninguna,0,0
SIN-0512,POL-0124,ASE-0025,PRV-0049,,,Hogar,Terremoto,2024-02-11,2024-02-11,0,251,114,9009.14,9058.27,9058.27,23804.42,Pago Total,Guayaquil,Impacto posterior en el sector de Av. del Bombero durante hora pico. El conductor responsable presentó documentos y se llegó a un acuerdo inicial antes del reporte a la aseguradora.,Sí,No,2,0,No,44,Amarillo,2 siniestros previos del asegurado,1,0
SIN-0513,POL-0286,ASE-0037,PRV-0003,,,Salud,Emergencia,2023-12-09,2023-12-11,2,30,436,1472.96,1604.21,803.24,88717.74,Pago Parcial,Guayaquil,El asegurado indica que al intentar ingresar al parqueadero fue golpeado lateralmente por un vehículo que no respetó la preferencia de paso en la intersección de Av. Carlos Julio Arosemena.,Sí,No,1,0,No,26,Verde,Reclamo entre 11-30 días de póliza,1,0
SIN-0514,POL-0132,ASE-0015,PRV-0046,VEH-0045,NEX-3424,Vehículos,Volcadura,2024-08-04,2024-08-06,2,926,-561,9185.86,9705.06,0.0,46527.65,Cierre Sin Consecuencia,Ambato,Volcadura del vehículo asegurado en la curva de Av. 12 de Noviembre. El conductor señala que existía exceso de velocidad combinado con lluvia intensa en ese momento. No hay cámaras en el sector.,Sí,No,1,2,No,23,Verde,2 siniestros del mismo vehículo | Dinámica de accidente sospechosa (Volcadura),2,0
SIN-0515,POL-0016,ASE-0093,PRV-0040,VEH-0292,YFS-9352,Vehículos,Robo Parcial,2021-04-30,2021-05-01,1,20,-930,4368.44,3687.96,3687.96,47774.18,Pago Total,Guayaquil,Impacto posterior en el sector de Av. Carlos Julio Arosemena durante hora pico. El conductor responsable presentó documentos y se llegó a un acuerdo inicial antes del reporte a la aseguradora.,Sí,No,1,0,No,57,Amarillo,Reclamo entre 11-30 días de póliza | Demora denuncia robo 24-48h,2,0
SIN-0516,POL-0266,ASE-0075,PRV-0008,,,Hogar,Incendio,2024-03-02,2024-03-03,1,448,-83,14545.62,14471.3,11344.32,29830.6,Anticipo,Quito,Se reporta incendio en el segundo piso del inmueble asegurado. El siniestro se originó por un cortocircuito eléctrico según informe del Cuerpo de Bomberos del Cantón Quito.,No,No,0,0,No,5,Verde,Documentos incompletos,1,0
SIN-0517,POL-0167,ASE-0062,PRV-0033,,,Hogar,Responsabilidad Civil,2023-02-14,2023-02-18,4,1113,-748,15784.07,14399.3,0.0,16330.01,Negativa,Quito,Colisión del asegurado contra un vehículo de servicio público en Av. 6 de Diciembre. El conductor del bus presentó daños en la parte lateral y varios pasajeros reportaron lesiones leves.,Sí,No,6,5,No,97,Rojo,Alta frecuencia reclamos asegurado (6 siniestros) | Alta frecuencia conductor en vehículo (5 siniestros) | Proveedor con historial de casos observados | Reporte con demora moderada (4 días),4,1
SIN-0518,POL-0021,ASE-0179,PRV-0017,VEH-0301,ZGX-5117,Vehículos,Choque,2025-01-17,2025-01-19,2,1243,-878,7806.45,6536.7,6536.7,10675.08,Pago Total,Guayaquil,El asegurado indica que al intentar ingresar al parqueadero fue golpeado lateralmente por un vehículo que no respetó la preferencia de paso en la intersección de Av. del Bombero.,Sí,No,1,0,No,26,Verde,Ninguna,0,0
SIN-0519,POL-0111,ASE-0161,PRV-0029,,,Vida,Invalidez Parcial,2023-03-27,2023-03-27,0,30,901,3037.83,3092.95,0.0,98144.41,Reserva,Quito,Colisión frontal en la vía Av. Naciones Unidas cuando el vehículo contrario invadió el carril. Se levantó el parte policial correspondiente y se tomaron fotografías del lugar.,Sí,No,0,0,No,5,Verde,Reclamo entre 11-30 días de póliza,1,0
SIN-0520,POL-0295,ASE-0190,PRV-0008,VEH-0153,XFY-8025,Vehículos,Volcadura,2025-04-15,2025-04-17,2,1654,-1289,7734.46,7886.71,7886.71,6339.42,Pago Total,Guayaquil,Volcadura del vehículo asegurado en la curva de Av. del Bombero. El conductor señala que existía exceso de velocidad combinado con lluvia intensa en ese momento. No hay cámaras en el sector.,Sí,No,0,1,No,7,Verde,Dinámica de accidente sospechosa (Volcadura),1,0
SIN-0521,POL-0199,ASE-0055,PRV-0045,,,Salud,Atención Médica,2024-10-04,2024-10-05,1,1258,-893,1951.89,1907.61,0.0,10934.34,Liquidado,Cuenca,Asegurado acude a emergencias por apendicitis aguda. Se realizan exámenes de laboratorio e imagen. Se procede con el tratamiento indicado por el especialista.,Sí,No,0,0,No,0,Verde,Ninguna,0,0
SIN-0522,POL-0202,ASE-0177,PRV-0055,,,Hogar,Robo Contenido,2023-12-13,2023-12-15,2,22,-94,3302.58,3389.01,3389.01,38132.22,Pago Total,Guayaquil,Sustracción de bienes del interior del inmueble en Av. Narcisa de Jesús. El asegurado reporta ausencia de 6 días del domicilio. Se presentó la denuncia en la Fiscalía del sector.,Sí,No,0,0,No,47,Amarillo,Reclamo entre 11-30 días de póliza,1,1
SIN-0523,POL-0237,ASE-0019,PRV-0043,VEH-0370,SXS-8737,Vehículos,Robo,2024-09-25,2024-09-27,2,454,-89,24393.32,22669.29,22669.29,26671.93,Pago Total,Guayaquil,Robo del vehículo en el sector comercial de Av. Narcisa de Jesús. El asegurado indica que dejó el auto por aproximadamente 2 horas y al regresar ya no se encontraba. No hay evidencia de forzamiento.,Sí,No,1,1,No,26,Verde,Demora denuncia robo 24-48h,1,0
SIN-0524,POL-0147,ASE-0038,PRV-0058,VEH-0356,XEA-8534,Vehículos,Robo Parcial,2023-05-09,2023-05-10,1,-85,450,4577.23,4577.37,0.0,14604.08,Negativa,Guayaquil,El vehículo asegurado fue impactado por la parte posterior mientras se encontraba detenido en el semáforo de la Av. Av. 9 de Octubre. El conductor del vehículo causante se dio a la fuga sin identificarse.,No,No,1,0,No,49,Amarillo,Demora denuncia robo 24-48h | Documentos incompletos,2,1
SIN-0525,POL-0156,ASE-0173,PRV-0032,VEH-0193,LTX-0495,Vehículos,Pérdida Total,2021-07-21,2021-07-24,3,17,-1013,11694.65,12611.95,12611.95,28973.94,Pago Total,Quito,Accidente de tránsito en la vía Av. Eloy Alfaro con impacto severo que ocasionó daños irreparables al vehículo. Los peritos determinaron pérdida total por superar el 75% del valor asegurado.,Sí,No,2,0,No,71,Amarillo,Reclamo entre 11-30 días de póliza | Demora denuncia robo >48h | 2 siniestros previos del asegurado,3,1
SIN-0526,POL-0177,ASE-0115,PRV-0054,VEH-0164,ZUU-9028,Vehículos,Daño Parcial,2024-12-11,2024-12-11,0,1617,-1252,3635.69,3190.7,3190.7,37065.26,Pago Total,Ambato,Impacto posterior en el sector de Calle Sucre durante hora pico. El conductor responsable presentó documentos y se llegó a un acuerdo inicial antes del reporte a la aseguradora.,Sí,No,0,4,Sí,25,Verde,Alta frecuencia conductor en vehículo (4 siniestros) | Vehículo con múltiples siniestros | ⚠️ Proveedor en Lista Restrictiva,3,0
SIN-0527,POL-0298,ASE-0190,PRV-0007,,,Salud,Hospitalización,2024-02-28,2024-03-01,2,100,265,5326.58,5542.67,5542.67,70731.75,Pago Total,Quito,Paciente ingresa al área de hospitalización por diagnóstico de hipertensión severa. Evolución satisfactoria durante los 5 días de internación. Alta médica con indicaciones.,Sí,No,0,0,No,14,Verde,Ninguna,0,0
SIN-0528,POL-0205,ASE-0250,PRV-0002,,,Hogar,Daño por Agua,2024-11-22,2024-11-25,3,847,-482,3710.21,3435.93,1668.57,9913.59,Anticipo,Quito,El vehículo asegurado fue impactado por la parte posterior mientras se encontraba detenido en el semáforo de la Av. Av. Eloy Alfaro. El conductor del vehículo causante se dio a la fuga sin identificarse.,No,No,4,0,No,43,Amarillo,Alta frecuencia reclamos asegurado (4 siniestros) | Documentos incompletos,2,0
SIN-0529,POL-0169,ASE-0099,PRV-0020,VEH-0368,YNN-6265,Vehículos,Daño Parcial,2024-05-06,2024-05-08,2,1337,-972,2451.6,2167.13,0.0,42325.01,Liquidado,Quito,El vehículo asegurado fue impactado por la parte posterior mientras se encontraba detenido en el semáforo de la Av. Av. Occidental. El conductor del vehículo causante se dio a la fuga sin identificarse.,Sí,No,0,1,No,11,Verde,Ninguna,0,0
SIN-0530,POL-0070,ASE-0102,PRV-0035,,,Vehículos,Volcadura,2023-10-27,2023-11-07,11,226,139,15556.03,16222.56,0.0,22138.93,Cierre Sin Consecuencia,Cuenca,El vehículo perdió el control en la vía Calle Gran Colombia y volcó aparatosamente. No se identificaron otros vehículos involucrados. El accidente ocurrió aproximadamente a las 07:02 según el reporte policial.,No,No,1,2,No,76,Rojo,2 siniestros del mismo vehículo | Documentos incompletos | Dinámica de accidente sospechosa (Volcadura) | Reporte tardío (11 días),4,1
SIN-0531,POL-0013,ASE-0030,PRV-0033,VEH-0106,VWH-0191,Vehículos,Daño Parcial,2023-04-05,2023-04-05,0,30,351,727.73,707.21,266.42,23615.66,Pago Parcial,Guayaquil,Siniestro ocurrido en la autopista Blvd. del Malecón. El vehículo derrapó al esquivar un objeto en la vía causando impacto contra el guardarraíl lateral.,No,No,1,2,Sí,40,Verde,Reclamo entre 11-30 días de póliza | 2 siniestros del mismo vehículo | ⚠️ Proveedor en Lista Restrictiva | Documentos incompletos,4,0
SIN-0532,POL-0224,ASE-0125,PRV-0052,,,Salud,Cirugía,2023-09-17,2023-09-17,0,30,380,10904.97,10134.95,0.0,17610.21,Reserva,Quito,Cirugía de urgencia por cálculos renales en el Clínica Pichincha. El paciente evolucionó favorablemente durante el postoperatorio. Dados de alta con seguimiento ambulatorio.,Sí,No,0,0,No,5,Verde,Reclamo entre 11-30 días de póliza,1,0
SIN-0533,POL-0159,ASE-0112,PRV-0032,VEH-0268,PDD-7786,Vehículos,Robo,2023-05-26,2023-05-27,1,482,-117,39201.29,40614.65,21650.08,27572.71,Anticipo,Guayaquil,El asegurado reporta que al regresar al parqueadero ubicado en el sector de Av. del Bombero encontró que su vehículo había sido sustraído. No existen testigos ni cámaras de seguridad en el lugar.,Sí,No,0,0,No,26,Verde,Demora denuncia robo 24-48h,1,0
SIN-0534,POL-0070,ASE-0102,PRV-0054,,,Salud,Maternidad,2023-04-24,2023-04-25,1,40,325,2521.72,2730.37,2730.37,22138.93,Pago Total,Tulcán,El vehículo asegurado fue impactado por la parte posterior mientras se encontraba detenido en el semáforo de la Av. Redondel Central. El conductor del vehículo causante se dio a la fuga sin identificarse.,Sí,No,1,0,Sí,10,Verde,⚠️ Proveedor en Lista Restrictiva,1,0
SIN-0535,POL-0120,ASE-0011,PRV-0027,VEH-0346,LNT-1957,Vehículos,Choque,2024-09-01,2024-09-03,2,115,250,22426.11,21940.25,0.0,23982.6,Liquidado,Cuenca,Siniestro ocurrido en la autopista Calle Gran Colombia. El vehículo derrapó al esquivar un objeto en la vía causando impacto contra el guardarraíl lateral.,Sí,No,6,5,No,87,Rojo,Alta frecuencia reclamos asegurado (6 siniestros) | Alta frecuencia conductor en vehículo (5 siniestros) | Vehículo con múltiples siniestros | Proveedor con historial de casos observados | Monto cercano a suma asegurada (>93%),5,1
SIN-0536,POL-0263,ASE-0095,PRV-0009,,,Salud,Cirugía,2023-10-15,2023-10-19,4,168,197,8661.03,7416.84,0.0,23638.07,Reserva,Quito,Cirugía de urgencia por hernia inguinal en el Hospital IESS Quito Sur. El paciente evolucionó favorablemente durante el postoperatorio. Dados de alta con seguimiento ambulatorio.,Sí,No,0,0,No,43,Amarillo,Reporte con demora moderada (4 días),1,0
SIN-0537,POL-0280,ASE-0030,PRV-0023,VEH-0040,MCJ-4672,Vehículos,Robo,2023-06-04,2023-06-06,2,30,877,11085.08,9813.22,0.0,53086.35,Reserva,Guayaquil,Robo del vehículo en el sector comercial de Av. Narcisa de Jesús. El asegurado indica que dejó el auto por aproximadamente 2 horas y al regresar ya no se encontraba. No hay evidencia de forzamiento.,Sí,No,1,1,No,9,Verde,Reclamo entre 11-30 días de póliza | Demora denuncia robo 24-48h,2,0
SIN-0538,POL-0141,ASE-0112,PRV-0014,VEH-0307,TTM-9111,Vehículos,Volcadura,2024-09-10,2024-09-11,1,-92,457,4799.3,5003.83,0.0,38360.93,Reserva,Quito,El vehículo perdió el control en la vía Av. República y volcó aparatosamente. No se identificaron otros vehículos involucrados. El accidente ocurrió aproximadamente a las 22:47 según el reporte policial.,Sí,No,3,0,No,56,Amarillo,Alta frecuencia reclamos asegurado (3 siniestros) | Dinámica de accidente sospechosa (Volcadura),2,0
SIN-0539,POL-0077,ASE-0003,PRV-0019,,,Vehículos,Volcadura,2024-02-13,2024-03-04,20,1058,-693,8742.07,7286.85,7286.85,9017.0,Pago Total,Quito,El vehículo perdió el control en la vía Av. Eloy Alfaro y volcó aparatosamente. No se identificaron otros vehículos involucrados. El accidente ocurrió aproximadamente a las 04:11 según el reporte policial.,No,No,2,4,No,80,Rojo,2 siniestros previos del asegurado | Alta frecuencia conductor en vehículo (4 siniestros) | Vehículo con múltiples siniestros | Documentos incompletos | Dinámica de accidente sospechosa (Volcadura) | Reporte tardío (20 días) | Monto cercano a suma asegurada (>93%),7,1
SIN-0540,POL-0177,ASE-0115,PRV-0039,VEH-0114,CTX-3244,Vehículos,Daño Parcial,2025-03-28,2025-03-28,0,1724,-1359,2637.79,2154.3,2154.3,37065.26,Pago Total,Babahoyo,Colisión frontal en la vía Calle Central cuando el vehículo contrario invadió el carril. Se levantó el parte policial correspondiente y se tomaron fotografías del lugar.,Sí,No,0,0,No,11,Verde,Ninguna,0,0
SIN-0541,POL-0286,ASE-0037,PRV-0027,VEH-0243,DGF-7221,Vehículos,Robo Parcial,2023-02-06,2023-02-08,2,30,742,3045.04,3094.56,0.0,88717.74,Reserva,Quito,Colisión frontal en la vía Av. Eloy Alfaro cuando el vehículo contrario invadió el carril. Se levantó el parte policial correspondiente y se tomaron fotografías del lugar.,Sí,No,0,0,No,10,Verde,Reclamo entre 11-30 días de póliza | Demora denuncia robo 24-48h | Proveedor con historial de casos observados,3,0
SIN-0542,POL-0005,ASE-0055,PRV-0043,,,Hogar,Robo Contenido,2025-01-12,2025-01-12,0,144,221,2268.85,2080.12,0.0,10440.5,Reserva,Quito,Sustracción de bienes del interior del inmueble en Av. América. El asegurado reporta ausencia de 3 días del domicilio. Se presentó la denuncia en la Fiscalía del sector.,No,No,1,0,No,26,Verde,Documentos incompletos,1,0
SIN-0543,POL-0068,ASE-0038,PRV-0048,VEH-0133,WTV-7921,Vehículos,Volcadura,2023-06-15,2023-06-26,11,1168,-803,3065.43,2752.73,1072.82,14033.65,Anticipo,Cuenca,El vehículo perdió el control en la vía Av. Loja y volcó aparatosamente. No se identificaron otros vehículos involucrados. El accidente ocurrió aproximadamente a las 07:35 según el reporte policial.,No,No,1,4,No,83,Rojo,Alta frecuencia conductor en vehículo (4 siniestros) | Vehículo con múltiples siniestros | Documentos incompletos | Dinámica de accidente sospechosa (Volcadura) | Reporte tardío (11 días),5,1
SIN-0544,POL-0008,ASE-0134,PRV-0056,,,Salud,Cirugía,2024-05-23,2024-05-24,1,269,96,14299.54,12559.44,0.0,38086.2,Liquidado,Guayaquil,"Robo con fuerza en el inmueble asegurado ubicado en Av. Occidental, Quito. Los delincuentes ingresaron por el garaje. Se sustrajeron equipos electrónicos y objetos de valor.",Sí,No,1,0,No,9,Verde,⚠️ Narrativa similar a otro reclamo (>85% similitud),1,0
SIN-0545,POL-0159,ASE-0112,PRV-0006,,,Hogar,Daño por Agua,2023-12-27,2023-12-27,0,697,-332,6788.23,6070.5,0.0,27572.71,Cierre Sin Consecuencia,Loja,El vehículo asegurado fue impactado por la parte posterior mientras se encontraba detenido en el semáforo de la Av. Calle Central. El conductor del vehículo causante se dio a la fuga sin identificarse.,Sí,No,1,0,No,26,Verde,Ninguna,0,0
SIN-0546,POL-0067,ASE-0195,PRV-0032,VEH-0245,SPX-2254,Vehículos,Responsabilidad Civil,2024-10-11,2024-10-11,0,209,156,15393.52,16869.04,8687.54,14745.24,Anticipo,Guayaquil,El vehículo asegurado impactó a un peatón en Blvd. del Malecón causando lesiones de consideración. Se levantó el parte policial y se trasladó al afectado al centro médico más cercano.,Sí,No,3,0,No,94,Rojo,Alta frecuencia reclamos asegurado (3 siniestros),1,1
SIN-0547,POL-0041,ASE-0003,PRV-0050,VEH-0189,BMD-1416,Vehículos,Robo,2024-03-03,2024-03-06,3,307,58,13192.23,11096.4,11096.4,6360.57,Pago Total,Quito,Sustracción del vehículo en el interior de un centro comercial de Av. Patria. Las cámaras del lugar presentaban fallas técnicas según indicó el personal de seguridad.,Sí,No,2,1,No,56,Amarillo,Demora denuncia robo >48h | 2 siniestros previos del asegurado,2,0
SIN-0548,POL-0139,ASE-0146,PRV-0007,,,Salud,Maternidad,2023-11-21,2023-11-21,0,567,-202,3913.87,3640.27,3640.27,18751.6,Pago Total,Quito,Sustracción del vehículo en el interior de un centro comercial de Calle Colón. Las cámaras del lugar presentaban fallas técnicas según indicó el personal de seguridad.,Sí,No,1,0,No,26,Verde,⚠️ Narrativa similar a otro reclamo (>85% similitud),1,1
SIN-0549,POL-0201,ASE-0155,PRV-0052,VEH-0254,SVB-0713,Vehículos,Daño Parcial,2023-12-20,2023-12-20,0,204,161,2132.87,2041.86,0.0,25687.57,Reserva,Portoviejo,Impacto posterior en el sector de Av. Principal durante hora pico. El conductor responsable presentó documentos y se llegó a un acuerdo inicial antes del reporte a la aseguradora.,Sí,No,0,0,No,26,Verde,Ninguna,0,0
SIN-0550,POL-0156,ASE-0173,PRV-0054,VEH-0284,ZLA-5624,Vehículos,Robo Parcial,2023-02-03,2023-02-07,4,579,-214,26813.52,24753.43,8587.75,28973.94,Anticipo,Quito,Colisión frontal en la vía Calle Colón cuando el vehículo contrario invadió el carril. Se levantó el parte policial correspondiente y se tomaron fotografías del lugar.,Sí,No,6,3,No,76,Rojo,Demora denuncia robo >48h | Alta frecuencia reclamos asegurado (6 siniestros) | Alta frecuencia conductor en vehículo (3 siniestros) | Vehículo con múltiples siniestros | Proveedor con historial de casos observados | Reporte con demora moderada (4 días),6,1
SIN-0551,POL-0300,ASE-0244,PRV-0060,VEH-0241,NGF-9874,Vehículos,Volcadura,2024-03-09,2024-03-10,1,196,169,9523.3,9243.36,0.0,17551.7,Reserva,Guayaquil,El vehículo perdió el control en la vía Av. Narcisa de Jesús y volcó aparatosamente. No se identificaron otros vehículos involucrados. El accidente ocurrió aproximadamente a las 02:40 según el reporte policial.,Sí,No,3,0,No,49,Amarillo,Alta frecuencia reclamos asegurado (3 siniestros) | Dinámica de accidente sospechosa (Volcadura),2,0
SIN-0552,POL-0207,ASE-0052,PRV-0006,,,Salud,Hospitalización,2024-07-11,2024-07-11,0,873,-508,7452.46,7752.73,7752.73,9620.12,Pago Total,Quito,Ingreso hospitalario de emergencia por hernia inguinal severo. Requirió atención en UCI durante las primeras 48 horas. Posteriormente trasladado a sala general con mejoría progresiva.,Sí,No,0,0,No,26,Verde,Ninguna,0,0
SIN-0553,POL-0242,ASE-0229,PRV-0022,,,Vida,Enfermedades Graves,2024-09-04,2024-09-08,4,718,-353,6745.79,6899.92,4435.24,14252.97,Pago Parcial,Santo Domingo,Siniestro ocurrido en la autopista Av. Principal. El vehículo derrapó al esquivar un objeto en la vía causando impacto contra el guardarraíl lateral.,Sí,No,3,0,No,45,Amarillo,Alta frecuencia reclamos asegurado (3 siniestros) | Reporte con demora moderada (4 días),2,0
SIN-0554,POL-0276,ASE-0186,PRV-0008,VEH-0014,SLD-6987,Vehículos,Responsabilidad Civil,2024-05-13,2024-05-17,4,618,-253,3940.59,3699.33,3699.33,23088.65,Pago Total,Quito,El vehículo asegurado impactó a un peatón en Av. Eloy Alfaro causando lesiones de consideración. Se levantó el parte policial y se trasladó al afectado al centro médico más cercano.,Sí,No,0,0,No,41,Amarillo,Reporte con demora moderada (4 días),1,1
SIN-0555,POL-0249,ASE-0173,PRV-0047,,,Hogar,Daño por Agua,2025-03-26,2025-03-27,1,427,-62,5664.71,4787.54,0.0,36425.51,Reserva,Quito,El vehículo asegurado fue impactado por la parte posterior mientras se encontraba detenido en el semáforo de la Av. Av. Eloy Alfaro. El conductor del vehículo causante se dio a la fuga sin identificarse.,Sí,No,0,0,No,11,Verde,Ninguna,0,0
SIN-0556,POL-0249,ASE-0173,PRV-0035,,,Vida,Invalidez Parcial,2024-06-20,2024-06-22,2,148,217,6780.3,5884.33,4198.79,36425.51,Anticipo,Guayaquil,Colisión frontal en la vía Av. Carlos Julio Arosemena cuando el vehículo contrario invadió el carril. Se levantó el parte policial correspondiente y se tomaron fotografías del lugar.,Sí,No,0,0,No,14,Verde,Ninguna,0,0
SIN-0557,POL-0148,ASE-0022,PRV-0055,VEH-0093,ELX-7212,Vehículos,Choque,2023-09-22,2023-09-25,3,13,349,6488.16,5697.99,4419.92,29031.41,Anticipo,Quito,Impacto posterior en el sector de Av. Naciones Unidas durante hora pico. El conductor responsable presentó documentos y se llegó a un acuerdo inicial antes del reporte a la aseguradora.,Sí,No,0,0,No,44,Amarillo,Reclamo entre 11-30 días de póliza,1,0
SIN-0558,POL-0190,ASE-0187,PRV-0055,VEH-0178,VTA-4089,Vehículos,Responsabilidad Civil,2024-04-27,2024-04-29,2,1316,-951,11350.62,11294.89,0.0,7628.5,Negativa,Guayaquil,Colisión del asegurado contra un vehículo de servicio público en Blvd. del Malecón. El conductor del bus presentó daños en la parte lateral y varios pasajeros reportaron lesiones leves.,No,Sí,0,1,No,46,Amarillo,Documentos incompletos | ⚠️ Documentos inconsistentes detectados,2,0
SIN-0559,POL-0142,ASE-0066,PRV-0034,,,Salud,Emergencia,2023-08-26,2023-08-29,3,890,-525,35699.02,35301.57,35301.57,36433.22,Pago Total,Guayaquil,Impacto posterior en el sector de Blvd. del Malecón durante hora pico. El conductor responsable presentó documentos y se llegó a un acuerdo inicial antes del reporte a la aseguradora.,Sí,No,4,4,No,76,Rojo,Alta frecuencia reclamos asegurado (4 siniestros) | Alta frecuencia conductor en vehículo (4 siniestros) | Proveedor con historial de casos observados,3,1
SIN-0560,POL-0063,ASE-0033,PRV-0052,VEH-0052,DVU-1444,Vehículos,Choque,2024-11-19,2024-11-25,6,1720,-1355,6820.56,6868.39,6868.39,40131.48,Pago Total,Cuenca,Colisión frontal en la vía Av. Huayna Cápac cuando el vehículo contrario invadió el carril. Se levantó el parte policial correspondiente y se tomaron fotografías del lugar.,Sí,No,0,0,No,71,Amarillo,Reporte con demora moderada (6 días),1,1
SIN-0561,POL-0010,ASE-0108,PRV-0057,VEH-0204,MGX-6667,Vehículos,Choque,2023-12-31,2023-12-31,0,1312,-947,3967.7,3264.64,0.0,14737.15,Reserva,Quito,El vehículo asegurado fue impactado por la parte posterior mientras se encontraba detenido en el semáforo de la Av. Av. América. El conductor del vehículo causante se dio a la fuga sin identificarse.,Sí,No,1,1,No,0,Verde,Ninguna,0,0
SIN-0562,POL-0289,ASE-0087,PRV-0052,,,Salud,Maternidad,2025-01-03,2025-01-03,0,543,-178,942.74,818.05,353.48,32101.63,Anticipo,Quito,Impacto posterior en el sector de Calle Colón durante hora pico. El conductor responsable presentó documentos y se llegó a un acuerdo inicial antes del reporte a la aseguradora.,Sí,No,0,0,No,11,Verde,Ninguna,0,0
SIN-0563,POL-0243,ASE-0048,PRV-0020,,,Vida,Fallecimiento,2023-08-03,2023-08-05,2,1040,-675,19915.63,20543.64,13216.39,49406.42,Pago Parcial,Guayaquil,Colisión frontal en la vía Av. Narcisa de Jesús cuando el vehículo contrario invadió el carril. Se levantó el parte policial correspondiente y se tomaron fotografías del lugar.,Sí,No,2,0,No,48,Amarillo,2 siniestros previos del asegurado,1,1
SIN-0564,POL-0207,ASE-0052,PRV-0036,VEH-0082,JCD-0699,Vehículos,Robo,2024-11-04,2024-11-06,2,989,-624,37726.74,37399.15,37399.15,9620.12,Pago Total,Ambato,El vehículo fue robado en horas de la madrugada mientras se encontraba estacionado frente al domicilio del asegurado en Av. Los Shyris. Se realizó la denuncia en la UPC del sector.,Sí,No,1,0,No,5,Verde,Demora denuncia robo 24-48h,1,0
SIN-0565,POL-0256,ASE-0080,PRV-0017,,,Salud,Maternidad,2025-02-16,2025-02-18,2,61,304,1259.21,1220.51,0.0,28524.91,Reserva,Quito,El asegurado indica que al intentar ingresar al parqueadero fue golpeado lateralmente por un vehículo que no respetó la preferencia de paso en la intersección de Calle Colón.,Sí,No,1,0,No,26,Verde,Ninguna,0,0
SIN-0566,POL-0207,ASE-0052,PRV-0051,,,Hogar,Incendio,2023-08-08,2023-08-09,1,535,-170,21981.87,19783.18,19783.18,9620.12,Pago Total,Quito,Se reporta incendio en el garaje del inmueble asegurado. El siniestro se originó por un cortocircuito eléctrico según informe del Cuerpo de Bomberos del Cantón Quito.,Sí,No,3,0,No,47,Amarillo,Alta frecuencia reclamos asegurado (3 siniestros),1,0
SIN-0567,POL-0199,ASE-0055,PRV-0007,,,Salud,Atención Médica,2024-03-23,2024-03-25,2,1063,-698,668.9,612.63,0.0,10934.34,Negativa,Babahoyo,Paciente ingresa a consulta por cuadro de fractura de tibia. Se realiza evaluación completa y se indica tratamiento farmacológico por 15 días con control posterior.,Sí,No,1,0,No,11,Verde,Ninguna,0,0
SIN-0568,POL-0228,ASE-0213,PRV-0050,VEH-0270,PNL-3565,Vehículos,Robo,2024-02-09,2024-02-10,1,26,690,32474.67,29269.5,0.0,16838.16,Liquidado,Portoviejo,El asegurado reporta que al regresar al parqueadero ubicado en el sector de Redondel Central encontró que su vehículo había sido sustraído. No existen testigos ni cámaras de seguridad en el lugar.,Sí,No,6,0,No,57,Amarillo,Reclamo entre 11-30 días de póliza | Demora denuncia robo 24-48h | Alta frecuencia reclamos asegurado (6 siniestros),3,1
SIN-0569,POL-0147,ASE-0038,PRV-0043,,,Vehículos,Volcadura,2025-03-08,2025-03-16,8,584,-219,5788.24,5387.95,0.0,14604.08,Reserva,Guayaquil,El vehículo perdió el control en la vía Av. Narcisa de Jesús y volcó aparatosamente. No se identificaron otros vehículos involucrados. El accidente ocurrió aproximadamente a las 07:11 según el reporte policial.,No,No,1,3,No,87,Rojo,Alta frecuencia conductor en vehículo (3 siniestros) | Vehículo con múltiples siniestros | Documentos incompletos | Dinámica de accidente sospechosa (Volcadura) | Reporte tardío (8 días),5,1
SIN-0570,POL-0264,ASE-0029,PRV-0005,,,Salud,Emergencia,2023-10-27,2023-10-27,0,1065,-700,925.85,933.68,933.68,30218.68,Pago Total,Guayaquil,El vehículo asegurado fue impactado por la parte posterior mientras se encontraba detenido en el semáforo de la Av. Av. Francisco de Orellana. El conductor del vehículo causante se dio a la fuga sin identificarse.,Sí,No,1,0,No,11,Verde,Ninguna,0,0
SIN-0571,POL-0279,ASE-0229,PRV-0026,,,Generales,Responsabilidad Civil,2024-03-01,2024-03-02,1,30,400,2855.83,2431.27,0.0,27840.28,Liquidado,Latacunga,Colisión del asegurado contra un vehículo de servicio público en Av. 24 de Mayo. El conductor del bus presentó daños en la parte lateral y varios pasajeros reportaron lesiones leves.,Sí,No,1,0,No,5,Verde,Reclamo entre 11-30 días de póliza,1,0
SIN-0572,POL-0278,ASE-0240,PRV-0010,VEH-0374,DMH-3765,Vehículos,Robo,2021-07-08,2021-07-15,7,2,-321,31248.65,34134.96,34134.96,8990.36,Pago Total,Guayaquil,Robo del vehículo en el sector comercial de Av. Juan Tanca Marengo. El asegurado indica que dejó el auto por aproximadamente 2 horas y al regresar ya no se encontraba. No hay evidencia de forzamiento.,No,No,4,1,Sí,83,Rojo,Reclamo primeros 10 días de póliza | Demora denuncia robo >48h | Alta frecuencia reclamos asegurado (4 siniestros) | ⚠️ Proveedor en Lista Restrictiva | Documentos incompletos | Reporte con demora moderada (7 días),6,1
SIN-0573,POL-0177,ASE-0115,PRV-0016,VEH-0227,JKN-0179,Vehículos,Volcadura,2023-12-28,2023-12-29,1,1268,-903,16524.92,16706.19,9976.49,37065.26,Pago Parcial,Riobamba,El vehículo perdió el control en la vía Vía Principal y volcó aparatosamente. No se identificaron otros vehículos involucrados. El accidente ocurrió aproximadamente a las 01:29 según el reporte policial.,No,No,1,1,No,25,Verde,Documentos incompletos | Dinámica de accidente sospechosa (Volcadura),2,0
SIN-0574,POL-0001,ASE-0033,PRV-0011,,,Vida,Invalidez Total,2025-03-29,2025-03-30,1,1909,-1544,38967.48,34030.1,18061.3,38796.87,Pago Parcial,Cuenca,Impacto posterior en el sector de Av. Solano durante hora pico. El conductor responsable presentó documentos y se llegó a un acuerdo inicial antes del reporte a la aseguradora.,Sí,No,0,0,No,26,Verde,Ninguna,0,0
SIN-0575,POL-0289,ASE-0087,PRV-0013,VEH-0240,WRY-6258,Vehículos,Pérdida Total,2024-02-01,2024-02-03,2,206,159,18342.66,19684.01,0.0,32101.63,Negativa,Guayaquil,El vehículo sufrió daños de consideración al precipitarse en la vía Av. Carlos Julio Arosemena. El informe del perito establece que los costos de reparación superan el valor comercial del vehículo.,Sí,No,0,1,No,26,Verde,Demora denuncia robo 24-48h,1,0
SIN-0576,POL-0188,ASE-0007,PRV-0011,,,Vida,Enfermedades Graves,2024-09-29,2024-09-29,0,981,-616,12210.76,12088.09,4994.11,13137.09,Anticipo,Ambato,El asegurado indica que al intentar ingresar al parqueadero fue golpeado lateralmente por un vehículo que no respetó la preferencia de paso en la intersección de Av. 12 de Noviembre.,Sí,No,1,0,No,26,Verde,Ninguna,0,0
SIN-0577,POL-0148,ASE-0022,PRV-0051,,,Vida,Enfermedades Graves,2024-03-24,2024-03-24,0,197,168,32123.42,26854.4,19234.72,29031.41,Pago Parcial,Ambato,El vehículo asegurado fue impactado por la parte posterior mientras se encontraba detenido en el semáforo de la Av. Calle Sucre. El conductor del vehículo causante se dio a la fuga sin identificarse.,Sí,No,1,0,No,11,Verde,Ninguna,0,0
SIN-0578,POL-0084,ASE-0002,PRV-0059,VEH-0299,XYA-5314,Vehículos,Volcadura,2023-06-14,2023-06-15,1,-44,409,16158.39,13936.82,13936.82,35572.22,Pago Total,Guayaquil,El vehículo perdió el control en la vía Av. Francisco de Orellana y volcó aparatosamente. No se identificaron otros vehículos involucrados. El accidente ocurrió aproximadamente a las 18:53 según el reporte policial.,No,Sí,2,0,No,57,Amarillo,2 siniestros previos del asegurado | Documentos incompletos | Dinámica de accidente sospechosa (Volcadura) | ⚠️ Documentos inconsistentes detectados,4,0
SIN-0579,POL-0079,ASE-0101,PRV-0035,,,Generales,Incendio Comercial,2023-01-15,2023-01-15,0,734,-369,12031.71,10869.06,0.0,12146.73,Reserva,Quito,Siniestro ocurrido en la autopista Calle Colón. El vehículo derrapó al esquivar un objeto en la vía causando impacto contra el guardarraíl lateral.,Sí,No,1,0,No,14,Verde,Ninguna,0,0
SIN-0580,POL-0064,ASE-0179,PRV-0029,,,Salud,Maternidad,2023-01-03,2023-01-03,0,30,824,2081.24,2209.58,0.0,19936.88,Liquidado,Guayaquil,El vehículo asegurado fue impactado por la parte posterior mientras se encontraba detenido en el semáforo de la Av. Blvd. del Malecón. El conductor del vehículo causante se dio a la fuga sin identificarse.,Sí,No,1,0,No,26,Verde,Reclamo entre 11-30 días de póliza,1,0
SIN-0581,POL-0264,ASE-0029,PRV-0001,,,Hogar,Responsabilidad Civil,2023-08-08,2023-08-09,1,985,-620,17279.92,16525.07,0.0,30218.68,Reserva,Guayaquil,Colisión del asegurado contra un vehículo de servicio público en Av. del Bombero. El conductor del bus presentó daños en la parte lateral y varios pasajeros reportaron lesiones leves.,Sí,No,0,0,No,11,Verde,Ninguna,0,0
SIN-0582,POL-0156,ASE-0173,PRV-0006,,,Vehículos,Volcadura,2023-06-15,2023-06-30,15,711,-346,8321.97,8158.39,8158.39,28973.94,Pago Total,Guayaquil,El vehículo perdió el control en la vía Av. 9 de Octubre y volcó aparatosamente. No se identificaron otros vehículos involucrados. El accidente ocurrió aproximadamente a las 03:09 según el reporte policial.,No,No,2,3,No,97,Rojo,2 siniestros previos del asegurado | Alta frecuencia conductor en vehículo (3 siniestros) | Vehículo con múltiples siniestros | Documentos incompletos | Dinámica de accidente sospechosa (Volcadura) | Reporte tardío (15 días),6,1
SIN-0583,POL-0193,ASE-0196,PRV-0048,VEH-0236,LKP-8157,Vehículos,Pérdida Total,2022-04-15,2022-04-16,1,20,-583,12475.09,11104.77,11104.77,57617.79,Pago Total,Loja,Accidente de tránsito en la vía Calle Central con impacto severo que ocasionó daños irreparables al vehículo. Los peritos determinaron pérdida total por superar el 75% del valor asegurado.,Sí,No,1,1,No,58,Amarillo,Reclamo entre 11-30 días de póliza | Demora denuncia robo 24-48h,2,1
SIN-0584,POL-0086,ASE-0023,PRV-0020,VEH-0233,SWW-4000,Vehículos,Robo,2023-02-12,2023-02-12,0,352,13,39666.86,37381.48,37381.48,20703.28,Pago Total,Manta,El asegurado reporta que al regresar al parqueadero ubicado en el sector de Av. Principal encontró que su vehículo había sido sustraído. No existen testigos ni cámaras de seguridad en el lugar.,Sí,No,1,1,No,11,Verde,Ninguna,0,0
SIN-0585,POL-0054,ASE-0239,PRV-0002,,,Salud,Emergencia,2023-05-15,2023-05-19,4,856,-491,346.19,315.84,0.0,27662.64,Reserva,Guayaquil,Colisión frontal en la vía Av. del Bombero cuando el vehículo contrario invadió el carril. Se levantó el parte policial correspondiente y se tomaron fotografías del lugar.,Sí,No,2,0,No,46,Amarillo,2 siniestros previos del asegurado | Reporte con demora moderada (4 días),2,0
SIN-0586,POL-0066,ASE-0158,PRV-0004,,,Salud,Hospitalización,2023-06-28,2023-06-30,2,12,-184,4362.96,3808.7,0.0,40676.28,Liquidado,Cuenca,Ingreso hospitalario de emergencia por cálculos renales severo. Requirió atención en UCI durante las primeras 48 horas. Posteriormente trasladado a sala general con mejoría progresiva.,Sí,No,6,0,No,49,Amarillo,Reclamo entre 11-30 días de póliza | Alta frecuencia reclamos asegurado (6 siniestros),2,0
SIN-0587,POL-0268,ASE-0112,PRV-0025,VEH-0164,ZUU-9028,Vehículos,Choque,2021-06-17,2021-06-17,0,26,-396,7553.15,7883.34,0.0,12463.43,Negativa,Guayaquil,Colisión frontal en la vía Av. Carlos Julio Arosemena cuando el vehículo contrario invadió el carril. Se levantó el parte policial correspondiente y se tomaron fotografías del lugar.,Sí,No,1,4,No,56,Amarillo,Reclamo entre 11-30 días de póliza | Alta frecuencia conductor en vehículo (4 siniestros) | Vehículo con múltiples siniestros,3,0
SIN-0588,POL-0058,ASE-0153,PRV-0031,VEH-0009,VHY-7155,Vehículos,Volcadura,2024-07-15,2024-07-17,2,530,-165,13075.03,11127.57,0.0,14456.57,Negativa,Guayaquil,El vehículo perdió el control en la vía Av. del Bombero y volcó aparatosamente. No se identificaron otros vehículos involucrados. El accidente ocurrió aproximadamente a las 21:06 según el reporte policial.,Sí,No,0,0,No,16,Verde,Dinámica de accidente sospechosa (Volcadura),1,0
SIN-0589,POL-0108,ASE-0085,PRV-0034,VEH-0314,UGE-6910,Vehículos,Pérdida Total,2024-03-27,2024-03-29,2,-259,624,34785.52,36494.82,11344.05,21061.65,Anticipo,Guayaquil,El vehículo sufrió daños de consideración al precipitarse en la vía Av. del Bombero. El informe del perito establece que los costos de reparación superan el valor comercial del vehículo.,No,Sí,6,0,No,45,Amarillo,Demora denuncia robo 24-48h | Alta frecuencia reclamos asegurado (6 siniestros) | Proveedor con historial de casos observados | Documentos incompletos | ⚠️ Documentos inconsistentes detectados,5,0
SIN-0590,POL-0215,ASE-0042,PRV-0010,VEH-0061,TRU-5679,Vehículos,Daño Parcial,2025-03-12,2025-03-12,0,439,-74,962.45,911.22,293.83,55752.24,Pago Parcial,Cuenca,Siniestro ocurrido en la autopista Av. Solano. El vehículo derrapó al esquivar un objeto en la vía causando impacto contra el guardarraíl lateral.,Sí,No,1,0,Sí,10,Verde,⚠️ Proveedor en Lista Restrictiva,1,0
SIN-0591,POL-0210,ASE-0247,PRV-0054,,,Salud,Emergencia,2024-09-25,2024-09-25,0,1355,-990,1273.99,1375.55,0.0,22652.17,Reserva,Guayaquil,El vehículo asegurado fue impactado por la parte posterior mientras se encontraba detenido en el semáforo de la Av. Av. del Bombero. El conductor del vehículo causante se dio a la fuga sin identificarse.,Sí,No,0,0,Sí,24,Verde,⚠️ Proveedor en Lista Restrictiva,1,0
SIN-0592,POL-0100,ASE-0145,PRV-0051,,,Generales,Incendio Comercial,2025-04-29,2025-05-01,2,1752,-1387,16658.25,15861.32,0.0,22349.39,Reserva,Guayaquil,El asegurado indica que al intentar ingresar al parqueadero fue golpeado lateralmente por un vehículo que no respetó la preferencia de paso en la intersección de Av. Narcisa de Jesús.,Sí,No,0,0,No,0,Verde,Ninguna,0,0
SIN-0593,POL-0160,ASE-0099,PRV-0050,,,Salud,Cirugía,2023-08-26,2023-08-28,2,30,523,14957.7,12803.78,0.0,28785.89,Reserva,Guayaquil,Paciente sometido a intervención quirúrgica por apendicitis aguda. Procedimiento realizado sin complicaciones en el Hospital Hospital de los Valles. Período de recuperación estimado: 11 días.,Sí,No,1,0,No,5,Verde,Reclamo entre 11-30 días de póliza,1,0
SIN-0594,POL-0110,ASE-0014,PRV-0008,,,Vida,Fallecimiento,2023-09-02,2023-09-02,0,977,-612,28817.13,25331.67,0.0,59607.99,Liquidado,Esmeraldas,El asegurado indica que al intentar ingresar al parqueadero fue golpeado lateralmente por un vehículo que no respetó la preferencia de paso en la intersección de Vía Principal.,Sí,No,0,0,No,26,Verde,Ninguna,0,0
SIN-0595,POL-0220,ASE-0087,PRV-0046,VEH-0046,ZVC-4949,Vehículos,Pérdida Total,2025-02-23,2025-02-23,0,1448,-1083,38862.6,32264.97,0.0,19863.63,Cierre Sin Consecuencia,Guayaquil,Accidente de tránsito en la vía Av. Carlos Julio Arosemena con impacto severo que ocasionó daños irreparables al vehículo. Los peritos determinaron pérdida total por superar el 75% del valor asegurado.,Sí,No,0,0,No,0,Verde,Ninguna,0,0
SIN-0596,POL-0225,ASE-0198,PRV-0030,VEH-0334,HBW-8384,Vehículos,Responsabilidad Civil,2023-01-08,2023-01-10,2,854,-489,16837.2,15826.35,0.0,31128.05,Negativa,Guayaquil,Colisión del asegurado contra un vehículo de servicio público en Av. Francisco de Orellana. El conductor del bus presentó daños en la parte lateral y varios pasajeros reportaron lesiones leves.,Sí,No,0,0,No,11,Verde,Ninguna,0,0
SIN-0597,POL-0207,ASE-0052,PRV-0036,VEH-0312,VNJ-9753,Vehículos,Responsabilidad Civil,2024-06-11,2024-06-14,3,843,-478,1234.79,1032.81,0.0,9620.12,Liquidado,Manta,Colisión del asegurado contra un vehículo de servicio público en Redondel Central. El conductor del bus presentó daños en la parte lateral y varios pasajeros reportaron lesiones leves.,No,No,0,0,No,47,Amarillo,Documentos incompletos,1,1
SIN-0598,POL-0215,ASE-0042,PRV-0035,VEH-0004,JVS-9167,Vehículos,Robo,2024-03-16,2024-03-18,2,78,287,44905.99,42113.39,42113.39,55752.24,Pago Total,Portoviejo,Sustracción del vehículo en el interior de un centro comercial de Av. 24 de Mayo. Las cámaras del lugar presentaban fallas técnicas según indicó el personal de seguridad.,No,No,0,0,No,29,Verde,Demora denuncia robo 24-48h | Documentos incompletos,2,0
SIN-0599,POL-0235,ASE-0207,PRV-0002,,,Generales,Robo Equipos,2023-07-25,2023-07-26,1,923,-558,4878.58,5290.44,5290.44,10528.32,Pago Total,Quito,Impacto posterior en el sector de Av. 10 de Agosto durante hora pico. El conductor responsable presentó documentos y se llegó a un acuerdo inicial antes del reporte a la aseguradora.,Sí,No,1,0,No,26,Verde,Ninguna,0,0
SIN-0600,POL-0170,ASE-0245,PRV-0023,VEH-0289,DZM-7009,Vehículos,Volcadura,2025-02-06,2025-02-06,0,1321,-956,18141.76,16775.41,16775.41,21266.63,Pago Total,Guayaquil,Volcadura del vehículo asegurado en la curva de Av. Carlos Julio Arosemena. El conductor señala que existía exceso de velocidad combinado con lluvia intensa en ese momento. No hay cámaras en el sector.,No,No,2,2,No,49,Amarillo,2 siniestros previos del asegurado | 2 siniestros del mismo vehículo | Documentos incompletos | Dinámica de accidente sospechosa (Volcadura),4,1
SIN-0601,POL-0083,ASE-0165,PRV-0006,,,Salud,Emergencia,2023-10-17,2023-10-18,1,30,807,1483.18,1235.8,0.0,47957.94,Reserva,Guayaquil,El asegurado indica que al intentar ingresar al parqueadero fue golpeado lateralmente por un vehículo que no respetó la preferencia de paso en la intersección de Av. Francisco de Orellana.,Sí,No,0,0,No,26,Verde,Reclamo entre 11-30 días de póliza,1,0
SIN-0602,POL-0246,ASE-0240,PRV-0029,VEH-0360,USU-8051,Vehículos,Choque,2023-05-19,2023-05-20,1,809,-444,2474.87,2089.77,2089.77,42628.18,Pago Total,Guayaquil,Siniestro ocurrido en la autopista Av. 9 de Octubre. El vehículo derrapó al esquivar un objeto en la vía causando impacto contra el guardarraíl lateral.,Sí,No,1,0,No,26,Verde,Ninguna,0,0
SIN-0603,POL-0228,ASE-0213,PRV-0042,VEH-0289,DZM-7009,Vehículos,Volcadura,2023-02-05,2023-02-07,2,30,708,16435.99,14447.21,0.0,16838.16,Reserva,Quito,El vehículo perdió el control en la vía Av. Naciones Unidas y volcó aparatosamente. No se identificaron otros vehículos involucrados. El accidente ocurrió aproximadamente a las 00:51 según el reporte policial.,No,No,1,2,No,10,Verde,Reclamo entre 11-30 días de póliza | 2 siniestros del mismo vehículo | Documentos incompletos | Dinámica de accidente sospechosa (Volcadura),4,0
SIN-0604,POL-0063,ASE-0033,PRV-0010,,,Hogar,Responsabilidad Civil,2023-01-20,2023-01-20,0,1051,-686,3672.34,3087.35,0.0,40131.48,Reserva,Machala,El vehículo asegurado impactó a un peatón en Av. 24 de Mayo causando lesiones de consideración. Se levantó el parte policial y se trasladó al afectado al centro médico más cercano.,No,No,0,0,Sí,49,Amarillo,⚠️ Proveedor en Lista Restrictiva | Documentos incompletos,2,1
SIN-0605,POL-0199,ASE-0055,PRV-0033,,,Generales,Responsabilidad Civil,2024-03-23,2024-03-23,0,1063,-698,5256.03,4851.66,0.0,10934.34,Cierre Sin Consecuencia,Guayaquil,Colisión del asegurado contra un vehículo de servicio público en Av. Carlos Julio Arosemena. El conductor del bus presentó daños en la parte lateral y varios pasajeros reportaron lesiones leves.,Sí,No,2,0,Sí,83,Rojo,2 siniestros previos del asegurado | ⚠️ Proveedor en Lista Restrictiva,2,1
SIN-0606,POL-0293,ASE-0058,PRV-0047,VEH-0284,ZLA-5624,Vehículos,Responsabilidad Civil,2024-08-20,2024-08-22,2,583,-218,11403.64,9626.71,5843.94,27029.2,Pago Parcial,Loja,Colisión del asegurado contra un vehículo de servicio público en Calle Central. El conductor del bus presentó daños en la parte lateral y varios pasajeros reportaron lesiones leves.,Sí,No,1,1,No,26,Verde,Ninguna,0,0
SIN-0607,POL-0106,ASE-0056,PRV-0053,VEH-0298,ERS-9199,Vehículos,Robo,2024-02-09,2024-02-12,3,1363,-998,17556.63,16359.07,0.0,26899.56,Negativa,Quito,El vehículo fue robado en horas de la madrugada mientras se encontraba estacionado frente al domicilio del asegurado en Av. República. Se realizó la denuncia en la UPC del sector.,No,No,0,4,No,56,Amarillo,Demora denuncia robo >48h | Alta frecuencia conductor en vehículo (4 siniestros) | Vehículo con múltiples siniestros | Documentos incompletos,4,1
SIN-0608,POL-0205,ASE-0250,PRV-0033,,,Salud,Maternidad,2023-06-29,2023-06-29,0,335,30,9549.67,8166.75,8166.75,9913.59,Pago Total,Quito,El vehículo asegurado fue impactado por la parte posterior mientras se encontraba detenido en el semáforo de la Av. Av. 10 de Agosto. El conductor del vehículo causante se dio a la fuga sin identificarse.,No,Sí,2,0,Sí,92,Rojo,2 siniestros previos del asegurado | ⚠️ Proveedor en Lista Restrictiva | Documentos incompletos | ⚠️ Documentos inconsistentes detectados | Monto cercano a suma asegurada (>93%),5,1
SIN-0609,POL-0049,ASE-0069,PRV-0034,VEH-0276,FBC-4812,Vehículos,Choque,2023-12-30,2023-12-30,0,29,319,2486.24,2468.28,0.0,28512.42,Reserva,Guayaquil,El asegurado indica que al intentar ingresar al parqueadero fue golpeado lateralmente por un vehículo que no respetó la preferencia de paso en la intersección de Blvd. del Malecón.,Sí,No,1,1,No,58,Amarillo,Reclamo entre 11-30 días de póliza | Proveedor con historial de casos observados,2,0
SIN-0610,POL-0214,ASE-0247,PRV-0051,,,Vida,Invalidez Total,2024-06-30,2024-07-01,1,1199,-834,24600.63,22648.48,22648.48,44286.09,Pago Total,Guayaquil,Colisión frontal en la vía Av. Carlos Julio Arosemena cuando el vehículo contrario invadió el carril. Se levantó el parte policial correspondiente y se tomaron fotografías del lugar.,Sí,No,0,0,No,0,Verde,Ninguna,0,0
SIN-0611,POL-0124,ASE-0025,PRV-0027,VEH-0272,AFK-2263,Vehículos,Volcadura,2023-08-19,2023-08-23,4,75,290,22955.92,24027.36,24027.36,23804.42,Pago Total,Quito,El vehículo perdió el control en la vía Av. 10 de Agosto y volcó aparatosamente. No se identificaron otros vehículos involucrados. El accidente ocurrió aproximadamente a las 20:03 según el reporte policial.,Sí,No,6,3,No,87,Rojo,Alta frecuencia reclamos asegurado (6 siniestros) | Alta frecuencia conductor en vehículo (3 siniestros) | Vehículo con múltiples siniestros | Proveedor con historial de casos observados | Dinámica de accidente sospechosa (Volcadura) | Reporte con demora moderada (4 días) | Monto cercano a suma asegurada (>93%),7,1
SIN-0612,POL-0148,ASE-0022,PRV-0043,VEH-0248,VKL-3723,Vehículos,Robo Parcial,2024-01-06,2024-01-06,0,119,246,3054.63,3117.8,2234.76,29031.41,Pago Parcial,Guayaquil,Volcadura del vehículo asegurado en la curva de Av. 6 de Diciembre. El conductor señala que existía exceso de velocidad combinado con lluvia intensa en ese momento. No hay cámaras en el sector.,Sí,No,0,0,No,28,Verde,⚠️ Narrativa similar a otro reclamo (>85% similitud),1,0
SIN-0613,POL-0299,ASE-0139,PRV-0033,VEH-0243,DGF-7221,Vehículos,Volcadura,2024-12-29,2024-12-31,2,122,243,8753.65,7240.08,7240.08,6120.82,Pago Total,Guayaquil,Volcadura del vehículo asegurado en la curva de Av. del Bombero. El conductor señala que existía exceso de velocidad combinado con lluvia intensa en ese momento. No hay cámaras en el sector.,Sí,No,0,0,Sí,25,Verde,⚠️ Proveedor en Lista Restrictiva | Dinámica de accidente sospechosa (Volcadura),2,0
SIN-0614,POL-0267,ASE-0086,PRV-0050,VEH-0136,RPD-9150,Vehículos,Volcadura,2025-01-14,2025-01-14,0,588,-223,19375.51,16639.79,16639.79,20738.84,Pago Total,Guayaquil,El vehículo perdió el control en la vía Av. del Bombero y volcó aparatosamente. No se identificaron otros vehículos involucrados. El accidente ocurrió aproximadamente a las 01:58 según el reporte policial.,No,No,1,0,No,10,Verde,Documentos incompletos | Dinámica de accidente sospechosa (Volcadura),2,0
SIN-0615,POL-0072,ASE-0012,PRV-0015,VEH-0119,EET-9711,Vehículos,Volcadura,2024-06-02,2024-06-04,2,21,276,15941.56,12969.21,0.0,32818.07,Reserva,Cuenca,Volcadura del vehículo asegurado en la curva de Av. Solano. El conductor señala que existía exceso de velocidad combinado con lluvia intensa en ese momento. No hay cámaras en el sector.,Sí,No,2,1,No,59,Amarillo,Reclamo entre 11-30 días de póliza | 2 siniestros previos del asegurado | Dinámica de accidente sospechosa (Volcadura),3,0
SIN-0616,POL-0183,ASE-0088,PRV-0054,VEH-0102,YBC-8734,Vehículos,Responsabilidad Civil,2023-09-10,2023-09-10,0,-444,809,5548.77,4748.53,2247.76,34678.87,Anticipo,Ibarra,El vehículo asegurado impactó a un peatón en Av. Principal causando lesiones de consideración. Se levantó el parte policial y se trasladó al afectado al centro médico más cercano.,No,Sí,3,0,Sí,97,Rojo,Alta frecuencia reclamos asegurado (3 siniestros) | ⚠️ Proveedor en Lista Restrictiva | Documentos incompletos | ⚠️ Documentos inconsistentes detectados,4,1
SIN-0617,POL-0054,ASE-0239,PRV-0050,VEH-0131,RME-4689,Vehículos,Choque,2024-09-22,2024-09-24,2,1352,-987,4818.15,5247.23,0.0,27662.64,Reserva,Guayaquil,Siniestro ocurrido en la autopista Av. Juan Tanca Marengo. El vehículo derrapó al esquivar un objeto en la vía causando impacto contra el guardarraíl lateral.,Sí,No,0,3,No,10,Verde,Alta frecuencia conductor en vehículo (3 siniestros) | Vehículo con múltiples siniestros,2,0
SIN-0618,POL-0062,ASE-0053,PRV-0046,,,Salud,Hospitalización,2024-04-27,2024-04-29,2,165,200,5584.86,4888.4,4888.4,36404.18,Pago Total,Esmeraldas,Paciente ingresa al área de hospitalización por diagnóstico de apendicitis aguda. Evolución satisfactoria durante los 6 días de internación. Alta médica con indicaciones.,Sí,No,0,0,No,0,Verde,Ninguna,0,0
SIN-0619,POL-0061,ASE-0174,PRV-0060,,,Salud,Maternidad,2025-04-04,2025-04-04,0,647,-282,1253.63,1092.38,1092.38,10405.8,Pago Total,Manta,Siniestro ocurrido en la autopista Calle Central. El vehículo derrapó al esquivar un objeto en la vía causando impacto contra el guardarraíl lateral.,Sí,No,0,0,No,12,Verde,Ninguna,0,0
SIN-0620,POL-0205,ASE-0250,PRV-0013,VEH-0340,HKB-5032,Vehículos,Choque,2025-02-04,2025-02-07,3,921,-556,2084.64,2039.9,0.0,9913.59,Reserva,Riobamba,Impacto posterior en el sector de Redondel Central durante hora pico. El conductor responsable presentó documentos y se llegó a un acuerdo inicial antes del reporte a la aseguradora.,Sí,No,3,0,No,45,Amarillo,Alta frecuencia reclamos asegurado (3 siniestros),1,0
SIN-0621,POL-0127,ASE-0097,PRV-0010,,,Salud,Maternidad,2023-03-15,2023-03-16,1,-602,967,2870.79,2613.25,2613.25,64730.66,Pago Total,Loja,Colisión frontal en la vía Vía Principal cuando el vehículo contrario invadió el carril. Se levantó el parte policial correspondiente y se tomaron fotografías del lugar.,No,No,2,0,Sí,56,Amarillo,2 siniestros previos del asegurado | ⚠️ Proveedor en Lista Restrictiva | Documentos incompletos,3,1
SIN-0622,POL-0154,ASE-0128,PRV-0048,,,Salud,Hospitalización,2024-02-04,2024-02-05,1,665,-300,3612.36,3802.35,3802.35,6119.58,Pago Total,Machala,Paciente ingresa al área de hospitalización por diagnóstico de hernia inguinal. Evolución satisfactoria durante los 5 días de internación. Alta médica con indicaciones.,Sí,No,3,0,No,76,Rojo,Alta frecuencia reclamos asegurado (3 siniestros),1,1
SIN-0623,POL-0220,ASE-0087,PRV-0023,VEH-0243,DGF-7221,Vehículos,Robo,2025-01-24,2025-01-24,0,1418,-1053,9392.65,9651.7,0.0,19863.63,Reserva,Manta,Robo del vehículo en el sector comercial de Redondel Central. El asegurado indica que dejó el auto por aproximadamente 2 horas y al regresar ya no se encontraba. No hay evidencia de forzamiento.,Sí,No,0,0,No,0,Verde,Ninguna,0,0
SIN-0624,POL-0026,ASE-0052,PRV-0023,,,Salud,Cirugía,2025-04-28,2025-05-07,9,296,69,11080.99,11935.8,0.0,17434.19,Reserva,Manta,Cirugía de urgencia por politraumatismo en el Hospital Vozandes. El paciente evolucionó favorablemente durante el postoperatorio. Dados de alta con seguimiento ambulatorio.,Sí,No,0,0,No,48,Amarillo,Reporte tardío (9 días),1,0
SIN-0625,POL-0184,ASE-0119,PRV-0033,VEH-0386,MEK-1104,Vehículos,Robo,2022-07-24,2022-07-27,3,8,-505,18411.07,18668.24,18668.24,21885.12,Pago Total,Guayaquil,Robo del vehículo en el sector comercial de Av. 9 de Octubre. El asegurado indica que dejó el auto por aproximadamente 2 horas y al regresar ya no se encontraba. No hay evidencia de forzamiento.,No,No,3,1,Sí,97,Rojo,Reclamo primeros 10 días de póliza | Demora denuncia robo >48h | Alta frecuencia reclamos asegurado (3 siniestros) | ⚠️ Proveedor en Lista Restrictiva | Documentos incompletos,5,1
SIN-0626,POL-0145,ASE-0227,PRV-0053,VEH-0393,CBZ-1892,Vehículos,Robo,2023-05-16,2023-05-16,0,1151,-786,43046.77,38625.0,38625.0,23683.03,Pago Total,Riobamba,Sustracción del vehículo en el interior de un centro comercial de Av. Principal. Las cámaras del lugar presentaban fallas técnicas según indicó el personal de seguridad.,Sí,No,0,2,No,5,Verde,2 siniestros del mismo vehículo,1,0
SIN-0627,POL-0299,ASE-0139,PRV-0009,VEH-0358,MEJ-8080,Vehículos,Volcadura,2023-11-12,2023-11-18,6,-291,656,13205.99,11862.79,11862.79,6120.82,Pago Total,Quito,Volcadura del vehículo asegurado en la curva de Av. 10 de Agosto. El conductor señala que existía exceso de velocidad combinado con lluvia intensa en ese momento. No hay cámaras en el sector.,Sí,No,1,1,No,47,Amarillo,Dinámica de accidente sospechosa (Volcadura) | Reporte con demora moderada (6 días),2,1
SIN-0628,POL-0034,ASE-0057,PRV-0023,,,Salud,Atención Médica,2023-09-08,2023-09-08,0,30,488,2807.91,2941.03,2941.03,49851.15,Pago Total,Loja,Asegurado acude a emergencias por apendicitis aguda. Se realizan exámenes de laboratorio e imagen. Se procede con el tratamiento indicado por el especialista.,Sí,No,1,0,No,14,Verde,Reclamo entre 11-30 días de póliza,1,0
SIN-0629,POL-0097,ASE-0180,PRV-0033,,,Hogar,Daño por Agua,2024-05-27,2024-06-03,7,1264,-899,1308.48,1270.71,0.0,8958.99,Reserva,Ambato,Impacto posterior en el sector de Av. 12 de Noviembre durante hora pico. El conductor responsable presentó documentos y se llegó a un acuerdo inicial antes del reporte a la aseguradora.,Sí,No,0,0,Sí,71,Amarillo,⚠️ Proveedor en Lista Restrictiva | Reporte con demora moderada (7 días),2,0
SIN-0630,POL-0082,ASE-0025,PRV-0039,VEH-0363,MBS-8398,Vehículos,Pérdida Total,2023-07-22,2023-07-23,1,1156,-791,40973.85,38216.51,0.0,5609.33,Reserva,Ibarra,El vehículo sufrió daños de consideración al precipitarse en la vía Av. Principal. El informe del perito establece que los costos de reparación superan el valor comercial del vehículo.,Sí,No,0,3,No,10,Verde,Demora denuncia robo 24-48h | Alta frecuencia conductor en vehículo (3 siniestros) | Vehículo con múltiples siniestros,3,0
SIN-0631,POL-0271,ASE-0238,PRV-0028,VEH-0036,BJY-1908,Vehículos,Responsabilidad Civil,2024-03-30,2024-03-30,0,315,50,19042.44,20886.76,9658.71,32741.71,Anticipo,Guayaquil,El vehículo asegurado impactó a un peatón en Av. Juan Tanca Marengo causando lesiones de consideración. Se levantó el parte policial y se trasladó al afectado al centro médico más cercano.,Sí,No,3,1,No,56,Amarillo,Alta frecuencia reclamos asegurado (3 siniestros),1,0
SIN-0632,POL-0296,ASE-0075,PRV-0052,,,Hogar,Incendio,2023-12-19,2023-12-19,0,1073,-708,26517.94,24956.33,24956.33,11628.08,Pago Total,Guayaquil,Incendio de proporciones medianas afectó la cocina de la propiedad asegurada. Las llamas fueron controladas por los bomberos de Guayaquil luego de 6 horas de trabajo.,Sí,No,1,0,No,11,Verde,Ninguna,0,0
SIN-0633,POL-0264,ASE-0029,PRV-0027,,,Salud,Emergencia,2023-12-21,2023-12-21,0,1120,-755,484.49,470.08,0.0,30218.68,Reserva,Guayaquil,El asegurado indica que al intentar ingresar al parqueadero fue golpeado lateralmente por un vehículo que no respetó la preferencia de paso en la intersección de Av. del Bombero.,Sí,No,0,0,No,26,Verde,Proveedor con historial de casos observados,1,0
SIN-0634,POL-0096,ASE-0058,PRV-0045,VEH-0074,YMA-8206,Vehículos,Pérdida Total,2024-07-29,2024-07-31,2,210,155,32182.39,27776.89,0.0,31317.7,Reserva,Quito,El vehículo sufrió daños de consideración al precipitarse en la vía Av. Patria. El informe del perito establece que los costos de reparación superan el valor comercial del vehículo.,Sí,No,1,0,No,19,Verde,Demora denuncia robo 24-48h,1,0
SIN-0635,POL-0271,ASE-0238,PRV-0020,,,Generales,Incendio Comercial,2023-11-06,2023-11-06,0,170,195,8608.91,9289.07,9289.07,32741.71,Pago Total,Loja,Colisión frontal en la vía Calle Central cuando el vehículo contrario invadió el carril. Se levantó el parte policial correspondiente y se tomaron fotografías del lugar.,Sí,No,0,0,No,0,Verde,Ninguna,0,0
SIN-0636,POL-0236,ASE-0005,PRV-0010,VEH-0045,NEX-3424,Vehículos,Pérdida Total,2024-10-21,2024-10-21,0,1236,-871,11023.78,9554.84,5000.71,11749.09,Anticipo,Ambato,El vehículo sufrió daños de consideración al precipitarse en la vía Av. Cevallos. El informe del perito establece que los costos de reparación superan el valor comercial del vehículo.,No,Sí,4,2,Sí,96,Rojo,Alta frecuencia reclamos asegurado (4 siniestros) | 2 siniestros del mismo vehículo | ⚠️ Proveedor en Lista Restrictiva | Documentos incompletos | ⚠️ Documentos inconsistentes detectados | Monto cercano a suma asegurada (>93%),6,1
SIN-0637,POL-0238,ASE-0170,PRV-0002,VEH-0376,TEB-2180,Vehículos,Choque,2023-09-08,2023-09-08,0,1163,-798,941.98,948.89,0.0,10986.85,Cierre Sin Consecuencia,Quito,El vehículo asegurado fue impactado por la parte posterior mientras se encontraba detenido en el semáforo de la Av. Av. Naciones Unidas. El conductor del vehículo causante se dio a la fuga sin identificarse.,No,No,1,1,No,47,Amarillo,Documentos incompletos,1,0
SIN-0638,POL-0210,ASE-0247,PRV-0059,,,Salud,Maternidad,2025-03-03,2025-03-05,2,1514,-1149,1433.02,1295.38,0.0,22652.17,Negativa,Portoviejo,Impacto posterior en el sector de Redondel Central durante hora pico. El conductor responsable presentó documentos y se llegó a un acuerdo inicial antes del reporte a la aseguradora.,Sí,No,1,0,No,11,Verde,Ninguna,0,0
SIN-0639,POL-0247,ASE-0179,PRV-0040,VEH-0102,YBC-8734,Vehículos,Robo Parcial,2024-07-08,2024-07-10,2,231,134,2993.83,3193.13,3193.13,12719.18,Pago Total,Guayaquil,El asegurado indica que al intentar ingresar al parqueadero fue golpeado lateralmente por un vehículo que no respetó la preferencia de paso en la intersección de Av. del Bombero.,Sí,No,0,0,No,26,Verde,Demora denuncia robo 24-48h,1,0
SIN-0640,POL-0180,ASE-0069,PRV-0042,,,Salud,Emergencia,2024-12-13,2024-12-13,0,80,285,1724.3,1677.78,1251.58,32211.05,Pago Parcial,Cuenca,Impacto posterior en el sector de Calle Gran Colombia durante hora pico. El conductor responsable presentó documentos y se llegó a un acuerdo inicial antes del reporte a la aseguradora.,Sí,No,1,0,No,14,Verde,Ninguna,0,0
SIN-0641,POL-0101,ASE-0055,PRV-0027,VEH-0386,MEK-1104,Vehículos,Daño Parcial,2024-02-12,2024-02-16,4,407,-42,18915.2,19637.0,0.0,19857.14,Cierre Sin Consecuencia,Guayaquil,El asegurado indica que al intentar ingresar al parqueadero fue golpeado lateralmente por un vehículo que no respetó la preferencia de paso en la intersección de Blvd. del Malecón.,Sí,No,5,3,No,94,Rojo,Alta frecuencia reclamos asegurado (5 siniestros) | Alta frecuencia conductor en vehículo (3 siniestros) | Vehículo con múltiples siniestros | Proveedor con historial de casos observados | Reporte con demora moderada (4 días) | Monto cercano a suma asegurada (>93%),6,1
SIN-0642,POL-0266,ASE-0075,PRV-0014,,,Salud,Hospitalización,2025-04-12,2025-04-12,0,854,-489,1294.64,1374.21,1374.21,29830.6,Pago Total,Guayaquil,Ingreso hospitalario de emergencia por neumonía bilateral severo. Requirió atención en UCI durante las primeras 48 horas. Posteriormente trasladado a sala general con mejoría progresiva.,Sí,No,0,0,No,11,Verde,Ninguna,0,0
SIN-0643,POL-0054,ASE-0239,PRV-0036,VEH-0116,LDT-1867,Vehículos,Daño Parcial,2021-02-03,2021-02-05,2,25,-765,860.74,771.66,466.11,27662.64,Anticipo,Guayaquil,El asegurado indica que al intentar ingresar al parqueadero fue golpeado lateralmente por un vehículo que no respetó la preferencia de paso en la intersección de Av. 9 de Octubre.,Sí,No,2,2,No,56,Amarillo,Reclamo entre 11-30 días de póliza | 2 siniestros previos del asegurado | 2 siniestros del mismo vehículo,3,0
SIN-0644,POL-0294,ASE-0228,PRV-0054,VEH-0247,VWP-3642,Vehículos,Responsabilidad Civil,2023-08-28,2023-08-31,3,960,-595,9297.32,8881.35,5368.46,9762.34,Pago Parcial,Manta,El vehículo asegurado impactó a un peatón en Av. Principal causando lesiones de consideración. Se levantó el parte policial y se trasladó al afectado al centro médico más cercano.,No,Sí,2,1,Sí,89,Rojo,2 siniestros previos del asegurado | ⚠️ Proveedor en Lista Restrictiva | Documentos incompletos | ⚠️ Documentos inconsistentes detectados | Monto cercano a suma asegurada (>93%),5,1
SIN-0645,POL-0219,ASE-0104,PRV-0041,,,Vida,Invalidez Parcial,2023-06-21,2023-06-23,2,1150,-785,16714.43,13661.8,0.0,20081.08,Liquidado,Quito,Siniestro ocurrido en la autopista Av. Patria. El vehículo derrapó al esquivar un objeto en la vía causando impacto contra el guardarraíl lateral.,Sí,No,1,0,No,14,Verde,Ninguna,0,0
SIN-0646,POL-0069,ASE-0247,PRV-0016,,,Hogar,Incendio,2023-01-31,2023-02-01,1,129,236,25107.76,25227.91,0.0,27775.78,Liquidado,Quito,Se reporta incendio en la cocina del inmueble asegurado. El siniestro se originó por un cortocircuito eléctrico según informe del Cuerpo de Bomberos del Cantón Quito.,Sí,No,0,0,No,26,Verde,Ninguna,0,1
SIN-0647,POL-0139,ASE-0146,PRV-0036,VEH-0038,HGB-2751,Vehículos,Robo,2024-10-04,2024-10-06,2,885,-520,9725.18,9663.1,0.0,18751.6,Liquidado,Portoviejo,Sustracción del vehículo en el interior de un centro comercial de Av. 24 de Mayo. Las cámaras del lugar presentaban fallas técnicas según indicó el personal de seguridad.,Sí,No,0,0,No,5,Verde,Demora denuncia robo 24-48h,1,0
SIN-0648,POL-0046,ASE-0207,PRV-0004,VEH-0338,JJE-9796,Vehículos,Robo,2023-11-18,2023-11-20,2,813,-448,40458.78,36082.01,0.0,33166.38,Cierre Sin Consecuencia,Guayaquil,El vehículo fue robado en horas de la madrugada mientras se encontraba estacionado frente al domicilio del asegurado en Av. del Bombero. Se realizó la denuncia en la UPC del sector.,Sí,No,1,2,No,21,Verde,Demora denuncia robo 24-48h | 2 siniestros del mismo vehículo,2,0
SIN-0649,POL-0119,ASE-0033,PRV-0002,VEH-0272,AFK-2263,Vehículos,Robo Parcial,2023-03-20,2023-03-20,0,30,615,526.57,445.47,445.47,44784.04,Pago Total,Guayaquil,Siniestro ocurrido en la autopista Av. 9 de Octubre. El vehículo derrapó al esquivar un objeto en la vía causando impacto contra el guardarraíl lateral.,Sí,No,0,1,No,11,Verde,Reclamo entre 11-30 días de póliza,1,0
SIN-0650,POL-0137,ASE-0077,PRV-0001,,,Vida,Enfermedades Graves,2025-02-14,2025-02-14,0,528,-163,23470.54,22382.32,14919.78,5904.44,Pago Parcial,Guayaquil,Impacto posterior en el sector de Av. Narcisa de Jesús durante hora pico. El conductor responsable presentó documentos y se llegó a un acuerdo inicial antes del reporte a la aseguradora.,Sí,No,1,0,No,11,Verde,Ninguna,0,0
SIN-0651,POL-0119,ASE-0033,PRV-0002,,,Hogar,Incendio,2023-09-04,2023-09-05,1,30,447,21830.36,22729.09,0.0,44784.04,Reserva,Quito,Incendio de proporciones medianas afectó la sala principal de la propiedad asegurada. Las llamas fueron controladas por los bomberos de Quito luego de 3 horas de trabajo.,Sí,No,0,0,No,5,Verde,Reclamo entre 11-30 días de póliza,1,0
SIN-0652,POL-0210,ASE-0247,PRV-0002,VEH-0243,DGF-7221,Vehículos,Volcadura,2025-04-18,2025-04-19,1,1560,-1195,18925.61,15455.04,9405.85,22652.17,Anticipo,Quito,El vehículo perdió el control en la vía Av. Eloy Alfaro y volcó aparatosamente. No se identificaron otros vehículos involucrados. El accidente ocurrió aproximadamente a las 20:25 según el reporte policial.,Sí,No,0,0,No,7,Verde,Dinámica de accidente sospechosa (Volcadura),1,0
SIN-0653,POL-0253,ASE-0002,PRV-0029,VEH-0263,MTG-3873,Vehículos,Choque,2024-10-01,2024-10-01,0,279,86,769.34,803.01,547.22,6997.67,Pago Parcial,Quito,Impacto posterior en el sector de Av. 10 de Agosto durante hora pico. El conductor responsable presentó documentos y se llegó a un acuerdo inicial antes del reporte a la aseguradora.,Sí,No,2,3,No,41,Amarillo,2 siniestros previos del asegurado | Alta frecuencia conductor en vehículo (3 siniestros) | Vehículo con múltiples siniestros,3,0
SIN-0654,POL-0094,ASE-0119,PRV-0046,,,Hogar,Responsabilidad Civil,2022-08-23,2022-08-23,0,17,-490,6430.98,6375.78,0.0,27248.2,Negativa,Ibarra,El vehículo asegurado impactó a un peatón en Av. 24 de Mayo causando lesiones de consideración. Se levantó el parte policial y se trasladó al afectado al centro médico más cercano.,Sí,No,0,0,No,71,Amarillo,Reclamo entre 11-30 días de póliza,1,1
SIN-0655,POL-0249,ASE-0173,PRV-0010,VEH-0040,MCJ-4672,Vehículos,Robo,2024-01-30,2024-02-05,6,6,734,9155.51,7884.85,0.0,36425.51,Negativa,Guayaquil,Robo del vehículo en el sector comercial de Av. del Bombero. El asegurado indica que dejó el auto por aproximadamente 2 horas y al regresar ya no se encontraba. No hay evidencia de forzamiento.,No,No,3,1,Sí,92,Rojo,Reclamo primeros 10 días de póliza | Demora denuncia robo >48h | Alta frecuencia reclamos asegurado (3 siniestros) | ⚠️ Proveedor en Lista Restrictiva | Documentos incompletos | Reporte con demora moderada (6 días),6,1
SIN-0656,POL-0105,ASE-0061,PRV-0054,VEH-0197,KDS-2838,Vehículos,Robo Parcial,2024-02-11,2024-02-13,2,522,-157,3605.1,2948.18,2948.18,26399.12,Pago Total,Quito,Impacto posterior en el sector de Av. Naciones Unidas durante hora pico. El conductor responsable presentó documentos y se llegó a un acuerdo inicial antes del reporte a la aseguradora.,Sí,No,0,3,Sí,40,Verde,Demora denuncia robo 24-48h | Alta frecuencia conductor en vehículo (3 siniestros) | Vehículo con múltiples siniestros | ⚠️ Proveedor en Lista Restrictiva,4,0
SIN-0657,POL-0033,ASE-0112,PRV-0016,,,Hogar,Robo Contenido,2024-04-14,2024-04-15,1,1486,-1121,7943.02,7990.82,4184.35,34813.28,Pago Parcial,Guayaquil,"Robo con fuerza en el inmueble asegurado ubicado en Av. del Bombero, Guayaquil. Los delincuentes ingresaron por la puerta de servicio. Se sustrajeron equipos electrónicos y objetos de valor.",Sí,No,1,0,No,14,Verde,Ninguna,0,0
SIN-0658,POL-0255,ASE-0128,PRV-0011,,,Generales,Robo Equipos,2024-01-19,2024-01-21,2,658,-293,9284.37,9907.37,0.0,16909.76,Liquidado,Quito,Siniestro ocurrido en la autopista Av. Shyris. El vehículo derrapó al esquivar un objeto en la vía causando impacto contra el guardarraíl lateral.,No,No,1,0,No,11,Verde,Documentos incompletos,1,0
SIN-0659,POL-0098,ASE-0044,PRV-0020,VEH-0256,HPJ-4494,Vehículos,Daño Parcial,2025-02-04,2025-02-04,0,1723,-1358,3355.06,2999.61,0.0,19102.87,Liquidado,Quito,Impacto posterior en el sector de Av. República durante hora pico. El conductor responsable presentó documentos y se llegó a un acuerdo inicial antes del reporte a la aseguradora.,Sí,No,1,0,No,0,Verde,Ninguna,0,0
SIN-0660,POL-0063,ASE-0033,PRV-0021,,,Hogar,Incendio,2024-12-17,2024-12-20,3,1748,-1383,7563.72,7004.0,7004.0,40131.48,Pago Total,Portoviejo,Se reporta incendio en el garaje del inmueble asegurado. El siniestro se originó por un cortocircuito eléctrico según informe del Cuerpo de Bomberos del Cantón Portoviejo.,No,Sí,0,0,No,71,Amarillo,Documentos incompletos | ⚠️ Documentos inconsistentes detectados,2,0
SIN-0661,POL-0144,ASE-0173,PRV-0054,,,Generales,Daño Equipos,2020-11-24,2020-11-25,1,19,-760,4079.84,3824.54,0.0,7535.3,Reserva,Portoviejo,El asegurado indica que al intentar ingresar al parqueadero fue golpeado lateralmente por un vehículo que no respetó la preferencia de paso en la intersección de Redondel Central.,Sí,No,2,0,Sí,56,Amarillo,Reclamo entre 11-30 días de póliza | 2 siniestros previos del asegurado | ⚠️ Proveedor en Lista Restrictiva,3,0
SIN-0662,POL-0276,ASE-0186,PRV-0037,,,Hogar,Daño por Agua,2024-12-05,2024-12-06,1,824,-459,3772.83,3168.32,0.0,23088.65,Cierre Sin Consecuencia,Portoviejo,Siniestro ocurrido en la autopista Av. 24 de Mayo. El vehículo derrapó al esquivar un objeto en la vía causando impacto contra el guardarraíl lateral.,No,No,1,0,No,26,Verde,Documentos incompletos,1,0
SIN-0663,POL-0235,ASE-0207,PRV-0010,VEH-0105,LXP-3392,Vehículos,Choque,2023-06-17,2023-06-21,4,885,-520,9893.44,9992.43,9992.43,10528.32,Pago Total,Guayaquil,El vehículo asegurado fue impactado por la parte posterior mientras se encontraba detenido en el semáforo de la Av. Av. 9 de Octubre. El conductor del vehículo causante se dio a la fuga sin identificarse.,Sí,No,4,5,No,100,Rojo,Alta frecuencia reclamos asegurado (4 siniestros) | Alta frecuencia conductor en vehículo (5 siniestros) | Vehículo con múltiples siniestros | Proveedor con historial de casos observados | Reporte con demora moderada (4 días),5,1
SIN-0664,POL-0026,ASE-0052,PRV-0051,,,Salud,Emergencia,2024-07-27,2024-07-29,2,21,165,1671.49,1719.62,1719.62,17434.19,Pago Total,Machala,El asegurado indica que al intentar ingresar al parqueadero fue golpeado lateralmente por un vehículo que no respetó la preferencia de paso en la intersección de Vía Principal.,Sí,No,0,0,No,56,Amarillo,Reclamo entre 11-30 días de póliza,1,0
SIN-0665,POL-0216,ASE-0075,PRV-0002,,,Salud,Maternidad,2023-06-09,2023-06-09,0,736,-371,2980.03,2545.31,1954.36,44885.53,Pago Parcial,Quito,Siniestro ocurrido en la autopista Av. 6 de Diciembre. El vehículo derrapó al esquivar un objeto en la vía causando impacto contra el guardarraíl lateral.,No,Sí,0,0,No,47,Amarillo,Documentos incompletos | ⚠️ Documentos inconsistentes detectados,2,0
SIN-0666,POL-0011,ASE-0204,PRV-0015,,,Vida,Invalidez Parcial,2024-11-21,2024-11-22,1,205,160,10460.14,8864.65,3842.64,19925.66,Anticipo,Ambato,El asegurado indica que al intentar ingresar al parqueadero fue golpeado lateralmente por un vehículo que no respetó la preferencia de paso en la intersección de Av. 12 de Noviembre.,Sí,No,0,0,No,14,Verde,Ninguna,0,0
SIN-0667,POL-0086,ASE-0023,PRV-0049,VEH-0152,MAS-5922,Vehículos,Robo Parcial,2023-11-23,2023-11-25,2,636,-271,3650.3,3118.3,0.0,20703.28,Liquidado,Guayaquil,El asegurado indica que al intentar ingresar al parqueadero fue golpeado lateralmente por un vehículo que no respetó la preferencia de paso en la intersección de Blvd. del Malecón.,Sí,No,1,1,No,15,Verde,Demora denuncia robo 24-48h,1,0
SIN-0668,POL-0084,ASE-0002,PRV-0046,VEH-0354,SGZ-9003,Vehículos,Choque,2023-06-30,2023-06-30,0,-28,393,6211.83,6516.46,0.0,35572.22,Reserva,Manta,Impacto posterior en el sector de Vía Principal durante hora pico. El conductor responsable presentó documentos y se llegó a un acuerdo inicial antes del reporte a la aseguradora.,Sí,No,3,2,No,83,Rojo,Alta frecuencia reclamos asegurado (3 siniestros) | 2 siniestros del mismo vehículo,2,1
SIN-0669,POL-0041,ASE-0003,PRV-0010,,,Salud,Maternidad,2023-08-23,2023-08-24,1,114,251,1895.17,1916.22,1169.81,6360.57,Pago Parcial,Portoviejo,"Robo con fuerza en el inmueble asegurado ubicado en Av. Occidental, Quito. Los delincuentes ingresaron por el garaje. Se sustrajeron equipos electrónicos y objetos de valor.",Sí,No,1,0,Sí,25,Verde,⚠️ Proveedor en Lista Restrictiva | ⚠️ Narrativa similar a otro reclamo (>85% similitud),2,0
SIN-0670,POL-0193,ASE-0196,PRV-0060,,,Hogar,Daño por Agua,2023-09-21,2023-09-23,2,544,-179,6577.8,5914.0,0.0,57617.79,Negativa,Ambato,Impacto posterior en el sector de Av. Atahualpa durante hora pico. El conductor responsable presentó documentos y se llegó a un acuerdo inicial antes del reporte a la aseguradora.,Sí,No,0,0,No,11,Verde,Ninguna,0,0
SIN-0671,POL-0266,ASE-0075,PRV-0033,,,Salud,Cirugía,2023-01-11,2023-01-11,0,32,333,11828.07,12398.97,12398.97,29830.6,Pago Total,Guayaquil,Paciente sometido a intervención quirúrgica por fractura de tibia. Procedimiento realizado sin complicaciones en el Hospital Hospital Metropolitano. Período de recuperación estimado: 9 días.,Sí,No,0,0,Sí,20,Verde,⚠️ Proveedor en Lista Restrictiva,1,0
SIN-0672,POL-0029,ASE-0176,PRV-0048,VEH-0085,VNM-6559,Vehículos,Daño Parcial,2023-07-14,2023-07-14,0,915,-550,316.35,259.39,259.39,16184.87,Pago Total,Guayaquil,El asegurado indica que al intentar ingresar al parqueadero fue golpeado lateralmente por un vehículo que no respetó la preferencia de paso en la intersección de Av. 9 de Octubre.,Sí,No,2,0,No,41,Amarillo,2 siniestros previos del asegurado,1,0
SIN-0673,POL-0241,ASE-0245,PRV-0034,VEH-0035,BSS-1010,Vehículos,Pérdida Total,2023-11-01,2023-11-01,0,329,36,17432.54,18480.86,18480.86,27931.79,Pago Total,Guayaquil,Accidente de tránsito en la vía Av. Juan Tanca Marengo con impacto severo que ocasionó daños irreparables al vehículo. Los peritos determinaron pérdida total por superar el 75% del valor asegurado.,Sí,No,1,3,No,25,Verde,Alta frecuencia conductor en vehículo (3 siniestros) | Vehículo con múltiples siniestros | Proveedor con historial de casos observados,3,0
SIN-0674,POL-0077,ASE-0003,PRV-0044,,,Hogar,Robo Contenido,2023-05-12,2023-05-12,0,781,-416,8800.63,9166.13,0.0,9017.0,Reserva,Ambato,"Robo con fuerza en el inmueble asegurado ubicado en Av. Cevallos, Ambato. Los delincuentes ingresaron por el garaje. Se sustrajeron equipos electrónicos y objetos de valor.",Sí,No,0,0,No,11,Verde,Ninguna,0,0
SIN-0675,POL-0275,ASE-0058,PRV-0010,,,Vehículos,Volcadura,2023-05-28,2023-06-11,14,1146,-781,28237.03,25829.82,0.0,28732.84,Liquidado,Guayaquil,El vehículo perdió el control en la vía Av. Francisco de Orellana y volcó aparatosamente. No se identificaron otros vehículos involucrados. El accidente ocurrió aproximadamente a las 23:47 según el reporte policial.,No,No,0,2,Sí,90,Rojo,2 siniestros del mismo vehículo | ⚠️ Proveedor en Lista Restrictiva | Documentos incompletos | Dinámica de accidente sospechosa (Volcadura) | Reporte tardío (14 días) | Monto cercano a suma asegurada (>93%),6,1
SIN-0676,POL-0174,ASE-0247,PRV-0028,VEH-0254,SVB-0713,Vehículos,Robo Parcial,2023-03-03,2023-03-05,2,30,602,3036.5,2790.97,2790.97,41146.68,Pago Total,Cuenca,Colisión frontal en la vía Calle Gran Colombia cuando el vehículo contrario invadió el carril. Se levantó el parte policial correspondiente y se tomaron fotografías del lugar.,Sí,No,0,0,No,21,Verde,Reclamo entre 11-30 días de póliza | Demora denuncia robo 24-48h,2,0
SIN-0677,POL-0215,ASE-0042,PRV-0002,VEH-0087,HAN-1520,Vehículos,Robo Parcial,2023-09-03,2023-09-03,0,-117,482,4974.19,4608.01,0.0,55752.24,Negativa,Guayaquil,El asegurado indica que al intentar ingresar al parqueadero fue golpeado lateralmente por un vehículo que no respetó la preferencia de paso en la intersección de Blvd. del Malecón.,No,Sí,4,4,No,56,Amarillo,Alta frecuencia reclamos asegurado (4 siniestros) | Alta frecuencia conductor en vehículo (4 siniestros) | Vehículo con múltiples siniestros | Documentos incompletos | ⚠️ Documentos inconsistentes detectados,5,0
SIN-0678,POL-0181,ASE-0029,PRV-0008,VEH-0077,PRN-9235,Vehículos,Robo Parcial,2024-09-06,2024-09-07,1,692,-327,2507.66,2520.97,0.0,16147.81,Negativa,Guayaquil,El vehículo asegurado fue impactado por la parte posterior mientras se encontraba detenido en el semáforo de la Av. Av. del Bombero. El conductor del vehículo causante se dio a la fuga sin identificarse.,No,No,0,1,No,48,Amarillo,Demora denuncia robo 24-48h | Documentos incompletos,2,0
SIN-0679,POL-0155,ASE-0222,PRV-0060,,,Hogar,Daño por Agua,2024-01-01,2024-01-01,0,505,-140,3977.87,3891.96,3891.96,36134.48,Pago Total,Guayaquil,Impacto posterior en el sector de Av. 9 de Octubre durante hora pico. El conductor responsable presentó documentos y se llegó a un acuerdo inicial antes del reporte a la aseguradora.,Sí,No,1,0,No,0,Verde,Ninguna,0,0
SIN-0680,POL-0072,ASE-0012,PRV-0055,VEH-0299,XYA-5314,Vehículos,Choque,2023-04-16,2023-04-18,2,30,757,3027.61,2443.68,2443.68,32818.07,Pago Total,Quito,El vehículo asegurado fue impactado por la parte posterior mientras se encontraba detenido en el semáforo de la Av. Av. 10 de Agosto. El conductor del vehículo causante se dio a la fuga sin identificarse.,Sí,No,1,0,No,26,Verde,Reclamo entre 11-30 días de póliza,1,0
SIN-0681,POL-0190,ASE-0187,PRV-0056,VEH-0349,YXC-6927,Vehículos,Robo Parcial,2024-05-23,2024-05-23,0,1342,-977,843.6,845.54,257.32,7628.5,Pago Parcial,Quito,El asegurado indica que al intentar ingresar al parqueadero fue golpeado lateralmente por un vehículo que no respetó la preferencia de paso en la intersección de Av. Patria.,Sí,No,1,2,No,26,Verde,2 siniestros del mismo vehículo,1,0
SIN-0682,POL-0121,ASE-0227,PRV-0017,,,Generales,Daño Equipos,2023-01-14,2023-01-15,1,1013,-648,7659.65,7044.9,0.0,15178.95,Cierre Sin Consecuencia,Santo Domingo,Siniestro ocurrido en la autopista Av. 24 de Mayo. El vehículo derrapó al esquivar un objeto en la vía causando impacto contra el guardarraíl lateral.,No,No,1,0,No,5,Verde,Documentos incompletos,1,0
SIN-0683,POL-0126,ASE-0227,PRV-0001,VEH-0400,RTZ-6680,Vehículos,Robo,2024-04-01,2024-04-01,0,-112,477,39807.67,43108.67,43108.67,22144.69,Pago Total,Quito,El vehículo fue robado en horas de la madrugada mientras se encontraba estacionado frente al domicilio del asegurado en Av. Patria. Se realizó la denuncia en la UPC del sector.,Sí,No,3,3,No,76,Rojo,Alta frecuencia reclamos asegurado (3 siniestros) | Alta frecuencia conductor en vehículo (3 siniestros) | Vehículo con múltiples siniestros,3,1
SIN-0684,POL-0111,ASE-0161,PRV-0004,,,Salud,Hospitalización,2023-12-22,2023-12-24,2,30,631,4994.92,5240.84,2052.32,98144.41,Anticipo,Santo Domingo,Ingreso hospitalario de emergencia por diabetes descompensada severo. Requirió atención en UCI durante las primeras 48 horas. Posteriormente trasladado a sala general con mejoría progresiva.,Sí,No,1,0,No,16,Verde,Reclamo entre 11-30 días de póliza,1,0
SIN-0685,POL-0249,ASE-0173,PRV-0013,VEH-0281,ATM-5242,Vehículos,Robo,2024-09-14,2024-09-15,1,234,131,11477.14,9464.04,0.0,36425.51,Cierre Sin Consecuencia,Tulcán,El asegurado reporta que al regresar al parqueadero ubicado en el sector de Av. 24 de Mayo encontró que su vehículo había sido sustraído. No existen testigos ni cámaras de seguridad en el lugar.,Sí,No,1,2,No,26,Verde,Demora denuncia robo 24-48h | 2 siniestros del mismo vehículo,2,0
SIN-0686,POL-0254,ASE-0119,PRV-0043,VEH-0271,ZZX-3523,Vehículos,Robo,2023-05-21,2023-05-23,2,426,-61,8863.56,9178.36,0.0,15715.96,Liquidado,Ambato,Robo del vehículo en el sector comercial de Calle Sucre. El asegurado indica que dejó el auto por aproximadamente 2 horas y al regresar ya no se encontraba. No hay evidencia de forzamiento.,Sí,No,1,1,No,5,Verde,Demora denuncia robo 24-48h,1,0
SIN-0687,POL-0197,ASE-0220,PRV-0005,,,Vehículos,Volcadura,2023-02-05,2023-02-22,17,139,226,77516.83,81039.24,0.0,80568.37,Reserva,Quito,Volcadura del vehículo asegurado en la curva de Av. Eloy Alfaro. El conductor señala que existía exceso de velocidad combinado con lluvia intensa en ese momento. No hay cámaras en el sector.,No,No,0,4,No,90,Rojo,Alta frecuencia conductor en vehículo (4 siniestros) | Vehículo con múltiples siniestros | Documentos incompletos | Dinámica de accidente sospechosa (Volcadura) | Reporte tardío (17 días) | Monto cercano a suma asegurada (>93%),6,1
SIN-0688,POL-0015,ASE-0081,PRV-0018,,,Generales,Responsabilidad Civil,2023-05-05,2023-05-07,2,840,-475,3669.09,3310.12,2549.41,25950.95,Pago Parcial,Quito,El vehículo asegurado impactó a un peatón en Av. 10 de Agosto causando lesiones de consideración. Se levantó el parte policial y se trasladó al afectado al centro médico más cercano.,Sí,No,0,0,No,11,Verde,Ninguna,0,0
SIN-0689,POL-0261,ASE-0021,PRV-0019,VEH-0396,FJB-4056,Vehículos,Pérdida Total,2025-01-27,2025-01-30,3,1628,-1263,30616.5,30107.87,0.0,35895.62,Cierre Sin Consecuencia,Cuenca,El vehículo sufrió daños de consideración al precipitarse en la vía Av. Huayna Cápac. El informe del perito establece que los costos de reparación superan el valor comercial del vehículo.,No,No,0,2,No,48,Amarillo,Demora denuncia robo >48h | 2 siniestros del mismo vehículo | Documentos incompletos,3,0
SIN-0690,POL-0143,ASE-0190,PRV-0017,,,Salud,Atención Médica,2021-12-30,2021-12-30,0,26,-743,519.59,453.31,0.0,42633.53,Reserva,Guayaquil,Asegurado acude a emergencias por colecistitis aguda. Se realizan exámenes de laboratorio e imagen. Se procede con el tratamiento indicado por el especialista.,Sí,No,2,0,No,71,Amarillo,Reclamo entre 11-30 días de póliza | 2 siniestros previos del asegurado,2,1
SIN-0691,POL-0146,ASE-0244,PRV-0042,,,Generales,Incendio Comercial,2023-12-02,2023-12-07,5,24,341,37893.76,31854.62,24027.79,29707.97,Pago Parcial,Ibarra,El asegurado indica que al intentar ingresar al parqueadero fue golpeado lateralmente por un vehículo que no respetó la preferencia de paso en la intersección de Redondel Central.,Sí,No,2,0,No,59,Amarillo,Reclamo entre 11-30 días de póliza | 2 siniestros previos del asegurado | Reporte con demora moderada (5 días),3,0
SIN-0692,POL-0140,ASE-0043,PRV-0015,,,Vehículos,Volcadura,2023-05-14,2023-05-28,14,300,65,16911.8,13651.75,10721.23,12590.91,Pago Parcial,Riobamba,El vehículo perdió el control en la vía Av. 24 de Mayo y volcó aparatosamente. No se identificaron otros vehículos involucrados. El accidente ocurrió aproximadamente a las 11:52 según el reporte policial.,No,No,2,2,No,90,Rojo,2 siniestros previos del asegurado | 2 siniestros del mismo vehículo | Documentos incompletos | Dinámica de accidente sospechosa (Volcadura) | Reporte tardío (14 días),5,1
SIN-0693,POL-0259,ASE-0057,PRV-0016,,,Generales,Robo Equipos,2022-09-16,2022-09-16,0,26,-335,10206.7,9325.71,9325.71,9979.5,Pago Total,Babahoyo,Siniestro ocurrido en la autopista Av. 24 de Mayo. El vehículo derrapó al esquivar un objeto en la vía causando impacto contra el guardarraíl lateral.,Sí,No,2,0,No,42,Amarillo,Reclamo entre 11-30 días de póliza | 2 siniestros previos del asegurado,2,1
SIN-0694,POL-0010,ASE-0108,PRV-0022,,,Salud,Hospitalización,2023-06-11,2023-06-12,1,1109,-744,3315.96,3471.44,3471.44,14737.15,Pago Total,Guayaquil,Ingreso hospitalario de emergencia por cálculos renales severo. Requirió atención en UCI durante las primeras 48 horas. Posteriormente trasladado a sala general con mejoría progresiva.,Sí,No,0,0,No,26,Verde,Ninguna,0,0
SIN-0695,POL-0010,ASE-0108,PRV-0058,,,Vida,Invalidez Total,2020-06-20,2020-06-20,0,23,-752,35821.22,38788.56,0.0,14737.15,Negativa,Quito,El vehículo asegurado fue impactado por la parte posterior mientras se encontraba detenido en el semáforo de la Av. Av. Occidental. El conductor del vehículo causante se dio a la fuga sin identificarse.,Sí,No,0,0,No,56,Amarillo,Reclamo entre 11-30 días de póliza,1,0
SIN-0696,POL-0255,ASE-0128,PRV-0024,VEH-0139,PPZ-5540,Vehículos,Robo,2022-04-26,2022-04-28,2,25,-29,32040.01,30723.48,0.0,16909.76,Liquidado,Quito,El asegurado reporta que al regresar al parqueadero ubicado en el sector de Av. Shyris encontró que su vehículo había sido sustraído. No existen testigos ni cámaras de seguridad en el lugar.,Sí,No,1,1,No,44,Amarillo,Reclamo entre 11-30 días de póliza | Demora denuncia robo 24-48h,2,0
SIN-0697,POL-0243,ASE-0048,PRV-0009,,,Salud,Emergencia,2023-10-22,2023-10-23,1,1120,-755,514.01,451.56,451.56,49406.42,Pago Total,Guayaquil,Colisión frontal en la vía Av. 9 de Octubre cuando el vehículo contrario invadió el carril. Se levantó el parte policial correspondiente y se tomaron fotografías del lugar.,Sí,No,1,0,No,26,Verde,Ninguna,0,0
SIN-0698,POL-0230,ASE-0146,PRV-0016,VEH-0213,AHL-7853,Vehículos,Volcadura,2024-07-22,2024-08-07,16,1516,-1151,15604.36,14005.36,0.0,36971.29,Liquidado,Quito,El vehículo perdió el control en la vía Av. América y volcó aparatosamente. No se identificaron otros vehículos involucrados. El accidente ocurrió aproximadamente a las 11:39 según el reporte policial.,No,No,2,2,No,92,Rojo,2 siniestros previos del asegurado | 2 siniestros del mismo vehículo | Documentos incompletos | Dinámica de accidente sospechosa (Volcadura) | Reporte tardío (16 días),5,1
SIN-0699,POL-0042,ASE-0084,PRV-0023,VEH-0116,LDT-1867,Vehículos,Daño Parcial,2024-12-14,2024-12-16,2,1590,-1225,3210.14,3391.38,3391.38,6487.68,Pago Total,Portoviejo,Colisión frontal en la vía Vía Principal cuando el vehículo contrario invadió el carril. Se levantó el parte policial correspondiente y se tomaron fotografías del lugar.,Sí,No,0,2,No,5,Verde,2 siniestros del mismo vehículo,1,0
SIN-0700,POL-0258,ASE-0085,PRV-0008,,,Salud,Cirugía,2023-10-19,2023-10-19,0,1320,-955,11142.54,11926.8,7043.26,5922.14,Anticipo,Quito,Paciente sometido a intervención quirúrgica por cálculos renales. Procedimiento realizado sin complicaciones en el Hospital Clínica Pichincha. Período de recuperación estimado: 3 días.,Sí,No,0,0,No,26,Verde,Ninguna,0,0
SIN-0701,POL-0158,ASE-0231,PRV-0010,,,Salud,Cirugía,2024-04-28,2024-04-28,0,278,87,7220.51,6202.36,0.0,13387.59,Negativa,Cuenca,Paciente ingresa a consulta por cuadro de politraumatismo. Se realiza evaluación completa y se indica tratamiento farmacológico por 15 días con control posterior.,No,No,1,0,Sí,10,Verde,⚠️ Proveedor en Lista Restrictiva | Documentos incompletos | ⚠️ Narrativa similar a otro reclamo (>85% similitud),3,0
SIN-0702,POL-0280,ASE-0030,PRV-0060,,,Generales,Robo Equipos,2023-06-22,2023-06-23,1,30,859,6258.46,5239.44,1977.53,53086.35,Pago Parcial,Guayaquil,Colisión frontal en la vía Av. Carlos Julio Arosemena cuando el vehículo contrario invadió el carril. Se levantó el parte policial correspondiente y se tomaron fotografías del lugar.,Sí,No,1,0,No,11,Verde,Reclamo entre 11-30 días de póliza,1,0
SIN-0703,POL-0284,ASE-0072,PRV-0054,VEH-0094,YJJ-7956,Vehículos,Responsabilidad Civil,2024-10-02,2024-10-02,0,576,-211,8628.5,8567.57,0.0,26179.17,Reserva,Cuenca,Colisión del asegurado contra un vehículo de servicio público en Av. de Las Américas. El conductor del bus presentó daños en la parte lateral y varios pasajeros reportaron lesiones leves.,No,Sí,2,0,Sí,56,Amarillo,2 siniestros previos del asegurado | ⚠️ Proveedor en Lista Restrictiva | Documentos incompletos | ⚠️ Documentos inconsistentes detectados,4,0
SIN-0704,POL-0298,ASE-0190,PRV-0030,VEH-0347,MFP-0697,Vehículos,Robo,2025-03-09,2025-03-10,1,475,-110,35207.51,33821.54,0.0,70731.75,Liquidado,Machala,Sustracción del vehículo en el interior de un centro comercial de Calle Central. Las cámaras del lugar presentaban fallas técnicas según indicó el personal de seguridad.,Sí,No,1,1,No,5,Verde,Demora denuncia robo 24-48h,1,0
SIN-0705,POL-0048,ASE-0159,PRV-0018,,,Hogar,Terremoto,2023-02-28,2023-03-02,2,395,-30,19175.3,20112.26,0.0,41775.09,Negativa,Quito,Siniestro ocurrido en la autopista Av. América. El vehículo derrapó al esquivar un objeto en la vía causando impacto contra el guardarraíl lateral.,Sí,No,3,0,No,96,Rojo,Alta frecuencia reclamos asegurado (3 siniestros),1,1
SIN-0706,POL-0146,ASE-0244,PRV-0053,VEH-0133,WTV-7921,Vehículos,Responsabilidad Civil,2024-12-26,2024-12-28,2,414,-49,5304.75,5703.34,5703.34,29707.97,Pago Total,Quito,Colisión del asegurado contra un vehículo de servicio público en Av. República. El conductor del bus presentó daños en la parte lateral y varios pasajeros reportaron lesiones leves.,No,No,1,4,No,10,Verde,Alta frecuencia conductor en vehículo (4 siniestros) | Vehículo con múltiples siniestros | Documentos incompletos,3,0
SIN-0707,POL-0118,ASE-0034,PRV-0026,VEH-0093,ELX-7212,Vehículos,Responsabilidad Civil,2024-10-08,2024-10-10,2,1475,-1110,8172.62,7498.53,0.0,74524.56,Liquidado,Quito,El vehículo asegurado impactó a un peatón en Av. Occidental causando lesiones de consideración. Se levantó el parte policial y se trasladó al afectado al centro médico más cercano.,Sí,No,0,0,No,0,Verde,Ninguna,0,0
SIN-0708,POL-0254,ASE-0119,PRV-0051,,,Hogar,Robo Contenido,2024-06-27,2024-06-27,0,829,-464,7674.97,7648.57,0.0,15715.96,Negativa,Quito,Sustracción de bienes del interior del inmueble en Calle Colón. El asegurado reporta ausencia de 4 días del domicilio. Se presentó la denuncia en la Fiscalía del sector.,Sí,No,0,0,No,0,Verde,Ninguna,0,0
SIN-0709,POL-0019,ASE-0124,PRV-0054,VEH-0323,ASL-8842,Vehículos,Volcadura,2024-09-28,2024-10-06,8,1207,-842,10337.56,8937.17,4803.24,41242.04,Anticipo,Manta,El vehículo perdió el control en la vía Redondel Central y volcó aparatosamente. No se identificaron otros vehículos involucrados. El accidente ocurrió aproximadamente a las 12:28 según el reporte policial.,No,No,3,2,Sí,76,Rojo,Alta frecuencia reclamos asegurado (3 siniestros) | 2 siniestros del mismo vehículo | ⚠️ Proveedor en Lista Restrictiva | Documentos incompletos | Dinámica de accidente sospechosa (Volcadura) | Reporte tardío (8 días),6,1
SIN-0710,POL-0073,ASE-0069,PRV-0025,,,Vida,Invalidez Parcial,2024-09-15,2024-09-16,1,297,68,15684.17,14576.4,14576.4,22005.45,Pago Total,Guayaquil,Colisión frontal en la vía Av. Francisco de Orellana cuando el vehículo contrario invadió el carril. Se levantó el parte policial correspondiente y se tomaron fotografías del lugar.,Sí,No,1,0,No,26,Verde,Ninguna,0,0
SIN-0711,POL-0043,ASE-0008,PRV-0054,VEH-0291,ZWJ-8012,Vehículos,Daño Parcial,2023-11-04,2023-11-04,0,39,326,1929.78,1861.72,1861.72,44604.51,Pago Total,Cuenca,El vehículo asegurado fue impactado por la parte posterior mientras se encontraba detenido en el semáforo de la Av. Calle Gran Colombia. El conductor del vehículo causante se dio a la fuga sin identificarse.,Sí,No,1,0,Sí,31,Verde,⚠️ Proveedor en Lista Restrictiva,1,0
SIN-0712,POL-0213,ASE-0114,PRV-0015,,,Salud,Maternidad,2023-04-26,2023-04-29,3,-332,697,2333.43,2455.97,1213.62,15506.22,Anticipo,Quito,Impacto posterior en el sector de Av. Patria durante hora pico. El conductor responsable presentó documentos y se llegó a un acuerdo inicial antes del reporte a la aseguradora.,No,Sí,2,0,No,71,Amarillo,2 siniestros previos del asegurado | Documentos incompletos | ⚠️ Documentos inconsistentes detectados,3,0
SIN-0713,POL-0217,ASE-0220,PRV-0033,,,Salud,Hospitalización,2024-01-12,2024-01-15,3,-44,409,25880.43,26782.18,17324.56,27642.94,Pago Parcial,Loja,Paciente ingresa al área de hospitalización por diagnóstico de fractura de tibia. Evolución satisfactoria durante los 10 días de internación. Alta médica con indicaciones.,Sí,No,4,5,No,92,Rojo,Alta frecuencia reclamos asegurado (4 siniestros) | Alta frecuencia conductor en vehículo (5 siniestros) | Proveedor con historial de casos observados,3,1
SIN-0714,POL-0272,ASE-0181,PRV-0032,,,Hogar,Robo Contenido,2024-04-18,2024-04-20,2,30,552,1186.28,984.85,355.18,15339.15,Anticipo,Machala,Sustracción de bienes del interior del inmueble en Av. Principal. El asegurado reporta ausencia de 8 días del domicilio. Se presentó la denuncia en la Fiscalía del sector.,Sí,No,1,0,No,16,Verde,Reclamo entre 11-30 días de póliza,1,0
SIN-0715,POL-0016,ASE-0093,PRV-0055,,,Vida,Invalidez Total,2025-04-03,2025-04-05,2,1454,-1089,20187.58,17439.84,17439.84,47774.18,Pago Total,Guayaquil,Siniestro ocurrido en la autopista Blvd. del Malecón. El vehículo derrapó al esquivar un objeto en la vía causando impacto contra el guardarraíl lateral.,Sí,No,1,0,No,0,Verde,Ninguna,0,0
SIN-0716,POL-0276,ASE-0186,PRV-0008,VEH-0195,UJS-8658,Vehículos,Robo,2023-01-31,2023-01-31,0,150,215,32917.08,28153.7,28153.7,23088.65,Pago Total,Manta,Colisión del asegurado contra un vehículo de servicio público en Av. República. El conductor del bus presentó daños en la parte lateral y varios pasajeros reportaron lesiones leves.,No,No,0,0,No,71,Amarillo,Documentos incompletos | ⚠️ Narrativa similar a otro reclamo (>85% similitud),2,0
SIN-0717,POL-0089,ASE-0203,PRV-0036,,,Vida,Enfermedades Graves,2024-05-18,2024-05-20,2,487,-122,5583.11,4703.15,0.0,26948.2,Reserva,Machala,Colisión frontal en la vía Av. Principal cuando el vehículo contrario invadió el carril. Se levantó el parte policial correspondiente y se tomaron fotografías del lugar.,No,No,2,0,No,59,Amarillo,2 siniestros previos del asegurado | Documentos incompletos,2,0
SIN-0718,POL-0110,ASE-0014,PRV-0010,VEH-0243,DGF-7221,Vehículos,Robo,2021-01-06,2021-01-09,3,8,-969,35025.74,31226.4,22222.16,59607.99,Anticipo,Cuenca,Sustracción del vehículo en el interior de un centro comercial de Av. de Las Américas. Las cámaras del lugar presentaban fallas técnicas según indicó el personal de seguridad.,No,No,4,0,Sí,100,Rojo,Reclamo primeros 10 días de póliza | Demora denuncia robo >48h | Alta frecuencia reclamos asegurado (4 siniestros) | ⚠️ Proveedor en Lista Restrictiva | Documentos incompletos,5,1
SIN-0719,POL-0255,ASE-0128,PRV-0040,,,Hogar,Robo Contenido,2024-06-12,2024-06-12,0,803,-438,6748.25,6914.99,0.0,16909.76,Reserva,Guayaquil,Sustracción de bienes del interior del inmueble en Av. Carlos Julio Arosemena. El asegurado reporta ausencia de 8 días del domicilio. Se presentó la denuncia en la Fiscalía del sector.,Sí,No,0,0,No,11,Verde,Ninguna,0,0
SIN-0720,POL-0133,ASE-0107,PRV-0020,,,Hogar,Terremoto,2023-03-14,2023-03-15,1,30,920,10056.32,9585.76,0.0,43788.5,Reserva,Portoviejo,El vehículo asegurado fue impactado por la parte posterior mientras se encontraba detenido en el semáforo de la Av. Vía Principal. El conductor del vehículo causante se dio a la fuga sin identificarse.,Sí,No,0,0,No,26,Verde,Reclamo entre 11-30 días de póliza,1,0
SIN-0721,POL-0280,ASE-0030,PRV-0009,,,Vida,Enfermedades Graves,2024-09-15,2024-09-15,0,30,408,31905.48,30694.44,30694.44,53086.35,Pago Total,Guayaquil,Impacto posterior en el sector de Av. 9 de Octubre durante hora pico. El conductor responsable presentó documentos y se llegó a un acuerdo inicial antes del reporte a la aseguradora.,Sí,No,1,0,No,12,Verde,Reclamo entre 11-30 días de póliza,1,0
SIN-0722,POL-0199,ASE-0055,PRV-0043,,,Salud,Cirugía,2023-08-27,2023-08-29,2,854,-489,13546.94,13877.23,0.0,10934.34,Reserva,Cuenca,Paciente sometido a intervención quirúrgica por insuficiencia cardíaca. Procedimiento realizado sin complicaciones en el Hospital Hospital Clínica San Francisco. Período de recuperación estimado: 10 días.,Sí,No,3,0,No,49,Amarillo,Alta frecuencia reclamos asegurado (3 siniestros),1,1
SIN-0723,POL-0235,ASE-0207,PRV-0008,,,Vida,Fallecimiento,2024-02-10,2024-02-10,0,1123,-758,12383.81,10494.55,10494.55,10528.32,Pago Total,Quito,El asegurado indica que al intentar ingresar al parqueadero fue golpeado lateralmente por un vehículo que no respetó la preferencia de paso en la intersección de Calle Colón.,Sí,No,1,0,No,15,Verde,Ninguna,0,0
SIN-0724,POL-0134,ASE-0225,PRV-0057,,,Salud,Hospitalización,2025-01-06,2025-01-06,0,30,357,4443.89,3893.14,0.0,6014.48,Negativa,Quito,Ingreso hospitalario de emergencia por neumonía bilateral severo. Requirió atención en UCI durante las primeras 48 horas. Posteriormente trasladado a sala general con mejoría progresiva.,Sí,No,0,0,No,5,Verde,Reclamo entre 11-30 días de póliza,1,1
SIN-0725,POL-0128,ASE-0192,PRV-0052,,,Salud,Hospitalización,2023-07-16,2023-07-17,1,205,160,4578.23,4615.31,0.0,10454.24,Negativa,Guayaquil,Ingreso hospitalario de emergencia por politraumatismo severo. Requirió atención en UCI durante las primeras 48 horas. Posteriormente trasladado a sala general con mejoría progresiva.,Sí,No,0,0,No,11,Verde,Ninguna,0,0
SIN-0726,POL-0248,ASE-0198,PRV-0038,VEH-0030,GNH-7228,Vehículos,Choque,2024-10-08,2024-10-08,0,960,-595,4470.55,3585.11,1519.34,16508.55,Pago Parcial,Guayaquil,Impacto posterior en el sector de Av. Carlos Julio Arosemena durante hora pico. El conductor responsable presentó documentos y se llegó a un acuerdo inicial antes del reporte a la aseguradora.,Sí,No,1,1,No,26,Verde,Ninguna,0,0
SIN-0727,POL-0111,ASE-0161,PRV-0027,VEH-0371,KFS-9177,Vehículos,Pérdida Total,2025-03-16,2025-03-17,1,184,181,42585.73,34340.94,0.0,98144.41,Reserva,Loja,El vehículo sufrió daños de consideración al precipitarse en la vía Vía Principal. El informe del perito establece que los costos de reparación superan el valor comercial del vehículo.,Sí,No,0,1,No,10,Verde,Demora denuncia robo 24-48h | Proveedor con historial de casos observados,2,0
SIN-0728,POL-0092,ASE-0172,PRV-0017,VEH-0374,DMH-3765,Vehículos,Volcadura,2024-02-15,2024-02-16,1,30,505,6287.44,5588.08,4106.73,27057.63,Pago Parcial,Guayaquil,Volcadura del vehículo asegurado en la curva de Av. 9 de Octubre. El conductor señala que existía exceso de velocidad combinado con lluvia intensa en ese momento. No hay cámaras en el sector.,Sí,No,0,1,No,10,Verde,Reclamo entre 11-30 días de póliza | Dinámica de accidente sospechosa (Volcadura),2,0
SIN-0729,POL-0211,ASE-0204,PRV-0046,,,Vida,Fallecimiento,2024-09-02,2024-09-02,0,30,383,18966.33,15741.15,0.0,66724.02,Cierre Sin Consecuencia,Loja,Impacto posterior en el sector de Redondel Central durante hora pico. El conductor responsable presentó documentos y se llegó a un acuerdo inicial antes del reporte a la aseguradora.,Sí,No,0,0,No,15,Verde,Reclamo entre 11-30 días de póliza,1,0
SIN-0730,POL-0104,ASE-0012,PRV-0037,,,Salud,Maternidad,2023-02-19,2023-02-19,0,30,671,1159.09,1183.13,1183.13,6258.6,Pago Total,Quito,Impacto posterior en el sector de Av. Occidental durante hora pico. El conductor responsable presentó documentos y se llegó a un acuerdo inicial antes del reporte a la aseguradora.,Sí,No,1,0,No,5,Verde,Reclamo entre 11-30 días de póliza,1,0
SIN-0731,POL-0179,ASE-0046,PRV-0052,,,Vida,Invalidez Parcial,2022-06-19,2022-06-22,3,14,60,11934.9,9688.91,7136.06,27229.5,Pago Parcial,Guayaquil,El asegurado indica que al intentar ingresar al parqueadero fue golpeado lateralmente por un vehículo que no respetó la preferencia de paso en la intersección de Av. Narcisa de Jesús.,Sí,No,0,0,No,71,Amarillo,Reclamo entre 11-30 días de póliza,1,0
SIN-0732,POL-0079,ASE-0101,PRV-0031,VEH-0018,DFE-6980,Vehículos,Responsabilidad Civil,2024-02-09,2024-02-09,0,1124,-759,2956.29,3250.09,0.0,12146.73,Liquidado,Quito,Colisión del asegurado contra un vehículo de servicio público en Calle Colón. El conductor del bus presentó daños en la parte lateral y varios pasajeros reportaron lesiones leves.,Sí,No,1,2,No,18,Verde,2 siniestros del mismo vehículo,1,0
SIN-0733,POL-0216,ASE-0075,PRV-0040,,,Generales,Daño Equipos,2023-12-25,2023-12-26,1,935,-570,2983.87,3278.54,3278.54,44885.53,Pago Total,Quito,El vehículo asegurado fue impactado por la parte posterior mientras se encontraba detenido en el semáforo de la Av. Av. América. El conductor del vehículo causante se dio a la fuga sin identificarse.,Sí,No,1,0,No,11,Verde,Ninguna,0,0
SIN-0734,POL-0248,ASE-0198,PRV-0024,,,Hogar,Responsabilidad Civil,2024-01-25,2024-01-26,1,703,-338,12481.82,11833.69,0.0,16508.55,Negativa,Guayaquil,El vehículo asegurado impactó a un peatón en Av. del Bombero causando lesiones de consideración. Se levantó el parte policial y se trasladó al afectado al centro médico más cercano.,Sí,No,1,0,No,11,Verde,Ninguna,0,0
SIN-0735,POL-0257,ASE-0228,PRV-0012,VEH-0182,RPZ-6402,Vehículos,Choque,2024-12-02,2024-12-05,3,1086,-721,1531.03,1313.52,0.0,22065.22,Negativa,Guayaquil,Siniestro ocurrido en la autopista Av. Juan Tanca Marengo. El vehículo derrapó al esquivar un objeto en la vía causando impacto contra el guardarraíl lateral.,No,No,2,0,No,71,Amarillo,2 siniestros previos del asegurado | Documentos incompletos,2,0
SIN-0736,POL-0126,ASE-0227,PRV-0015,,,Salud,Emergencia,2024-06-27,2024-06-28,1,30,390,1432.72,1312.56,0.0,22144.69,Liquidado,Ambato,Colisión frontal en la vía Av. Cevallos cuando el vehículo contrario invadió el carril. Se levantó el parte policial correspondiente y se tomaron fotografías del lugar.,Sí,No,1,0,No,17,Verde,Reclamo entre 11-30 días de póliza,1,0
SIN-0737,POL-0044,ASE-0244,PRV-0008,VEH-0013,GZN-4984,Vehículos,Robo,2024-02-15,2024-02-17,2,1336,-971,24016.11,26060.11,18390.94,44871.26,Pago Parcial,Guayaquil,Robo del vehículo en el sector comercial de Av. Juan Tanca Marengo. El asegurado indica que dejó el auto por aproximadamente 2 horas y al regresar ya no se encontraba. No hay evidencia de forzamiento.,Sí,No,0,2,No,9,Verde,Demora denuncia robo 24-48h | 2 siniestros del mismo vehículo,2,0
SIN-0738,POL-0028,ASE-0040,PRV-0048,,,Hogar,Robo Contenido,2024-11-09,2024-11-09,0,1054,-689,6807.14,6468.06,4446.28,40536.69,Pago Parcial,Quito,"Robo con fuerza en el inmueble asegurado ubicado en Av. Eloy Alfaro, Quito. Los delincuentes ingresaron por una ventana trasera. Se sustrajeron equipos electrónicos y objetos de valor.",No,No,0,0,No,26,Verde,Documentos incompletos,1,0
SIN-0739,POL-0124,ASE-0025,PRV-0057,VEH-0384,WNY-1391,Vehículos,Choque,2025-01-18,2025-01-20,2,593,-228,6923.87,6330.77,0.0,23804.42,Liquidado,Loja,Colisión frontal en la vía Av. Principal cuando el vehículo contrario invadió el carril. Se levantó el parte policial correspondiente y se tomaron fotografías del lugar.,Sí,No,0,1,No,0,Verde,Ninguna,0,0
SIN-0740,POL-0266,ASE-0075,PRV-0010,VEH-0213,AHL-7853,Vehículos,Robo,2022-12-14,2022-12-18,4,4,-259,27908.75,24027.89,12592.26,29830.6,Pago Parcial,Quito,El asegurado reporta que al regresar al parqueadero ubicado en el sector de Av. República encontró que su vehículo había sido sustraído. No existen testigos ni cámaras de seguridad en el lugar.,No,No,2,0,Sí,94,Rojo,Reclamo primeros 10 días de póliza | Demora denuncia robo >48h | 2 siniestros previos del asegurado | ⚠️ Proveedor en Lista Restrictiva | Documentos incompletos | Reporte con demora moderada (4 días) | Monto cercano a suma asegurada (>93%),7,1
SIN-0741,POL-0214,ASE-0247,PRV-0024,VEH-0103,TVJ-8827,Vehículos,Responsabilidad Civil,2023-04-15,2023-04-18,3,757,-392,10646.88,10996.24,10996.24,44286.09,Pago Total,Riobamba,Colisión del asegurado contra un vehículo de servicio público en Av. 24 de Mayo. El conductor del bus presentó daños en la parte lateral y varios pasajeros reportaron lesiones leves.,No,No,3,1,No,41,Amarillo,Alta frecuencia reclamos asegurado (3 siniestros) | Documentos incompletos,2,0
SIN-0742,POL-0005,ASE-0055,PRV-0044,VEH-0070,UCS-9509,Vehículos,Pérdida Total,2025-01-08,2025-01-10,2,140,225,43790.26,44132.57,44132.57,10440.5,Pago Total,Quito,El vehículo sufrió daños de consideración al precipitarse en la vía Calle Colón. El informe del perito establece que los costos de reparación superan el valor comercial del vehículo.,Sí,No,1,1,No,5,Verde,Demora denuncia robo 24-48h,1,0
SIN-0743,POL-0257,ASE-0228,PRV-0051,VEH-0203,PZC-0738,Vehículos,Robo Parcial,2023-01-23,2023-01-23,0,407,-42,2982.55,2420.74,0.0,22065.22,Reserva,Quito,Colisión frontal en la vía Av. 10 de Agosto cuando el vehículo contrario invadió el carril. Se levantó el parte policial correspondiente y se tomaron fotografías del lugar.,Sí,No,0,2,No,5,Verde,2 siniestros del mismo vehículo,1,0
SIN-0744,POL-0072,ASE-0012,PRV-0019,VEH-0101,CMW-2355,Vehículos,Pérdida Total,2024-11-16,2024-11-18,2,188,177,18358.64,18490.35,18490.35,32818.07,Pago Total,Tulcán,Accidente de tránsito en la vía Redondel Central con impacto severo que ocasionó daños irreparables al vehículo. Los peritos determinaron pérdida total por superar el 75% del valor asegurado.,Sí,No,0,2,No,9,Verde,Demora denuncia robo 24-48h | 2 siniestros del mismo vehículo,2,0
SIN-0745,POL-0253,ASE-0002,PRV-0021,VEH-0370,SXS-8737,Vehículos,Volcadura,2024-03-11,2024-03-12,1,75,290,9981.39,10261.13,10261.13,6997.67,Pago Total,Guayaquil,Volcadura del vehículo asegurado en la curva de Av. Narcisa de Jesús. El conductor señala que existía exceso de velocidad combinado con lluvia intensa en ese momento. No hay cámaras en el sector.,Sí,No,0,1,No,14,Verde,Dinámica de accidente sospechosa (Volcadura),1,0
SIN-0746,POL-0266,ASE-0075,PRV-0032,,,Generales,Daño Equipos,2023-05-29,2023-05-30,1,170,195,3162.77,3437.95,0.0,29830.6,Liquidado,Cuenca,Siniestro ocurrido en la autopista Calle Gran Colombia. El vehículo derrapó al esquivar un objeto en la vía causando impacto contra el guardarraíl lateral.,No,No,0,0,No,26,Verde,Documentos incompletos,1,0
SIN-0747,POL-0092,ASE-0172,PRV-0050,,,Hogar,Daño por Agua,2023-01-05,2023-01-05,0,30,911,1416.45,1385.91,711.28,27057.63,Pago Parcial,Quito,Colisión frontal en la vía Av. 6 de Diciembre cuando el vehículo contrario invadió el carril. Se levantó el parte policial correspondiente y se tomaron fotografías del lugar.,Sí,No,0,0,No,5,Verde,Reclamo entre 11-30 días de póliza,1,0
SIN-0748,POL-0046,ASE-0207,PRV-0034,,,Hogar,Responsabilidad Civil,2024-07-05,2024-07-05,0,1043,-678,2273.71,2048.31,0.0,33166.38,Cierre Sin Consecuencia,Guayaquil,El vehículo asegurado impactó a un peatón en Av. Narcisa de Jesús causando lesiones de consideración. Se levantó el parte policial y se trasladó al afectado al centro médico más cercano.,No,No,1,0,No,10,Verde,Proveedor con historial de casos observados | Documentos incompletos,2,0
SIN-0749,POL-0289,ASE-0087,PRV-0051,,,Vida,Invalidez Total,2025-02-19,2025-02-25,6,590,-225,41994.7,37222.05,37222.05,32101.63,Pago Total,Machala,Colisión frontal en la vía Redondel Central cuando el vehículo contrario invadió el carril. Se levantó el parte policial correspondiente y se tomaron fotografías del lugar.,Sí,No,5,0,No,47,Amarillo,Alta frecuencia reclamos asegurado (5 siniestros) | Reporte con demora moderada (6 días),2,0
SIN-0750,POL-0249,ASE-0173,PRV-0024,VEH-0208,LPA-2424,Vehículos,Daño Parcial,2024-02-20,2024-02-22,2,27,637,3975.69,3999.63,2643.02,36425.51,Pago Parcial,Riobamba,Colisión frontal en la vía Av. Principal cuando el vehículo contrario invadió el carril. Se levantó el parte policial correspondiente y se tomaron fotografías del lugar.,Sí,No,2,0,No,71,Amarillo,Reclamo entre 11-30 días de póliza | 2 siniestros previos del asegurado,2,0
SIN-0751,POL-0282,ASE-0201,PRV-0006,VEH-0173,JWU-9517,Vehículos,Pérdida Total,2024-05-09,2024-05-11,2,745,-380,33579.82,30500.69,12160.42,19821.76,Pago Parcial,Quito,El vehículo sufrió daños de consideración al precipitarse en la vía Av. Naciones Unidas. El informe del perito establece que los costos de reparación superan el valor comercial del vehículo.,Sí,No,0,0,No,5,Verde,Demora denuncia robo 24-48h,1,0
SIN-0752,POL-0181,ASE-0029,PRV-0026,VEH-0104,NLJ-1658,Vehículos,Responsabilidad Civil,2023-03-16,2023-03-19,3,152,213,12595.18,12305.52,12305.52,16147.81,Pago Total,Babahoyo,El vehículo asegurado impactó a un peatón en Redondel Central causando lesiones de consideración. Se levantó el parte policial y se trasladó al afectado al centro médico más cercano.,No,Sí,0,1,No,71,Amarillo,Documentos incompletos | ⚠️ Documentos inconsistentes detectados,2,0
SIN-0753,POL-0201,ASE-0155,PRV-0057,VEH-0030,GNH-7228,Vehículos,Pérdida Total,2023-02-13,2023-02-15,2,30,471,25254.39,27625.97,27625.97,25687.57,Pago Total,Ibarra,El vehículo sufrió daños de consideración al precipitarse en la vía Vía Principal. El informe del perito establece que los costos de reparación superan el valor comercial del vehículo.,No,No,0,1,No,23,Verde,Reclamo entre 11-30 días de póliza | Demora denuncia robo 24-48h | Documentos incompletos,3,0
SIN-0754,POL-0133,ASE-0107,PRV-0012,,,Salud,Cirugía,2024-10-14,2024-10-15,1,25,216,13790.81,14526.7,14526.7,43788.5,Pago Total,Quito,Paciente ingresa a consulta por cuadro de politraumatismo. Se realiza evaluación completa y se indica tratamiento farmacológico por 15 días con control posterior.,Sí,No,1,0,No,48,Amarillo,Reclamo entre 11-30 días de póliza | ⚠️ Narrativa similar a otro reclamo (>85% similitud),2,0
SIN-0755,POL-0075,ASE-0247,PRV-0021,VEH-0389,LMV-5100,Vehículos,Daño Parcial,2023-06-17,2023-06-18,1,496,-131,2137.32,1870.48,0.0,39475.52,Negativa,Quito,Impacto posterior en el sector de Av. República durante hora pico. El conductor responsable presentó documentos y se llegó a un acuerdo inicial antes del reporte a la aseguradora.,Sí,No,1,1,No,0,Verde,Ninguna,0,0
SIN-0756,POL-0189,ASE-0010,PRV-0013,VEH-0037,DYA-5660,Vehículos,Choque,2025-02-12,2025-02-12,0,1818,-1453,5251.16,4692.52,0.0,41830.99,Reserva,Cuenca,El asegurado indica que al intentar ingresar al parqueadero fue golpeado lateralmente por un vehículo que no respetó la preferencia de paso en la intersección de Av. Solano.,No,No,0,0,No,26,Verde,Documentos incompletos,1,0
SIN-0757,POL-0215,ASE-0042,PRV-0023,,,Salud,Maternidad,2025-03-17,2025-03-17,0,444,-79,1889.34,1731.6,536.55,55752.24,Anticipo,Riobamba,Siniestro ocurrido en la autopista Redondel Central. El vehículo derrapó al esquivar un objeto en la vía causando impacto contra el guardarraíl lateral.,Sí,No,1,0,No,0,Verde,Ninguna,0,0
SIN-0758,POL-0070,ASE-0102,PRV-0046,VEH-0193,LTX-0495,Vehículos,Responsabilidad Civil,2023-07-29,2023-07-31,2,136,229,3448.28,2970.13,2970.13,22138.93,Pago Total,Guayaquil,El vehículo asegurado impactó a un peatón en Av. 9 de Octubre causando lesiones de consideración. Se levantó el parte policial y se trasladó al afectado al centro médico más cercano.,Sí,No,1,0,No,11,Verde,Ninguna,0,0
SIN-0759,POL-0265,ASE-0110,PRV-0060,,,Salud,Emergencia,2023-10-30,2023-11-05,6,785,-420,374.54,331.75,331.75,14390.83,Pago Total,Quito,Siniestro ocurrido en la autopista Av. República. El vehículo derrapó al esquivar un objeto en la vía causando impacto contra el guardarraíl lateral.,Sí,No,2,0,No,71,Amarillo,2 siniestros previos del asegurado | Reporte con demora moderada (6 días),2,0
SIN-0760,POL-0205,ASE-0250,PRV-0046,VEH-0035,BSS-1010,Vehículos,Robo,2024-09-12,2024-09-13,1,776,-411,33061.18,28913.28,28913.28,9913.59,Pago Total,Quito,El vehículo fue robado en horas de la madrugada mientras se encontraba estacionado frente al domicilio del asegurado en Av. 10 de Agosto. Se realizó la denuncia en la UPC del sector.,Sí,No,1,3,No,10,Verde,Demora denuncia robo 24-48h | Alta frecuencia conductor en vehículo (3 siniestros) | Vehículo con múltiples siniestros,3,0
SIN-0761,POL-0134,ASE-0225,PRV-0010,,,Vida,Invalidez Total,2023-04-21,2023-04-21,0,30,983,26490.59,25391.13,0.0,6014.48,Cierre Sin Consecuencia,Ambato,El asegurado indica que al intentar ingresar al parqueadero fue golpeado lateralmente por un vehículo que no respetó la preferencia de paso en la intersección de Calle Sucre.,Sí,No,0,0,Sí,25,Verde,Reclamo entre 11-30 días de póliza | ⚠️ Proveedor en Lista Restrictiva,2,0
SIN-0762,POL-0099,ASE-0134,PRV-0015,VEH-0159,HEC-5071,Vehículos,Robo,2023-02-17,2023-02-17,0,30,395,28791.36,27169.57,19574.47,41394.43,Pago Parcial,Guayaquil,Robo del vehículo en el sector comercial de Av. del Bombero. El asegurado indica que dejó el auto por aproximadamente 2 horas y al regresar ya no se encontraba. No hay evidencia de forzamiento.,Sí,No,1,0,No,15,Verde,Reclamo entre 11-30 días de póliza,1,0
SIN-0763,POL-0275,ASE-0058,PRV-0025,,,Hogar,Robo Contenido,2024-08-28,2024-08-30,2,1604,-1239,3309.24,2845.42,0.0,28732.84,Liquidado,Tulcán,"Robo con fuerza en el inmueble asegurado ubicado en Vía Principal, Tulcán. Los delincuentes ingresaron por el garaje. Se sustrajeron equipos electrónicos y objetos de valor.",Sí,No,1,0,No,14,Verde,Ninguna,0,1
SIN-0764,POL-0003,ASE-0188,PRV-0006,,,Hogar,Robo Contenido,2024-11-16,2024-11-18,2,1680,-1315,1820.54,1857.09,0.0,6584.23,Cierre Sin Consecuencia,Cuenca,"Robo con fuerza en el inmueble asegurado ubicado en Av. de Las Américas, Cuenca. Los delincuentes ingresaron por la puerta de servicio. Se sustrajeron equipos electrónicos y objetos de valor.",Sí,No,0,0,No,26,Verde,Ninguna,0,0
SIN-0765,POL-0282,ASE-0201,PRV-0037,,,Vida,Fallecimiento,2024-05-11,2024-05-14,3,747,-382,28581.93,27656.16,16876.36,19821.76,Pago Parcial,Quito,Colisión frontal en la vía Av. República cuando el vehículo contrario invadió el carril. Se levantó el parte policial correspondiente y se tomaron fotografías del lugar.,No,No,1,0,No,58,Amarillo,Documentos incompletos,1,1
SIN-0766,POL-0236,ASE-0005,PRV-0016,,,Vida,Enfermedades Graves,2023-01-18,2023-01-20,2,594,-229,28497.29,30257.92,19019.12,11749.09,Pago Parcial,Ibarra,Impacto posterior en el sector de Calle Central durante hora pico. El conductor responsable presentó documentos y se llegó a un acuerdo inicial antes del reporte a la aseguradora.,Sí,No,0,0,No,26,Verde,Ninguna,0,0
SIN-0767,POL-0246,ASE-0240,PRV-0021,,,Generales,Robo Equipos,2025-02-28,2025-02-28,0,1460,-1095,13035.99,11233.53,0.0,42628.18,Cierre Sin Consecuencia,Quito,Impacto posterior en el sector de Av. Eloy Alfaro durante hora pico. El conductor responsable presentó documentos y se llegó a un acuerdo inicial antes del reporte a la aseguradora.,Sí,No,0,0,No,11,Verde,Ninguna,0,0
SIN-0768,POL-0171,ASE-0230,PRV-0031,,,Generales,Incendio Comercial,2023-09-22,2023-09-24,2,1038,-673,20841.26,21459.31,0.0,47520.26,Negativa,Quito,El asegurado indica que al intentar ingresar al parqueadero fue golpeado lateralmente por un vehículo que no respetó la preferencia de paso en la intersección de Calle Colón.,Sí,No,0,0,No,0,Verde,Ninguna,0,0
SIN-0769,POL-0139,ASE-0146,PRV-0010,,,Vehículos,Robo,2022-05-08,2022-05-15,7,5,-29,11308.92,10109.32,0.0,18751.6,Liquidado,Ibarra,El asegurado reporta que al regresar al parqueadero ubicado en el sector de Vía Principal encontró que su vehículo había sido sustraído. No existen testigos ni cámaras de seguridad en el lugar.,No,No,2,0,Sí,96,Rojo,Reclamo primeros 10 días de póliza | Demora denuncia robo >48h | 2 siniestros previos del asegurado | ⚠️ Proveedor en Lista Restrictiva | Documentos incompletos | Reporte con demora moderada (7 días),6,1
SIN-0770,POL-0273,ASE-0148,PRV-0036,,,Generales,Robo Equipos,2025-02-23,2025-02-28,5,76,289,13283.76,12223.63,12223.63,19324.85,Pago Total,Cuenca,Colisión frontal en la vía Av. Solano cuando el vehículo contrario invadió el carril. Se levantó el parte policial correspondiente y se tomaron fotografías del lugar.,Sí,No,1,0,No,56,Amarillo,Reporte con demora moderada (5 días),1,0
SIN-0771,POL-0111,ASE-0161,PRV-0046,,,Salud,Hospitalización,2024-06-27,2024-06-28,1,30,443,6621.14,6020.8,1934.4,98144.41,Anticipo,Guayaquil,Paciente ingresa al área de hospitalización por diagnóstico de colecistitis aguda. Evolución satisfactoria durante los 11 días de internación. Alta médica con indicaciones.,Sí,No,1,0,No,26,Verde,Reclamo entre 11-30 días de póliza,1,0
SIN-0772,POL-0161,ASE-0017,PRV-0014,VEH-0005,DTZ-8996,Vehículos,Volcadura,2024-02-07,2024-02-08,1,616,-251,12419.86,11379.49,11379.49,13344.87,Pago Total,Guayaquil,El vehículo perdió el control en la vía Av. Carlos Julio Arosemena y volcó aparatosamente. No se identificaron otros vehículos involucrados. El accidente ocurrió aproximadamente a las 05:47 según el reporte policial.,Sí,No,0,0,No,7,Verde,Dinámica de accidente sospechosa (Volcadura),1,0
SIN-0773,POL-0261,ASE-0021,PRV-0022,VEH-0232,TRW-7978,Vehículos,Robo,2023-06-14,2023-06-14,0,1035,-670,8805.33,7201.57,3435.75,35895.62,Pago Parcial,Quito,El asegurado reporta que al regresar al parqueadero ubicado en el sector de Av. Eloy Alfaro encontró que su vehículo había sido sustraído. No existen testigos ni cámaras de seguridad en el lugar.,Sí,No,1,0,No,11,Verde,Ninguna,0,0
SIN-0774,POL-0175,ASE-0188,PRV-0056,,,Vehículos,Volcadura,2023-12-25,2024-01-14,20,1205,-840,15398.71,15255.33,0.0,24827.3,Reserva,Loja,El vehículo perdió el control en la vía Av. 24 de Mayo y volcó aparatosamente. No se identificaron otros vehículos involucrados. El accidente ocurrió aproximadamente a las 14:11 según el reporte policial.,No,No,5,2,No,86,Rojo,Alta frecuencia reclamos asegurado (5 siniestros) | 2 siniestros del mismo vehículo | Documentos incompletos | Dinámica de accidente sospechosa (Volcadura) | Reporte tardío (20 días),5,1
SIN-0775,POL-0237,ASE-0019,PRV-0009,VEH-0359,FWX-7542,Vehículos,Responsabilidad Civil,2023-07-29,2023-07-29,0,30,-126,3163.56,2728.0,1547.03,26671.93,Pago Parcial,Quito,El vehículo asegurado impactó a un peatón en Av. Occidental causando lesiones de consideración. Se levantó el parte policial y se trasladó al afectado al centro médico más cercano.,Sí,No,5,0,No,56,Amarillo,Reclamo entre 11-30 días de póliza | Alta frecuencia reclamos asegurado (5 siniestros),2,0
SIN-0776,POL-0264,ASE-0029,PRV-0044,VEH-0044,HZX-7466,Vehículos,Daño Parcial,2020-12-09,2020-12-12,3,13,-1242,3298.87,3559.92,1321.81,30218.68,Pago Parcial,Guayaquil,Colisión frontal en la vía Av. del Bombero cuando el vehículo contrario invadió el carril. Se levantó el parte policial correspondiente y se tomaron fotografías del lugar.,Sí,No,0,0,No,45,Amarillo,Reclamo entre 11-30 días de póliza,1,0
SIN-0777,POL-0108,ASE-0085,PRV-0010,VEH-0210,FXG-5277,Vehículos,Responsabilidad Civil,2023-07-06,2023-07-09,3,-524,889,19938.6,18402.49,0.0,21061.65,Reserva,Machala,Colisión del asegurado contra un vehículo de servicio público en Calle Central. El conductor del bus presentó daños en la parte lateral y varios pasajeros reportaron lesiones leves.,No,Sí,2,0,Sí,87,Rojo,2 siniestros previos del asegurado | ⚠️ Proveedor en Lista Restrictiva | Documentos incompletos | ⚠️ Documentos inconsistentes detectados,4,1
SIN-0778,POL-0255,ASE-0128,PRV-0047,,,Vida,Invalidez Parcial,2024-02-14,2024-02-14,0,684,-319,19540.56,20230.17,9756.95,16909.76,Pago Parcial,Guayaquil,Siniestro ocurrido en la autopista Av. Narcisa de Jesús. El vehículo derrapó al esquivar un objeto en la vía causando impacto contra el guardarraíl lateral.,No,No,0,0,No,20,Verde,Documentos incompletos,1,0
SIN-0779,POL-0109,ASE-0132,PRV-0052,VEH-0078,TBD-1085,Vehículos,Robo,2020-11-08,2020-11-10,2,30,-1221,20988.38,22422.59,0.0,15061.1,Liquidado,Quito,El asegurado reporta que al regresar al parqueadero ubicado en el sector de Av. Naciones Unidas encontró que su vehículo había sido sustraído. No existen testigos ni cámaras de seguridad en el lugar.,Sí,No,5,2,No,47,Amarillo,Reclamo entre 11-30 días de póliza | Demora denuncia robo 24-48h | Alta frecuencia reclamos asegurado (5 siniestros) | 2 siniestros del mismo vehículo,4,1
SIN-0780,POL-0195,ASE-0090,PRV-0040,VEH-0223,SWC-5577,Vehículos,Daño Parcial,2023-03-27,2023-03-28,1,30,636,2554.14,2058.97,0.0,11166.99,Cierre Sin Consecuencia,Loja,El asegurado indica que al intentar ingresar al parqueadero fue golpeado lateralmente por un vehículo que no respetó la preferencia de paso en la intersección de Redondel Central.,Sí,No,0,0,No,13,Verde,Reclamo entre 11-30 días de póliza,1,0
SIN-0781,POL-0063,ASE-0033,PRV-0003,VEH-0141,FSD-4652,Vehículos,Responsabilidad Civil,2024-10-26,2024-10-28,2,1696,-1331,1175.66,1155.15,0.0,40131.48,Reserva,Guayaquil,El vehículo asegurado impactó a un peatón en Av. Juan Tanca Marengo causando lesiones de consideración. Se levantó el parte policial y se trasladó al afectado al centro médico más cercano.,Sí,No,0,0,No,26,Verde,Ninguna,0,0
SIN-0782,POL-0065,ASE-0158,PRV-0020,VEH-0370,SXS-8737,Vehículos,Responsabilidad Civil,2024-09-15,2024-09-17,2,1527,-1162,2715.79,2830.14,0.0,43216.47,Reserva,Cuenca,El vehículo asegurado impactó a un peatón en Calle Gran Colombia causando lesiones de consideración. Se levantó el parte policial y se trasladó al afectado al centro médico más cercano.,Sí,No,1,1,No,15,Verde,Ninguna,0,0
SIN-0783,POL-0098,ASE-0044,PRV-0009,VEH-0172,JHL-0801,Vehículos,Robo,2024-09-09,2024-09-10,1,1575,-1210,29474.02,30357.85,0.0,19102.87,Reserva,Guayaquil,"Robo con fuerza en el inmueble asegurado ubicado en Av. Occidental, Quito. Los delincuentes ingresaron por el garaje. Se sustrajeron equipos electrónicos y objetos de valor.",Sí,No,1,4,No,40,Verde,Demora denuncia robo 24-48h | Alta frecuencia conductor en vehículo (4 siniestros) | Vehículo con múltiples siniestros | ⚠️ Narrativa similar a otro reclamo (>85% similitud),4,0
SIN-0784,POL-0247,ASE-0179,PRV-0046,,,Salud,Cirugía,2025-01-04,2025-01-04,0,411,-46,14108.14,12846.63,3991.8,12719.18,Anticipo,Quito,Cirugía de urgencia por apendicitis crónica en el Clínica Santa Ana. El paciente evolucionó favorablemente durante el postoperatorio. Dados de alta con seguimiento ambulatorio.,No,No,1,0,No,13,Verde,Documentos incompletos,1,0
SIN-0785,POL-0165,ASE-0153,PRV-0010,,,Vida,Fallecimiento,2023-09-20,2023-09-22,2,1066,-701,25626.31,22754.64,15774.86,17923.86,Pago Parcial,Guayaquil,Colisión frontal en la vía Av. Francisco de Orellana cuando el vehículo contrario invadió el carril. Se levantó el parte policial correspondiente y se tomaron fotografías del lugar.,No,Sí,3,0,Sí,76,Rojo,Alta frecuencia reclamos asegurado (3 siniestros) | ⚠️ Proveedor en Lista Restrictiva | Documentos incompletos | ⚠️ Documentos inconsistentes detectados,4,1
SIN-0786,POL-0158,ASE-0231,PRV-0010,VEH-0282,PAY-0987,Vehículos,Robo,2023-07-28,2023-08-03,6,3,-110,12950.42,11512.89,0.0,13387.59,Reserva,Guayaquil,El vehículo fue robado en horas de la madrugada mientras se encontraba estacionado frente al domicilio del asegurado en Av. 9 de Octubre. Se realizó la denuncia en la UPC del sector.,No,No,3,3,Sí,87,Rojo,Reclamo primeros 10 días de póliza | Demora denuncia robo >48h | Alta frecuencia reclamos asegurado (3 siniestros) | Alta frecuencia conductor en vehículo (3 siniestros) | Vehículo con múltiples siniestros | ⚠️ Proveedor en Lista Restrictiva | Documentos incompletos | Reporte con demora moderada (6 días) | Monto cercano a suma asegurada (>93%),9,1
SIN-0787,POL-0125,ASE-0006,PRV-0054,,,Vehículos,Robo,2023-09-01,2023-09-07,6,5,340,35419.99,31183.84,31183.84,14799.76,Pago Total,Portoviejo,Sustracción del vehículo en el interior de un centro comercial de Vía Principal. Las cámaras del lugar presentaban fallas técnicas según indicó el personal de seguridad.,No,No,4,0,Sí,76,Rojo,Reclamo primeros 10 días de póliza | Demora denuncia robo >48h | Alta frecuencia reclamos asegurado (4 siniestros) | ⚠️ Proveedor en Lista Restrictiva | Documentos incompletos | Reporte con demora moderada (6 días),6,1
SIN-0788,POL-0032,ASE-0108,PRV-0038,VEH-0361,ZAL-7397,Vehículos,Volcadura,2023-01-13,2023-01-16,3,23,-242,8947.74,8228.59,5635.21,7116.64,Pago Parcial,Riobamba,Volcadura del vehículo asegurado en la curva de Av. 24 de Mayo. El conductor señala que existía exceso de velocidad combinado con lluvia intensa en ese momento. No hay cámaras en el sector.,Sí,No,0,1,No,47,Amarillo,Reclamo entre 11-30 días de póliza | Dinámica de accidente sospechosa (Volcadura),2,0
SIN-0789,POL-0095,ASE-0233,PRV-0042,VEH-0058,BDD-7716,Vehículos,Choque,2024-04-23,2024-04-23,0,663,-298,5500.79,5270.94,0.0,20308.1,Reserva,Ambato,El asegurado indica que al intentar ingresar al parqueadero fue golpeado lateralmente por un vehículo que no respetó la preferencia de paso en la intersección de Av. 12 de Noviembre.,No,No,0,0,No,16,Verde,Documentos incompletos,1,0
SIN-0790,POL-0127,ASE-0097,PRV-0027,,,Vida,Enfermedades Graves,2023-04-06,2023-04-07,1,-580,945,7050.52,6397.04,0.0,64730.66,Cierre Sin Consecuencia,Cuenca,El vehículo asegurado fue impactado por la parte posterior mientras se encontraba detenido en el semáforo de la Av. Av. Loja. El conductor del vehículo causante se dio a la fuga sin identificarse.,No,No,2,0,No,49,Amarillo,2 siniestros previos del asegurado | Proveedor con historial de casos observados | Documentos incompletos,3,0
SIN-0791,POL-0281,ASE-0231,PRV-0054,VEH-0262,TFL-7110,Vehículos,Robo,2024-01-17,2024-01-20,3,-267,632,13726.29,13614.39,0.0,17964.3,Reserva,Cuenca,Sustracción del vehículo en el interior de un centro comercial de Av. de Las Américas. Las cámaras del lugar presentaban fallas técnicas según indicó el personal de seguridad.,No,Sí,2,0,Sí,85,Rojo,Demora denuncia robo >48h | 2 siniestros previos del asegurado | ⚠️ Proveedor en Lista Restrictiva | Documentos incompletos | ⚠️ Documentos inconsistentes detectados,5,1
SIN-0792,POL-0008,ASE-0134,PRV-0046,VEH-0172,JHL-0801,Vehículos,Pérdida Total,2024-04-04,2024-04-05,1,220,145,40974.17,39993.82,39993.82,38086.2,Pago Total,Quito,Accidente de tránsito en la vía Av. Shyris con impacto severo que ocasionó daños irreparables al vehículo. Los peritos determinaron pérdida total por superar el 75% del valor asegurado.,Sí,No,1,4,No,25,Verde,Demora denuncia robo 24-48h | Alta frecuencia conductor en vehículo (4 siniestros) | Vehículo con múltiples siniestros,3,0
SIN-0793,POL-0127,ASE-0097,PRV-0053,,,Vida,Invalidez Parcial,2023-08-12,2023-08-13,1,30,817,19933.34,19846.56,0.0,64730.66,Negativa,Santo Domingo,El vehículo asegurado fue impactado por la parte posterior mientras se encontraba detenido en el semáforo de la Av. Vía Principal. El conductor del vehículo causante se dio a la fuga sin identificarse.,Sí,No,0,0,No,11,Verde,Reclamo entre 11-30 días de póliza,1,0
SIN-0794,POL-0262,ASE-0146,PRV-0043,,,Salud,Hospitalización,2024-10-03,2024-10-05,2,312,53,7192.47,7345.51,2349.58,14503.92,Pago Parcial,Cuenca,Paciente ingresa al área de hospitalización por diagnóstico de hipertensión severa. Evolución satisfactoria durante los 4 días de internación. Alta médica con indicaciones.,Sí,No,1,0,No,12,Verde,Ninguna,0,0
SIN-0795,POL-0096,ASE-0058,PRV-0051,,,Generales,Responsabilidad Civil,2024-01-27,2024-01-27,0,26,238,15871.13,13162.38,0.0,31317.7,Reserva,Quito,Colisión del asegurado contra un vehículo de servicio público en Av. 6 de Diciembre. El conductor del bus presentó daños en la parte lateral y varios pasajeros reportaron lesiones leves.,Sí,No,0,0,No,43,Amarillo,Reclamo entre 11-30 días de póliza,1,0
SIN-0796,POL-0276,ASE-0186,PRV-0009,VEH-0076,DPF-0224,Vehículos,Choque,2024-11-30,2024-12-01,1,819,-454,6038.27,4904.8,0.0,23088.65,Liquidado,Ambato,El asegurado indica que al intentar ingresar al parqueadero fue golpeado lateralmente por un vehículo que no respetó la preferencia de paso en la intersección de Av. 12 de Noviembre.,Sí,No,1,0,No,0,Verde,Ninguna,0,0
SIN-0797,POL-0177,ASE-0115,PRV-0011,VEH-0152,MAS-5922,Vehículos,Robo Parcial,2023-06-02,2023-06-02,0,1059,-694,4349.67,4431.44,2590.03,37065.26,Anticipo,Latacunga,Impacto posterior en el sector de Av. 24 de Mayo durante hora pico. El conductor responsable presentó documentos y se llegó a un acuerdo inicial antes del reporte a la aseguradora.,No,No,1,1,No,13,Verde,Documentos incompletos,1,0
SIN-0798,POL-0270,ASE-0019,PRV-0015,,,Salud,Hospitalización,2025-03-31,2025-03-31,0,295,70,2326.93,2282.91,2282.91,27417.2,Pago Total,Quito,Ingreso hospitalario de emergencia por hernia inguinal severo. Requirió atención en UCI durante las primeras 48 horas. Posteriormente trasladado a sala general con mejoría progresiva.,Sí,No,0,0,No,0,Verde,Ninguna,0,0
SIN-0799,POL-0088,ASE-0237,PRV-0035,,,Hogar,Responsabilidad Civil,2023-03-28,2023-03-30,2,248,117,6276.96,5918.96,0.0,18363.32,Liquidado,Riobamba,El vehículo asegurado impactó a un peatón en Av. 24 de Mayo causando lesiones de consideración. Se levantó el parte policial y se trasladó al afectado al centro médico más cercano.,Sí,No,1,0,No,0,Verde,Ninguna,0,0
SIN-0800,POL-0296,ASE-0075,PRV-0043,,,Generales,Responsabilidad Civil,2024-09-14,2024-09-14,0,1343,-978,15259.39,14513.73,0.0,11628.08,Reserva,Guayaquil,Colisión del asegurado contra un vehículo de servicio público en Av. Francisco de Orellana. El conductor del bus presentó daños en la parte lateral y varios pasajeros reportaron lesiones leves.,No,No,1,0,No,5,Verde,Documentos incompletos,1,0
SIN-0801,POL-0101,ASE-0055,PRV-0031,,,Vehículos,Volcadura,2023-11-09,2023-11-26,17,312,53,17167.93,14280.21,14280.21,19857.14,Pago Total,Quito,Volcadura del vehículo asegurado en la curva de Av. Eloy Alfaro. El conductor señala que existía exceso de velocidad combinado con lluvia intensa en ese momento. No hay cámaras en el sector.,No,No,2,4,No,95,Rojo,2 siniestros previos del asegurado | Alta frecuencia conductor en vehículo (4 siniestros) | Vehículo con múltiples siniestros | Documentos incompletos | Dinámica de accidente sospechosa (Volcadura) | Reporte tardío (17 días),6,1
SIN-0802,POL-0111,ASE-0161,PRV-0051,VEH-0183,CBX-7180,Vehículos,Robo Parcial,2023-08-08,2023-08-10,2,30,767,3546.53,2943.0,1611.48,98144.41,Pago Parcial,Quito,Siniestro ocurrido en la autopista Calle Colón. El vehículo derrapó al esquivar un objeto en la vía causando impacto contra el guardarraíl lateral.,Sí,No,1,2,No,29,Verde,Reclamo entre 11-30 días de póliza | Demora denuncia robo 24-48h | 2 siniestros del mismo vehículo,3,0
SIN-0803,POL-0067,ASE-0195,PRV-0055,VEH-0399,UMF-3537,Vehículos,Daño Parcial,2024-09-04,2024-09-04,0,172,193,603.53,594.74,0.0,14745.24,Reserva,Cuenca,El vehículo asegurado fue impactado por la parte posterior mientras se encontraba detenido en el semáforo de la Av. Av. Solano. El conductor del vehículo causante se dio a la fuga sin identificarse.,Sí,No,1,1,No,0,Verde,Ninguna,0,1
SIN-0804,POL-0057,ASE-0026,PRV-0019,VEH-0050,MFB-8843,Vehículos,Choque,2023-08-20,2023-08-22,2,30,604,3344.8,3377.63,2107.84,22717.69,Anticipo,Machala,El asegurado indica que al intentar ingresar al parqueadero fue golpeado lateralmente por un vehículo que no respetó la preferencia de paso en la intersección de Vía Principal.,Sí,No,1,1,No,19,Verde,Reclamo entre 11-30 días de póliza,1,0
SIN-0805,POL-0059,ASE-0173,PRV-0027,,,Hogar,Incendio,2024-11-20,2024-11-21,1,1036,-671,27544.69,22813.71,13052.61,30756.53,Pago Parcial,Riobamba,Incendio de proporciones medianas afectó la cocina de la propiedad asegurada. Las llamas fueron controladas por los bomberos de Riobamba luego de 2 horas de trabajo.,Sí,No,2,0,No,45,Amarillo,2 siniestros previos del asegurado | Proveedor con historial de casos observados,2,0
SIN-0806,POL-0237,ASE-0019,PRV-0002,,,Salud,Maternidad,2023-07-19,2023-07-19,0,20,220,1149.95,1246.74,1246.74,26671.93,Pago Total,Ambato,Impacto posterior en el sector de Calle Sucre durante hora pico. El conductor responsable presentó documentos y se llegó a un acuerdo inicial antes del reporte a la aseguradora.,Sí,No,5,0,No,48,Amarillo,Reclamo entre 11-30 días de póliza | Alta frecuencia reclamos asegurado (5 siniestros),2,0
SIN-0807,POL-0114,ASE-0192,PRV-0034,,,Salud,Hospitalización,2023-12-31,2024-01-01,1,1236,-871,2480.35,2212.91,1181.7,6650.97,Pago Parcial,Guayaquil,Ingreso hospitalario de emergencia por fractura de tibia severo. Requirió atención en UCI durante las primeras 48 horas. Posteriormente trasladado a sala general con mejoría progresiva.,Sí,No,1,0,No,26,Verde,Proveedor con historial de casos observados,1,0
SIN-0808,POL-0252,ASE-0073,PRV-0033,,,Salud,Atención Médica,2023-06-23,2023-06-25,2,116,249,28341.87,28243.73,0.0,30603.36,Reserva,Quito,Asegurado acude a emergencias por apendicitis aguda. Se realizan exámenes de laboratorio e imagen. Se procede con el tratamiento indicado por el especialista.,Sí,No,4,5,No,76,Rojo,Alta frecuencia reclamos asegurado (4 siniestros) | Alta frecuencia conductor en vehículo (5 siniestros) | Proveedor con historial de casos observados,3,1
SIN-0809,POL-0090,ASE-0023,PRV-0018,,,Salud,Maternidad,2023-04-23,2023-04-30,7,858,-493,842.18,754.03,242.13,19835.48,Anticipo,Quito,Colisión frontal en la vía Av. 10 de Agosto cuando el vehículo contrario invadió el carril. Se levantó el parte policial correspondiente y se tomaron fotografías del lugar.,Sí,No,1,0,No,57,Amarillo,Reporte con demora moderada (7 días),1,0
SIN-0810,POL-0063,ASE-0033,PRV-0018,,,Vida,Enfermedades Graves,2024-07-04,2024-07-04,0,1582,-1217,27263.97,29750.98,0.0,40131.48,Reserva,Guayaquil,Impacto posterior en el sector de Av. del Bombero durante hora pico. El conductor responsable presentó documentos y se llegó a un acuerdo inicial antes del reporte a la aseguradora.,No,No,1,0,No,5,Verde,Documentos incompletos,1,0
SIN-0811,POL-0234,ASE-0152,PRV-0041,,,Vida,Fallecimiento,2023-01-02,2023-01-02,0,664,-299,23686.43,24205.92,24205.92,19773.37,Pago Total,Quito,El vehículo asegurado fue impactado por la parte posterior mientras se encontraba detenido en el semáforo de la Av. Av. América. El conductor del vehículo causante se dio a la fuga sin identificarse.,Sí,No,1,0,No,11,Verde,Ninguna,0,0
SIN-0812,POL-0178,ASE-0054,PRV-0008,,,Hogar,Responsabilidad Civil,2023-05-06,2023-05-07,1,479,-114,5781.83,5297.42,5297.42,42257.11,Pago Total,Quito,El vehículo asegurado impactó a un peatón en Av. República causando lesiones de consideración. Se levantó el parte policial y se trasladó al afectado al centro médico más cercano.,Sí,No,1,0,No,0,Verde,Ninguna,0,0
SIN-0813,POL-0209,ASE-0142,PRV-0059,VEH-0235,TJZ-0092,Vehículos,Volcadura,2024-09-28,2024-09-30,2,1277,-912,7077.71,5666.63,0.0,27323.71,Reserva,Ibarra,Volcadura del vehículo asegurado en la curva de Av. 24 de Mayo. El conductor señala que existía exceso de velocidad combinado con lluvia intensa en ese momento. No hay cámaras en el sector.,Sí,No,1,4,No,10,Verde,Alta frecuencia conductor en vehículo (4 siniestros) | Vehículo con múltiples siniestros | Dinámica de accidente sospechosa (Volcadura),3,0
SIN-0814,POL-0170,ASE-0245,PRV-0054,VEH-0214,XYA-6008,Vehículos,Daño Parcial,2023-10-01,2023-10-01,0,827,-462,3987.11,3892.56,3892.56,21266.63,Pago Total,Ambato,El vehículo asegurado fue impactado por la parte posterior mientras se encontraba detenido en el semáforo de la Av. Av. Los Shyris. El conductor del vehículo causante se dio a la fuga sin identificarse.,Sí,No,1,0,Sí,22,Verde,⚠️ Proveedor en Lista Restrictiva,1,0
SIN-0815,POL-0227,ASE-0015,PRV-0054,,,Hogar,Terremoto,2023-05-15,2023-05-18,3,189,176,39140.53,41655.41,0.0,40950.89,Liquidado,Ambato,El asegurado indica que al intentar ingresar al parqueadero fue golpeado lateralmente por un vehículo que no respetó la preferencia de paso en la intersección de Av. 12 de Noviembre.,Sí,No,3,5,No,87,Rojo,Alta frecuencia reclamos asegurado (3 siniestros) | Alta frecuencia conductor en vehículo (5 siniestros) | Proveedor con historial de casos observados | Monto cercano a suma asegurada (>93%),4,1
SIN-0816,POL-0156,ASE-0173,PRV-0048,,,Vida,Invalidez Parcial,2024-02-08,2024-02-13,5,949,-584,5285.26,5574.41,0.0,28973.94,Negativa,Guayaquil,Colisión frontal en la vía Av. Francisco de Orellana cuando el vehículo contrario invadió el carril. Se levantó el parte policial correspondiente y se tomaron fotografías del lugar.,Sí,No,2,0,No,56,Amarillo,2 siniestros previos del asegurado | Reporte con demora moderada (5 días),2,1
SIN-0817,POL-0074,ASE-0170,PRV-0027,,,Salud,Maternidad,2024-11-08,2024-11-08,0,1377,-1012,1596.57,1743.44,1743.44,61324.84,Pago Total,Guayaquil,Colisión frontal en la vía Av. Narcisa de Jesús cuando el vehículo contrario invadió el carril. Se levantó el parte policial correspondiente y se tomaron fotografías del lugar.,Sí,No,1,0,No,6,Verde,Proveedor con historial de casos observados,1,0
SIN-0818,POL-0047,ASE-0176,PRV-0010,,,Salud,Atención Médica,2023-01-22,2023-01-24,2,30,687,2224.84,2106.32,945.27,12085.9,Anticipo,Guayaquil,Asegurado acude a emergencias por politraumatismo. Se realizan exámenes de laboratorio e imagen. Se procede con el tratamiento indicado por el especialista.,Sí,No,0,0,Sí,31,Verde,Reclamo entre 11-30 días de póliza | ⚠️ Proveedor en Lista Restrictiva,2,0
SIN-0819,POL-0195,ASE-0090,PRV-0051,VEH-0359,FWX-7542,Vehículos,Daño Parcial,2023-03-21,2023-03-23,2,-277,642,3311.31,2663.16,2663.16,11166.99,Pago Total,Guayaquil,El asegurado indica que al intentar ingresar al parqueadero fue golpeado lateralmente por un vehículo que no respetó la preferencia de paso en la intersección de Av. Juan Tanca Marengo.,No,Sí,2,0,No,56,Amarillo,2 siniestros previos del asegurado | Documentos incompletos | ⚠️ Documentos inconsistentes detectados,3,1
SIN-0820,POL-0162,ASE-0088,PRV-0002,VEH-0281,ATM-5242,Vehículos,Responsabilidad Civil,2021-09-02,2021-09-03,1,26,-636,19517.8,19750.14,19750.14,19797.56,Pago Total,Cuenca,El vehículo asegurado impactó a un peatón en Calle Gran Colombia causando lesiones de consideración. Se levantó el parte policial y se trasladó al afectado al centro médico más cercano.,Sí,No,2,2,No,56,Amarillo,Reclamo entre 11-30 días de póliza | 2 siniestros previos del asegurado | 2 siniestros del mismo vehículo,3,0
SIN-0821,POL-0166,ASE-0102,PRV-0032,,,Generales,Responsabilidad Civil,2023-08-17,2023-08-23,6,706,-341,5931.34,6091.37,0.0,38769.58,Reserva,Guayaquil,El vehículo asegurado impactó a un peatón en Av. Narcisa de Jesús causando lesiones de consideración. Se levantó el parte policial y se trasladó al afectado al centro médico más cercano.,Sí,No,1,0,No,42,Amarillo,Reporte con demora moderada (6 días),1,1
SIN-0822,POL-0268,ASE-0112,PRV-0023,VEH-0275,VHX-0890,Vehículos,Daño Parcial,2023-03-16,2023-03-18,2,663,-298,3630.83,3539.37,0.0,12463.43,Reserva,Guayaquil,El asegurado indica que al intentar ingresar al parqueadero fue golpeado lateralmente por un vehículo que no respetó la preferencia de paso en la intersección de Av. 9 de Octubre.,Sí,No,1,2,No,12,Verde,2 siniestros del mismo vehículo,1,0
SIN-0823,POL-0027,ASE-0198,PRV-0053,VEH-0146,WCN-5112,Vehículos,Responsabilidad Civil,2024-12-10,2024-12-11,1,320,45,18419.5,20257.71,20257.71,35937.85,Pago Total,Quito,El vehículo asegurado impactó a un peatón en Av. 10 de Agosto causando lesiones de consideración. Se levantó el parte policial y se trasladó al afectado al centro médico más cercano.,Sí,No,1,0,No,11,Verde,Ninguna,0,0
SIN-0824,POL-0255,ASE-0128,PRV-0001,VEH-0007,GEP-6085,Vehículos,Volcadura,2023-01-26,2023-01-26,0,300,65,6968.42,7003.07,0.0,16909.76,Reserva,Ambato,Volcadura del vehículo asegurado en la curva de Av. Los Shyris. El conductor señala que existía exceso de velocidad combinado con lluvia intensa en ese momento. No hay cámaras en el sector.,Sí,No,0,3,No,10,Verde,Alta frecuencia conductor en vehículo (3 siniestros) | Vehículo con múltiples siniestros | Dinámica de accidente sospechosa (Volcadura),3,0
SIN-0825,POL-0224,ASE-0125,PRV-0007,,,Hogar,Incendio,2023-08-29,2023-09-03,5,-34,399,23505.8,23636.08,0.0,17610.21,Reserva,Guayaquil,Se reporta incendio en el garaje del inmueble asegurado. El siniestro se originó por un cortocircuito eléctrico según informe del Cuerpo de Bomberos del Cantón Guayaquil.,Sí,No,2,0,No,49,Amarillo,2 siniestros previos del asegurado | Reporte con demora moderada (5 días),2,1
SIN-0826,POL-0035,ASE-0129,PRV-0044,VEH-0059,MJZ-9729,Vehículos,Pérdida Total,2025-02-04,2025-02-04,0,1462,-1097,40713.52,35465.83,0.0,18679.06,Liquidado,Quito,El vehículo sufrió daños de consideración al precipitarse en la vía Av. Shyris. El informe del perito establece que los costos de reparación superan el valor comercial del vehículo.,Sí,No,1,0,No,0,Verde,Ninguna,0,0
SIN-0827,POL-0164,ASE-0079,PRV-0058,,,Salud,Hospitalización,2023-02-03,2023-02-03,0,89,276,1067.69,1132.68,868.25,8501.53,Pago Parcial,Guayaquil,Paciente ingresa al área de hospitalización por diagnóstico de apendicitis crónica. Evolución satisfactoria durante los 5 días de internación. Alta médica con indicaciones.,Sí,No,0,0,No,13,Verde,Ninguna,0,0
SIN-0828,POL-0248,ASE-0198,PRV-0033,,,Vehículos,Robo,2022-02-27,2022-03-02,3,6,-688,27129.46,29790.71,0.0,16508.55,Reserva,Santo Domingo,El vehículo fue robado en horas de la madrugada mientras se encontraba estacionado frente al domicilio del asegurado en Calle Central. Se realizó la denuncia en la UPC del sector.,No,No,4,0,Sí,85,Rojo,Reclamo primeros 10 días de póliza | Demora denuncia robo >48h | Alta frecuencia reclamos asegurado (4 siniestros) | ⚠️ Proveedor en Lista Restrictiva | Documentos incompletos,5,1
SIN-0829,POL-0199,ASE-0055,PRV-0041,VEH-0026,FUN-6234,Vehículos,Volcadura,2023-03-29,2023-03-30,1,703,-338,13312.02,11791.95,0.0,10934.34,Reserva,Ambato,Volcadura del vehículo asegurado en la curva de Av. 12 de Noviembre. El conductor señala que existía exceso de velocidad combinado con lluvia intensa en ese momento. No hay cámaras en el sector.,No,Sí,2,1,No,45,Amarillo,2 siniestros previos del asegurado | Documentos incompletos | Dinámica de accidente sospechosa (Volcadura) | ⚠️ Documentos inconsistentes detectados,4,1
SIN-0830,POL-0227,ASE-0015,PRV-0035,,,Generales,Responsabilidad Civil,2023-12-24,2023-12-24,0,412,-47,12726.47,13407.16,0.0,40950.89,Reserva,Guayaquil,Colisión del asegurado contra un vehículo de servicio público en Av. Francisco de Orellana. El conductor del bus presentó daños en la parte lateral y varios pasajeros reportaron lesiones leves.,Sí,No,0,0,No,0,Verde,Ninguna,0,0
SIN-0831,POL-0087,ASE-0238,PRV-0037,VEH-0248,VKL-3723,Vehículos,Responsabilidad Civil,2024-11-05,2024-11-07,2,1757,-1392,17038.86,15453.61,15453.61,16263.6,Pago Total,Manta,Colisión del asegurado contra un vehículo de servicio público en Calle Central. El conductor del bus presentó daños en la parte lateral y varios pasajeros reportaron lesiones leves.,Sí,No,0,0,No,0,Verde,Ninguna,0,0
SIN-0832,POL-0033,ASE-0112,PRV-0010,,,Salud,Emergencia,2023-11-19,2023-11-22,3,1339,-974,32869.12,35484.22,35484.22,34813.28,Pago Total,Riobamba,El asegurado indica que al intentar ingresar al parqueadero fue golpeado lateralmente por un vehículo que no respetó la preferencia de paso en la intersección de Vía Principal.,No,Sí,2,0,Sí,97,Rojo,2 siniestros previos del asegurado | ⚠️ Proveedor en Lista Restrictiva | Documentos incompletos | ⚠️ Documentos inconsistentes detectados | Monto cercano a suma asegurada (>93%),5,1
SIN-0833,POL-0001,ASE-0033,PRV-0041,,,Salud,Maternidad,2023-05-16,2023-05-16,0,1226,-861,2513.75,2325.77,1283.19,38796.87,Anticipo,Quito,Colisión frontal en la vía Av. América cuando el vehículo contrario invadió el carril. Se levantó el parte policial correspondiente y se tomaron fotografías del lugar.,Sí,No,1,0,No,0,Verde,Ninguna,0,0
SIN-0834,POL-0034,ASE-0057,PRV-0048,,,Salud,Hospitalización,2024-05-04,2024-05-05,1,116,249,6725.79,5523.91,0.0,49851.15,Reserva,Loja,Ingreso hospitalario de emergencia por diabetes descompensada severo. Requirió atención en UCI durante las primeras 48 horas. Posteriormente trasladado a sala general con mejoría progresiva.,Sí,No,0,0,No,0,Verde,Ninguna,0,0
SIN-0835,POL-0160,ASE-0099,PRV-0028,VEH-0237,KNT-1885,Vehículos,Choque,2023-11-04,2023-11-05,1,-88,453,7499.67,8120.01,0.0,28785.89,Cierre Sin Consecuencia,Cuenca,Colisión frontal en la vía Av. Huayna Cápac cuando el vehículo contrario invadió el carril. Se levantó el parte policial correspondiente y se tomaron fotografías del lugar.,Sí,No,1,0,No,89,Rojo,Ninguna,0,1
SIN-0836,POL-0231,ASE-0095,PRV-0022,,,Salud,Maternidad,2024-06-09,2024-06-09,0,1444,-1079,3466.82,2856.56,0.0,48530.72,Liquidado,Guayaquil,El vehículo asegurado fue impactado por la parte posterior mientras se encontraba detenido en el semáforo de la Av. Av. Francisco de Orellana. El conductor del vehículo causante se dio a la fuga sin identificarse.,Sí,No,1,0,No,0,Verde,Ninguna,0,0
SIN-0837,POL-0111,ASE-0161,PRV-0014,VEH-0358,MEJ-8080,Vehículos,Responsabilidad Civil,2025-02-24,2025-02-24,0,164,201,3832.78,3423.61,3423.61,98144.41,Pago Total,Riobamba,El vehículo asegurado impactó a un peatón en Calle Central causando lesiones de consideración. Se levantó el parte policial y se trasladó al afectado al centro médico más cercano.,Sí,No,0,1,No,26,Verde,Ninguna,0,0
SIN-0838,POL-0293,ASE-0058,PRV-0049,VEH-0201,SKJ-0342,Vehículos,Responsabilidad Civil,2023-10-29,2023-10-30,1,287,78,14718.83,14341.64,9264.13,27029.2,Pago Parcial,Guayaquil,El vehículo asegurado impactó a un peatón en Av. Carlos Julio Arosemena causando lesiones de consideración. Se levantó el parte policial y se trasladó al afectado al centro médico más cercano.,Sí,No,0,0,No,26,Verde,Ninguna,0,0
SIN-0839,POL-0284,ASE-0072,PRV-0006,VEH-0009,VHY-7155,Vehículos,Robo,2023-12-10,2023-12-14,4,279,86,43735.03,37422.48,37422.48,26179.17,Pago Total,Tulcán,El asegurado reporta que al regresar al parqueadero ubicado en el sector de Vía Principal encontró que su vehículo había sido sustraído. No existen testigos ni cámaras de seguridad en el lugar.,Sí,No,2,0,No,47,Amarillo,Demora denuncia robo >48h | 2 siniestros previos del asegurado | Reporte con demora moderada (4 días),3,0
SIN-0840,POL-0270,ASE-0019,PRV-0023,VEH-0113,JUN-2762,Vehículos,Daño Parcial,2023-03-22,2023-03-29,7,-445,810,437.05,456.36,0.0,27417.2,Liquidado,Manta,Siniestro ocurrido en la autopista Av. 24 de Mayo. El vehículo derrapó al esquivar un objeto en la vía causando impacto contra el guardarraíl lateral.,Sí,No,5,0,No,45,Amarillo,Alta frecuencia reclamos asegurado (5 siniestros) | Reporte con demora moderada (7 días),2,0
SIN-0841,POL-0206,ASE-0202,PRV-0036,,,Vida,Fallecimiento,2023-07-15,2023-07-17,2,1044,-679,18216.63,18692.0,0.0,78804.21,Negativa,Guayaquil,Siniestro ocurrido en la autopista Av. Francisco de Orellana. El vehículo derrapó al esquivar un objeto en la vía causando impacto contra el guardarraíl lateral.,Sí,No,1,0,No,0,Verde,Ninguna,0,0
SIN-0842,POL-0082,ASE-0025,PRV-0059,,,Salud,Cirugía,2025-01-16,2025-01-16,0,1700,-1335,6272.09,6797.14,5185.3,5609.33,Anticipo,Quito,Cirugía de urgencia por fractura de tibia en el Hospital de los Valles. El paciente evolucionó favorablemente durante el postoperatorio. Dados de alta con seguimiento ambulatorio.,Sí,No,2,0,No,44,Amarillo,2 siniestros previos del asegurado,1,0
SIN-0843,POL-0262,ASE-0146,PRV-0038,VEH-0179,HXU-7679,Vehículos,Volcadura,2025-04-15,2025-04-17,2,506,-141,14043.73,12942.51,4572.09,14503.92,Pago Parcial,Quito,El vehículo perdió el control en la vía Calle Colón y volcó aparatosamente. No se identificaron otros vehículos involucrados. El accidente ocurrió aproximadamente a las 14:00 según el reporte policial.,Sí,No,1,2,No,10,Verde,2 siniestros del mismo vehículo | Dinámica de accidente sospechosa (Volcadura),2,0
SIN-0844,POL-0174,ASE-0247,PRV-0032,,,Hogar,Terremoto,2023-03-11,2023-03-11,0,30,594,9463.45,10218.2,5832.37,41146.68,Anticipo,Loja,El asegurado indica que al intentar ingresar al parqueadero fue golpeado lateralmente por un vehículo que no respetó la preferencia de paso en la intersección de Calle Central.,Sí,No,0,0,No,5,Verde,Reclamo entre 11-30 días de póliza,1,0
SIN-0845,POL-0252,ASE-0073,PRV-0042,VEH-0160,BEL-6468,Vehículos,Volcadura,2024-06-20,2024-06-21,1,479,-114,8060.29,7457.91,0.0,30603.36,Liquidado,Latacunga,El vehículo perdió el control en la vía Av. 24 de Mayo y volcó aparatosamente. No se identificaron otros vehículos involucrados. El accidente ocurrió aproximadamente a las 18:36 según el reporte policial.,Sí,No,0,4,No,10,Verde,Alta frecuencia conductor en vehículo (4 siniestros) | Vehículo con múltiples siniestros | Dinámica de accidente sospechosa (Volcadura),3,0
SIN-0846,POL-0062,ASE-0053,PRV-0010,VEH-0101,CMW-2355,Vehículos,Robo Parcial,2025-03-17,2025-03-18,1,489,-124,3708.24,3922.7,0.0,36404.18,Reserva,Guayaquil,Impacto posterior en el sector de Av. Juan Tanca Marengo durante hora pico. El conductor responsable presentó documentos y se llegó a un acuerdo inicial antes del reporte a la aseguradora.,Sí,No,0,2,Sí,25,Verde,Demora denuncia robo 24-48h | 2 siniestros del mismo vehículo | ⚠️ Proveedor en Lista Restrictiva,3,0
SIN-0847,POL-0082,ASE-0025,PRV-0026,VEH-0288,NZC-6131,Vehículos,Robo,2024-06-18,2024-06-20,2,1488,-1123,22838.99,23201.35,23201.35,5609.33,Pago Total,Guayaquil,Sustracción del vehículo en el interior de un centro comercial de Blvd. del Malecón. Las cámaras del lugar presentaban fallas técnicas según indicó el personal de seguridad.,Sí,No,0,1,No,5,Verde,Demora denuncia robo 24-48h,1,0
SIN-0848,POL-0045,ASE-0100,PRV-0021,VEH-0230,BBL-2368,Vehículos,Volcadura,2023-07-31,2023-08-02,2,1113,-748,14728.88,13970.14,0.0,29041.08,Reserva,Cuenca,El vehículo perdió el control en la vía Av. Loja y volcó aparatosamente. No se identificaron otros vehículos involucrados. El accidente ocurrió aproximadamente a las 04:57 según el reporte policial.,No,No,0,0,No,10,Verde,Documentos incompletos | Dinámica de accidente sospechosa (Volcadura),2,0
SIN-0849,POL-0167,ASE-0062,PRV-0015,VEH-0208,LPA-2424,Vehículos,Daño Parcial,2025-01-14,2025-01-14,0,1813,-1448,3112.87,3035.66,0.0,16330.01,Negativa,Manta,Siniestro ocurrido en la autopista Av. 24 de Mayo. El vehículo derrapó al esquivar un objeto en la vía causando impacto contra el guardarraíl lateral.,Sí,No,0,0,No,13,Verde,Ninguna,0,0
SIN-0850,POL-0073,ASE-0069,PRV-0008,,,Salud,Cirugía,2023-12-11,2023-12-13,2,18,139,3944.95,3252.34,3252.34,22005.45,Pago Total,Santo Domingo,Paciente sometido a intervención quirúrgica por diabetes descompensada. Procedimiento realizado sin complicaciones en el Hospital Clínica Pichincha. Período de recuperación estimado: 3 días.,Sí,No,1,0,No,57,Amarillo,Reclamo entre 11-30 días de póliza,1,0
SIN-0851,POL-0069,ASE-0247,PRV-0038,,,Vehículos,Volcadura,2024-10-17,2024-10-29,12,754,-389,11796.22,12683.27,0.0,27775.78,Reserva,Loja,Volcadura del vehículo asegurado en la curva de Calle Central. El conductor señala que existía exceso de velocidad combinado con lluvia intensa en ese momento. No hay cámaras en el sector.,No,No,3,2,No,83,Rojo,Alta frecuencia reclamos asegurado (3 siniestros) | 2 siniestros del mismo vehículo | Documentos incompletos | Dinámica de accidente sospechosa (Volcadura) | Reporte tardío (12 días),5,1
SIN-0852,POL-0297,ASE-0078,PRV-0054,VEH-0389,LMV-5100,Vehículos,Robo,2023-10-03,2023-10-05,2,896,-531,27866.93,29181.24,0.0,31531.43,Cierre Sin Consecuencia,Ambato,Robo del vehículo en el sector comercial de Calle Sucre. El asegurado indica que dejó el auto por aproximadamente 2 horas y al regresar ya no se encontraba. No hay evidencia de forzamiento.,Sí,No,0,1,Sí,10,Verde,Demora denuncia robo 24-48h | ⚠️ Proveedor en Lista Restrictiva,2,0
SIN-0853,POL-0190,ASE-0187,PRV-0039,VEH-0370,SXS-8737,Vehículos,Robo Parcial,2023-05-08,2023-05-09,1,961,-596,3230.02,2682.64,1363.24,7628.5,Pago Parcial,Portoviejo,El asegurado indica que al intentar ingresar al parqueadero fue golpeado lateralmente por un vehículo que no respetó la preferencia de paso en la intersección de Redondel Central.,No,No,1,1,No,9,Verde,Demora denuncia robo 24-48h | Documentos incompletos,2,0
SIN-0854,POL-0187,ASE-0092,PRV-0025,VEH-0241,NGF-9874,Vehículos,Volcadura,2024-10-18,2024-11-05,18,83,282,18011.48,19076.12,0.0,11100.03,Liquidado,Guayaquil,El vehículo perdió el control en la vía Av. 9 de Octubre y volcó aparatosamente. No se identificaron otros vehículos involucrados. El accidente ocurrió aproximadamente a las 12:41 según el reporte policial.,No,No,1,2,No,86,Rojo,2 siniestros del mismo vehículo | Documentos incompletos | Dinámica de accidente sospechosa (Volcadura) | Reporte tardío (18 días),4,1
SIN-0855,POL-0194,ASE-0043,PRV-0038,,,Salud,Cirugía,2023-12-07,2023-12-08,1,1365,-1000,8496.39,8039.17,0.0,9961.49,Negativa,Ibarra,Cirugía de urgencia por infarto agudo de miocardio en el Clínica Humanitaria. El paciente evolucionó favorablemente durante el postoperatorio. Dados de alta con seguimiento ambulatorio.,Sí,No,0,0,No,11,Verde,Ninguna,0,0
SIN-0856,POL-0215,ASE-0042,PRV-0033,VEH-0167,RYH-8738,Vehículos,Choque,2024-06-17,2024-06-18,1,171,194,54368.36,53734.03,53734.03,55752.24,Pago Total,Quito,Colisión frontal en la vía Av. América cuando el vehículo contrario invadió el carril. Se levantó el parte policial correspondiente y se tomaron fotografías del lugar.,Sí,No,3,3,No,87,Rojo,Alta frecuencia reclamos asegurado (3 siniestros) | Alta frecuencia conductor en vehículo (3 siniestros) | Vehículo con múltiples siniestros | Proveedor con historial de casos observados | Monto cercano a suma asegurada (>93%),5,1
SIN-0857,POL-0272,ASE-0181,PRV-0012,,,Vida,Enfermedades Graves,2024-03-04,2024-03-06,2,30,597,10636.16,9162.91,9162.91,15339.15,Pago Total,Ibarra,Colisión frontal en la vía Redondel Central cuando el vehículo contrario invadió el carril. Se levantó el parte policial correspondiente y se tomaron fotografías del lugar.,Sí,No,1,0,No,5,Verde,Reclamo entre 11-30 días de póliza,1,1
SIN-0858,POL-0157,ASE-0183,PRV-0052,VEH-0048,TKU-5518,Vehículos,Volcadura,2024-02-07,2024-02-07,0,30,342,14406.52,12955.85,4656.86,41494.48,Anticipo,Quito,Volcadura del vehículo asegurado en la curva de Av. América. El conductor señala que existía exceso de velocidad combinado con lluvia intensa en ese momento. No hay cámaras en el sector.,Sí,No,0,2,No,10,Verde,Reclamo entre 11-30 días de póliza | 2 siniestros del mismo vehículo | Dinámica de accidente sospechosa (Volcadura),3,0
SIN-0859,POL-0179,ASE-0046,PRV-0016,,,Salud,Cirugía,2024-10-05,2024-10-05,0,853,-488,7597.97,6837.88,0.0,27229.5,Negativa,Loja,Cirugía de urgencia por insuficiencia cardíaca en el Clínica Santa Ana. El paciente evolucionó favorablemente durante el postoperatorio. Dados de alta con seguimiento ambulatorio.,No,No,0,0,No,49,Amarillo,Documentos incompletos,1,0
SIN-0860,POL-0001,ASE-0033,PRV-0013,VEH-0261,MLW-4912,Vehículos,Responsabilidad Civil,2023-06-03,2023-06-04,1,1244,-879,12296.03,12819.13,12819.13,38796.87,Pago Total,Babahoyo,Colisión del asegurado contra un vehículo de servicio público en Av. 24 de Mayo. El conductor del bus presentó daños en la parte lateral y varios pasajeros reportaron lesiones leves.,Sí,No,1,2,No,26,Verde,2 siniestros del mismo vehículo,1,0
SIN-0861,POL-0178,ASE-0054,PRV-0059,,,Generales,Daño Equipos,2024-09-17,2024-09-18,1,979,-614,3862.81,3445.06,0.0,42257.11,Cierre Sin Consecuencia,Cuenca,Colisión frontal en la vía Av. Loja cuando el vehículo contrario invadió el carril. Se levantó el parte policial correspondiente y se tomaron fotografías del lugar.,Sí,No,0,0,No,26,Verde,Ninguna,0,0
SIN-0862,POL-0176,ASE-0043,PRV-0038,,,Hogar,Terremoto,2023-09-28,2023-09-29,1,1076,-711,18370.28,19633.33,12872.15,47140.69,Pago Parcial,Cuenca,El asegurado indica que al intentar ingresar al parqueadero fue golpeado lateralmente por un vehículo que no respetó la preferencia de paso en la intersección de Av. Huayna Cápac.,No,No,1,0,No,5,Verde,Documentos incompletos,1,0
SIN-0863,POL-0279,ASE-0229,PRV-0018,VEH-0036,BJY-1908,Vehículos,Robo Parcial,2024-06-02,2024-06-10,8,58,307,3476.08,3747.38,3747.38,27840.28,Pago Total,Guayaquil,Siniestro ocurrido en la autopista Av. Carlos Julio Arosemena. El vehículo derrapó al esquivar un objeto en la vía causando impacto contra el guardarraíl lateral.,Sí,No,3,1,No,56,Amarillo,Demora denuncia robo >48h | Alta frecuencia reclamos asegurado (3 siniestros) | Reporte tardío (8 días),3,0
SIN-0864,POL-0130,ASE-0159,PRV-0022,VEH-0130,MUH-6344,Vehículos,Daño Parcial,2023-07-24,2023-07-24,0,508,-143,3119.8,2932.58,0.0,20675.28,Reserva,Riobamba,Siniestro ocurrido en la autopista Av. Principal. El vehículo derrapó al esquivar un objeto en la vía causando impacto contra el guardarraíl lateral.,Sí,No,0,4,No,10,Verde,Alta frecuencia conductor en vehículo (4 siniestros) | Vehículo con múltiples siniestros,2,0
SIN-0865,POL-0113,ASE-0168,PRV-0010,VEH-0249,YZE-3153,Vehículos,Pérdida Total,2023-07-24,2023-07-27,3,868,-503,44206.43,39321.76,20570.52,34245.69,Anticipo,Cuenca,Accidente de tránsito en la vía Av. de Las Américas con impacto severo que ocasionó daños irreparables al vehículo. Los peritos determinaron pérdida total por superar el 75% del valor asegurado.,No,Sí,2,0,Sí,90,Rojo,Demora denuncia robo >48h | 2 siniestros previos del asegurado | ⚠️ Proveedor en Lista Restrictiva | Documentos incompletos | ⚠️ Documentos inconsistentes detectados,5,1
SIN-0866,POL-0277,ASE-0210,PRV-0033,VEH-0233,SWW-4000,Vehículos,Robo,2025-03-01,2025-03-03,2,795,-430,34348.33,36895.63,36895.63,34986.9,Pago Total,Quito,El vehículo fue robado en horas de la madrugada mientras se encontraba estacionado frente al domicilio del asegurado en Av. América. Se realizó la denuncia en la UPC del sector.,Sí,No,5,5,No,76,Rojo,Demora denuncia robo 24-48h | Alta frecuencia reclamos asegurado (5 siniestros) | Alta frecuencia conductor en vehículo (5 siniestros) | Vehículo con múltiples siniestros | Proveedor con historial de casos observados,5,1
SIN-0867,POL-0293,ASE-0058,PRV-0008,VEH-0256,HPJ-4494,Vehículos,Responsabilidad Civil,2024-11-12,2024-11-14,2,667,-302,8178.84,8838.52,0.0,27029.2,Cierre Sin Consecuencia,Guayaquil,Colisión del asegurado contra un vehículo de servicio público en Av. Carlos Julio Arosemena. El conductor del bus presentó daños en la parte lateral y varios pasajeros reportaron lesiones leves.,No,No,0,0,No,20,Verde,Documentos incompletos,1,0
SIN-0868,POL-0197,ASE-0220,PRV-0035,VEH-0099,HBW-8381,Vehículos,Robo Parcial,2025-03-21,2025-03-23,2,914,-549,2989.84,2901.09,0.0,80568.37,Negativa,Cuenca,Siniestro ocurrido en la autopista Calle Gran Colombia. El vehículo derrapó al esquivar un objeto en la vía causando impacto contra el guardarraíl lateral.,Sí,No,1,1,No,16,Verde,Demora denuncia robo 24-48h,1,0
SIN-0869,POL-0074,ASE-0170,PRV-0033,VEH-0232,TRW-7978,Vehículos,Pérdida Total,2024-06-07,2024-06-09,2,1223,-858,15339.02,14289.71,0.0,61324.84,Reserva,Guayaquil,El vehículo sufrió daños de consideración al precipitarse en la vía Blvd. del Malecón. El informe del perito establece que los costos de reparación superan el valor comercial del vehículo.,Sí,No,0,0,Sí,10,Verde,Demora denuncia robo 24-48h | ⚠️ Proveedor en Lista Restrictiva,2,0
SIN-0870,POL-0050,ASE-0229,PRV-0003,,,Hogar,Responsabilidad Civil,2024-04-13,2024-04-13,0,1395,-1030,11473.43,9845.25,0.0,28340.15,Reserva,Quito,El vehículo asegurado impactó a un peatón en Av. Occidental causando lesiones de consideración. Se levantó el parte policial y se trasladó al afectado al centro médico más cercano.,No,No,1,0,No,11,Verde,Documentos incompletos,1,0
SIN-0871,POL-0275,ASE-0058,PRV-0059,,,Hogar,Terremoto,2024-04-05,2024-04-07,2,1459,-1094,15157.57,15073.0,15073.0,28732.84,Pago Total,Cuenca,Siniestro ocurrido en la autopista Av. Solano. El vehículo derrapó al esquivar un objeto en la vía causando impacto contra el guardarraíl lateral.,Sí,No,0,0,No,0,Verde,Ninguna,0,0
SIN-0872,POL-0185,ASE-0105,PRV-0041,VEH-0325,GWG-9235,Vehículos,Pérdida Total,2021-02-07,2021-02-09,2,18,-1153,12220.25,10281.05,5958.35,12799.17,Pago Parcial,Quito,El vehículo sufrió daños de consideración al precipitarse en la vía Av. Naciones Unidas. El informe del perito establece que los costos de reparación superan el valor comercial del vehículo.,Sí,No,0,2,No,56,Amarillo,Reclamo entre 11-30 días de póliza | Demora denuncia robo 24-48h | 2 siniestros del mismo vehículo,3,0
SIN-0873,POL-0178,ASE-0054,PRV-0050,,,Hogar,Daño por Agua,2023-06-12,2023-06-14,2,516,-151,3839.91,3697.79,0.0,42257.11,Reserva,Guayaquil,Siniestro ocurrido en la autopista Av. Francisco de Orellana. El vehículo derrapó al esquivar un objeto en la vía causando impacto contra el guardarraíl lateral.,Sí,No,1,0,No,26,Verde,Ninguna,0,0
SIN-0874,POL-0088,ASE-0237,PRV-0035,,,Generales,Robo Equipos,2023-10-12,2023-10-17,5,446,-81,14998.93,14658.7,0.0,18363.32,Reserva,Guayaquil,El asegurado indica que al intentar ingresar al parqueadero fue golpeado lateralmente por un vehículo que no respetó la preferencia de paso en la intersección de Av. 9 de Octubre.,Sí,No,1,0,No,56,Amarillo,Reporte con demora moderada (5 días),1,1
SIN-0875,POL-0036,ASE-0059,PRV-0017,,,Salud,Maternidad,2023-10-28,2023-10-30,2,613,-248,2821.68,2707.24,0.0,41845.49,Cierre Sin Consecuencia,Guayaquil,El asegurado indica que al intentar ingresar al parqueadero fue golpeado lateralmente por un vehículo que no respetó la preferencia de paso en la intersección de Av. Francisco de Orellana.,Sí,No,1,0,No,26,Verde,Ninguna,0,0
SIN-0876,POL-0187,ASE-0092,PRV-0054,,,Generales,Daño Equipos,2024-05-28,2024-05-29,1,-60,425,2910.02,3018.75,0.0,11100.03,Reserva,Manta,Siniestro ocurrido en la autopista Calle Central. El vehículo derrapó al esquivar un objeto en la vía causando impacto contra el guardarraíl lateral.,No,Sí,3,0,Sí,91,Rojo,Alta frecuencia reclamos asegurado (3 siniestros) | ⚠️ Proveedor en Lista Restrictiva | Documentos incompletos | ⚠️ Documentos inconsistentes detectados,4,1
SIN-0877,POL-0134,ASE-0225,PRV-0054,,,Vehículos,Robo,2025-01-02,2025-01-05,3,4,995,5644.54,5486.49,5486.49,6014.48,Pago Total,Guayaquil,Robo del vehículo en el sector comercial de Av. Francisco de Orellana. El asegurado indica que dejó el auto por aproximadamente 2 horas y al regresar ya no se encontraba. No hay evidencia de forzamiento.,No,No,4,0,Sí,90,Rojo,Reclamo primeros 10 días de póliza | Demora denuncia robo >48h | Alta frecuencia reclamos asegurado (4 siniestros) | ⚠️ Proveedor en Lista Restrictiva | Documentos incompletos | Monto cercano a suma asegurada (>93%),6,1
SIN-0878,POL-0007,ASE-0185,PRV-0054,VEH-0392,JFG-6043,Vehículos,Choque,2023-08-25,2023-08-26,1,30,846,5477.09,5317.62,1605.83,41076.99,Anticipo,Cuenca,El vehículo asegurado fue impactado por la parte posterior mientras se encontraba detenido en el semáforo de la Av. Av. Huayna Cápac. El conductor del vehículo causante se dio a la fuga sin identificarse.,Sí,No,1,0,Sí,23,Verde,Reclamo entre 11-30 días de póliza | ⚠️ Proveedor en Lista Restrictiva,2,0
SIN-0879,POL-0228,ASE-0213,PRV-0003,VEH-0292,YFS-9352,Vehículos,Choque,2023-03-12,2023-03-15,3,-308,673,745.23,685.91,398.01,16838.16,Anticipo,Guayaquil,Colisión frontal en la vía Av. del Bombero cuando el vehículo contrario invadió el carril. Se levantó el parte policial correspondiente y se tomaron fotografías del lugar.,Sí,No,3,0,No,49,Amarillo,Alta frecuencia reclamos asegurado (3 siniestros),1,1
SIN-0880,POL-0035,ASE-0129,PRV-0037,,,Hogar,Daño por Agua,2023-08-01,2023-08-01,0,909,-544,6378.16,6235.58,0.0,18679.06,Liquidado,Quito,El asegurado indica que al intentar ingresar al parqueadero fue golpeado lateralmente por un vehículo que no respetó la preferencia de paso en la intersección de Calle Colón.,Sí,No,2,0,No,71,Amarillo,2 siniestros previos del asegurado,1,0
SIN-0881,POL-0257,ASE-0228,PRV-0043,VEH-0078,TBD-1085,Vehículos,Responsabilidad Civil,2023-02-23,2023-02-23,0,438,-73,2675.5,2218.81,2218.81,22065.22,Pago Total,Portoviejo,El vehículo asegurado impactó a un peatón en Redondel Central causando lesiones de consideración. Se levantó el parte policial y se trasladó al afectado al centro médico más cercano.,Sí,No,0,2,No,5,Verde,2 siniestros del mismo vehículo,1,0
SIN-0882,POL-0300,ASE-0244,PRV-0031,VEH-0051,JUH-7322,Vehículos,Pérdida Total,2025-02-12,2025-02-13,1,536,-171,19659.77,20040.47,0.0,17551.7,Liquidado,Quito,Accidente de tránsito en la vía Av. 10 de Agosto con impacto severo que ocasionó daños irreparables al vehículo. Los peritos determinaron pérdida total por superar el 75% del valor asegurado.,Sí,No,2,0,No,46,Amarillo,Demora denuncia robo 24-48h | 2 siniestros previos del asegurado,2,1
SIN-0883,POL-0023,ASE-0220,PRV-0014,VEH-0181,UJN-2618,Vehículos,Pérdida Total,2023-04-10,2023-04-12,2,351,14,14308.79,15454.53,5254.17,13615.34,Pago Parcial,Guayaquil,Volcadura del vehículo asegurado en la curva de Av. 6 de Diciembre. El conductor señala que existía exceso de velocidad combinado con lluvia intensa en ese momento. No hay cámaras en el sector.,No,No,0,0,No,48,Amarillo,Demora denuncia robo 24-48h | Documentos incompletos | ⚠️ Narrativa similar a otro reclamo (>85% similitud),3,0
SIN-0884,POL-0153,ASE-0020,PRV-0035,,,Salud,Emergencia,2024-02-11,2024-02-11,0,1341,-976,586.93,513.41,0.0,33256.23,Negativa,Ambato,El vehículo asegurado fue impactado por la parte posterior mientras se encontraba detenido en el semáforo de la Av. Av. Atahualpa. El conductor del vehículo causante se dio a la fuga sin identificarse.,Sí,No,0,0,No,11,Verde,Ninguna,0,0
SIN-0885,POL-0250,ASE-0032,PRV-0002,VEH-0180,MLP-1687,Vehículos,Daño Parcial,2023-05-01,2023-05-01,0,920,-555,883.31,925.64,0.0,6827.23,Reserva,Ibarra,El asegurado indica que al intentar ingresar al parqueadero fue golpeado lateralmente por un vehículo que no respetó la preferencia de paso en la intersección de Av. Principal.,Sí,No,0,0,No,0,Verde,Ninguna,0,0
SIN-0886,POL-0276,ASE-0186,PRV-0052,VEH-0088,SKJ-3503,Vehículos,Robo,2023-11-22,2023-11-22,0,445,-80,25770.07,21793.44,21793.44,23088.65,Pago Total,Ambato,Robo del vehículo en el sector comercial de Av. 12 de Noviembre. El asegurado indica que dejó el auto por aproximadamente 2 horas y al regresar ya no se encontraba. No hay evidencia de forzamiento.,Sí,No,3,1,No,48,Amarillo,Alta frecuencia reclamos asegurado (3 siniestros),1,0
SIN-0887,POL-0070,ASE-0102,PRV-0033,VEH-0273,AWW-2041,Vehículos,Robo Parcial,2024-12-30,2025-01-01,2,656,-291,3874.57,4014.69,4014.69,22138.93,Pago Total,Latacunga,El vehículo asegurado fue impactado por la parte posterior mientras se encontraba detenido en el semáforo de la Av. Calle Central. El conductor del vehículo causante se dio a la fuga sin identificarse.,Sí,No,3,0,Sí,71,Amarillo,Demora denuncia robo 24-48h | Alta frecuencia reclamos asegurado (3 siniestros) | ⚠️ Proveedor en Lista Restrictiva,3,0
SIN-0888,POL-0042,ASE-0084,PRV-0002,VEH-0379,NMC-4835,Vehículos,Volcadura,2024-12-04,2024-12-19,15,1580,-1215,6365.88,5912.12,0.0,6487.68,Reserva,Santo Domingo,Volcadura del vehículo asegurado en la curva de Av. Principal. El conductor señala que existía exceso de velocidad combinado con lluvia intensa en ese momento. No hay cámaras en el sector.,No,No,0,2,No,87,Rojo,2 siniestros del mismo vehículo | Documentos incompletos | Dinámica de accidente sospechosa (Volcadura) | Reporte tardío (15 días) | Monto cercano a suma asegurada (>93%),5,1
SIN-0889,POL-0171,ASE-0230,PRV-0014,,,Hogar,Incendio,2024-03-03,2024-03-04,1,1201,-836,26797.84,22802.93,0.0,47520.26,Reserva,Quito,Incendio de proporciones medianas afectó el garaje de la propiedad asegurada. Las llamas fueron controladas por los bomberos de Quito luego de 2 horas de trabajo.,Sí,No,1,0,No,14,Verde,Ninguna,0,0
SIN-0890,POL-0230,ASE-0146,PRV-0052,,,Salud,Cirugía,2023-05-28,2023-05-29,1,1095,-730,13953.28,13332.93,0.0,36971.29,Reserva,Cuenca,Cirugía de urgencia por hipertensión severa en el Clínica Humanitaria. El paciente evolucionó favorablemente durante el postoperatorio. Dados de alta con seguimiento ambulatorio.,Sí,No,1,0,No,26,Verde,Ninguna,0,0
SIN-0891,POL-0096,ASE-0058,PRV-0022,VEH-0302,UYT-6957,Vehículos,Robo Parcial,2023-03-26,2023-03-27,1,30,646,3076.64,3096.32,3096.32,31317.7,Pago Total,Guayaquil,El asegurado indica que al intentar ingresar al parqueadero fue golpeado lateralmente por un vehículo que no respetó la preferencia de paso en la intersección de Av. 9 de Octubre.,Sí,No,0,1,No,16,Verde,Reclamo entre 11-30 días de póliza | Demora denuncia robo 24-48h,2,0
SIN-0892,POL-0298,ASE-0190,PRV-0036,VEH-0133,WTV-7921,Vehículos,Responsabilidad Civil,2024-11-10,2024-11-11,1,356,9,14287.75,15119.2,15119.2,70731.75,Pago Total,Quito,Colisión del asegurado contra un vehículo de servicio público en Av. Eloy Alfaro. El conductor del bus presentó daños en la parte lateral y varios pasajeros reportaron lesiones leves.,Sí,No,0,4,No,31,Verde,Alta frecuencia conductor en vehículo (4 siniestros) | Vehículo con múltiples siniestros,2,1
SIN-0893,POL-0048,ASE-0159,PRV-0039,VEH-0273,AWW-2041,Vehículos,Robo Parcial,2024-01-27,2024-01-29,2,728,-363,1421.34,1166.55,0.0,41775.09,Reserva,Guayaquil,Siniestro ocurrido en la autopista Av. Narcisa de Jesús. El vehículo derrapó al esquivar un objeto en la vía causando impacto contra el guardarraíl lateral.,Sí,No,1,0,No,5,Verde,Demora denuncia robo 24-48h,1,0
SIN-0894,POL-0154,ASE-0128,PRV-0015,VEH-0016,SHE-5572,Vehículos,Volcadura,2024-10-07,2024-10-08,1,911,-546,6943.61,6750.03,0.0,6119.58,Liquidado,Ambato,El vehículo perdió el control en la vía Av. 12 de Noviembre y volcó aparatosamente. No se identificaron otros vehículos involucrados. El accidente ocurrió aproximadamente a las 19:17 según el reporte policial.,Sí,No,1,2,No,25,Verde,2 siniestros del mismo vehículo | Dinámica de accidente sospechosa (Volcadura),2,0
SIN-0895,POL-0021,ASE-0179,PRV-0035,,,Hogar,Incendio,2023-10-09,2023-10-09,0,777,-412,18382.88,15556.83,15556.83,10675.08,Pago Total,Quito,Se reporta incendio en el área de bodegas del inmueble asegurado. El siniestro se originó por un cortocircuito eléctrico según informe del Cuerpo de Bomberos del Cantón Quito.,Sí,No,1,0,No,26,Verde,Ninguna,0,0
SIN-0896,POL-0267,ASE-0086,PRV-0055,,,Salud,Maternidad,2023-02-14,2023-02-16,2,30,477,1096.73,990.71,0.0,20738.84,Reserva,Manta,El vehículo asegurado fue impactado por la parte posterior mientras se encontraba detenido en el semáforo de la Av. Av. 24 de Mayo. El conductor del vehículo causante se dio a la fuga sin identificarse.,Sí,No,1,0,No,26,Verde,Reclamo entre 11-30 días de póliza,1,0
SIN-0897,POL-0255,ASE-0128,PRV-0049,VEH-0125,XEJ-0899,Vehículos,Daño Parcial,2024-02-19,2024-02-20,1,689,-324,540.88,555.14,0.0,16909.76,Reserva,Portoviejo,Colisión frontal en la vía Vía Principal cuando el vehículo contrario invadió el carril. Se levantó el parte policial correspondiente y se tomaron fotografías del lugar.,Sí,No,1,0,No,0,Verde,Ninguna,0,0
SIN-0898,POL-0170,ASE-0245,PRV-0025,VEH-0235,TJZ-0092,Vehículos,Responsabilidad Civil,2025-01-10,2025-01-10,0,1294,-929,8785.57,8472.44,8472.44,21266.63,Pago Total,Quito,El vehículo asegurado impactó a un peatón en Av. República causando lesiones de consideración. Se levantó el parte policial y se trasladó al afectado al centro médico más cercano.,Sí,No,1,4,No,10,Verde,Alta frecuencia conductor en vehículo (4 siniestros) | Vehículo con múltiples siniestros,2,0
SIN-0899,POL-0100,ASE-0145,PRV-0017,VEH-0013,GZN-4984,Vehículos,Responsabilidad Civil,2023-09-22,2023-09-24,2,1167,-802,3024.31,2627.0,0.0,22349.39,Cierre Sin Consecuencia,Cuenca,Colisión del asegurado contra un vehículo de servicio público en Av. Solano. El conductor del bus presentó daños en la parte lateral y varios pasajeros reportaron lesiones leves.,No,No,0,2,No,9,Verde,2 siniestros del mismo vehículo | Documentos incompletos,2,1
SIN-0900,POL-0083,ASE-0165,PRV-0052,,,Salud,Hospitalización,2023-04-19,2023-04-20,1,30,988,7478.97,6031.78,6031.78,47957.94,Pago Total,Ibarra,Ingreso hospitalario de emergencia por infarto agudo de miocardio severo. Requirió atención en UCI durante las primeras 48 horas. Posteriormente trasladado a sala general con mejoría progresiva.,Sí,No,0,0,No,11,Verde,Reclamo entre 11-30 días de póliza,1,0
SIN-0901,POL-0186,ASE-0016,PRV-0023,,,Generales,Responsabilidad Civil,2024-08-20,2024-08-20,0,371,-6,3185.42,2820.2,1780.6,25685.37,Pago Parcial,Quito,Colisión del asegurado contra un vehículo de servicio público en Av. Patria. El conductor del bus presentó daños en la parte lateral y varios pasajeros reportaron lesiones leves.,Sí,No,0,0,No,0,Verde,Ninguna,0,0
SIN-0902,POL-0093,ASE-0037,PRV-0052,VEH-0025,WBW-7613,Vehículos,Robo Parcial,2024-09-22,2024-09-23,1,789,-424,4497.76,4578.2,0.0,19801.76,Reserva,Quito,Impacto posterior en el sector de Av. Patria durante hora pico. El conductor responsable presentó documentos y se llegó a un acuerdo inicial antes del reporte a la aseguradora.,No,No,1,1,No,16,Verde,Demora denuncia robo 24-48h | Documentos incompletos,2,0
SIN-0903,POL-0130,ASE-0159,PRV-0036,,,Salud,Emergencia,2024-11-29,2024-12-01,2,1002,-637,1641.78,1437.75,1437.75,20675.28,Pago Total,Machala,Siniestro ocurrido en la autopista Av. Principal. El vehículo derrapó al esquivar un objeto en la vía causando impacto contra el guardarraíl lateral.,Sí,No,1,0,No,11,Verde,Ninguna,0,0
SIN-0904,POL-0022,ASE-0134,PRV-0040,,,Generales,Daño Equipos,2024-07-10,2024-07-11,1,693,-328,3531.11,2859.19,1108.97,21528.17,Pago Parcial,Loja,El vehículo asegurado fue impactado por la parte posterior mientras se encontraba detenido en el semáforo de la Av. Vía Principal. El conductor del vehículo causante se dio a la fuga sin identificarse.,Sí,No,1,0,No,76,Rojo,Ninguna,0,1
SIN-0905,POL-0149,ASE-0052,PRV-0016,VEH-0155,HYD-9600,Vehículos,Daño Parcial,2023-02-04,2023-02-05,1,30,381,332.22,322.42,0.0,22231.09,Liquidado,Quito,Siniestro ocurrido en la autopista Av. América. El vehículo derrapó al esquivar un objeto en la vía causando impacto contra el guardarraíl lateral.,Sí,No,1,0,No,5,Verde,Reclamo entre 11-30 días de póliza,1,0
SIN-0906,POL-0038,ASE-0086,PRV-0004,VEH-0290,AYH-5956,Vehículos,Pérdida Total,2020-05-17,2020-05-20,3,29,-854,43809.94,36974.88,36974.88,16137.9,Pago Total,Ambato,El vehículo sufrió daños de consideración al precipitarse en la vía Av. 12 de Noviembre. El informe del perito establece que los costos de reparación superan el valor comercial del vehículo.,Sí,No,2,0,No,56,Amarillo,Reclamo entre 11-30 días de póliza | Demora denuncia robo >48h | 2 siniestros previos del asegurado,3,1
SIN-0907,POL-0073,ASE-0069,PRV-0057,,,Vida,Fallecimiento,2024-12-31,2025-01-02,2,404,-39,15180.55,13467.34,0.0,22005.45,Liquidado,Latacunga,Colisión frontal en la vía Av. 24 de Mayo cuando el vehículo contrario invadió el carril. Se levantó el parte policial correspondiente y se tomaron fotografías del lugar.,Sí,No,0,0,No,11,Verde,Ninguna,0,0
SIN-0908,POL-0079,ASE-0101,PRV-0029,,,Hogar,Daño por Agua,2023-02-24,2023-02-25,1,774,-409,4028.82,3864.2,2999.96,12146.73,Pago Parcial,Quito,Colisión frontal en la vía Av. Eloy Alfaro cuando el vehículo contrario invadió el carril. Se levantó el parte policial correspondiente y se tomaron fotografías del lugar.,Sí,No,0,0,No,26,Verde,Ninguna,0,0
SIN-0909,POL-0235,ASE-0207,PRV-0018,VEH-0258,ZBY-7409,Vehículos,Robo,2024-06-30,2024-06-30,0,1264,-899,43557.32,43032.25,0.0,10528.32,Reserva,Quito,El asegurado reporta que al regresar al parqueadero ubicado en el sector de Av. República encontró que su vehículo había sido sustraído. No existen testigos ni cámaras de seguridad en el lugar.,Sí,No,1,1,No,11,Verde,Ninguna,0,0
SIN-0910,POL-0291,ASE-0056,PRV-0027,VEH-0149,VZP-8655,Vehículos,Choque,2025-03-18,2025-03-18,0,1763,-1398,3628.84,3127.43,0.0,15443.66,Liquidado,Guayaquil,El asegurado indica que al intentar ingresar al parqueadero fue golpeado lateralmente por un vehículo que no respetó la preferencia de paso en la intersección de Av. Carlos Julio Arosemena.,Sí,No,0,0,No,6,Verde,Proveedor con historial de casos observados,1,0
SIN-0911,POL-0052,ASE-0003,PRV-0051,VEH-0213,AHL-7853,Vehículos,Volcadura,2020-12-16,2020-12-19,3,27,-960,14030.55,13280.42,13280.42,39397.26,Pago Total,Quito,Volcadura del vehículo asegurado en la curva de Av. Eloy Alfaro. El conductor señala que existía exceso de velocidad combinado con lluvia intensa en ese momento. No hay cámaras en el sector.,Sí,No,2,0,No,56,Amarillo,Reclamo entre 11-30 días de póliza | 2 siniestros previos del asegurado | Dinámica de accidente sospechosa (Volcadura),3,1
SIN-0912,POL-0026,ASE-0052,PRV-0039,,,Vida,Fallecimiento,2024-07-17,2024-07-17,0,11,854,15757.17,14386.85,0.0,17434.19,Reserva,Quito,Colisión frontal en la vía Av. 10 de Agosto cuando el vehículo contrario invadió el carril. Se levantó el parte policial correspondiente y se tomaron fotografías del lugar.,Sí,No,0,0,No,46,Amarillo,Reclamo entre 11-30 días de póliza,1,0
SIN-0913,POL-0056,ASE-0087,PRV-0021,VEH-0060,VNA-1617,Vehículos,Choque,2023-07-31,2023-07-31,0,1242,-877,3715.07,3561.99,0.0,15951.54,Liquidado,Quito,Siniestro ocurrido en la autopista Av. Occidental. El vehículo derrapó al esquivar un objeto en la vía causando impacto contra el guardarraíl lateral.,Sí,No,1,4,No,32,Verde,Alta frecuencia conductor en vehículo (4 siniestros) | Vehículo con múltiples siniestros,2,0
SIN-0914,POL-0125,ASE-0006,PRV-0046,,,Vida,Enfermedades Graves,2024-04-28,2024-04-29,1,245,120,30506.6,33416.3,23989.43,14799.76,Pago Parcial,Manta,Impacto posterior en el sector de Av. Principal durante hora pico. El conductor responsable presentó documentos y se llegó a un acuerdo inicial antes del reporte a la aseguradora.,Sí,No,0,0,No,0,Verde,Ninguna,0,0
SIN-0915,POL-0185,ASE-0105,PRV-0021,VEH-0063,NRE-6268,Vehículos,Volcadura,2023-06-05,2023-06-07,2,866,-501,3300.1,3407.6,0.0,12799.17,Liquidado,Quito,Volcadura del vehículo asegurado en la curva de Calle Colón. El conductor señala que existía exceso de velocidad combinado con lluvia intensa en ese momento. No hay cámaras en el sector.,Sí,No,0,1,No,20,Verde,Dinámica de accidente sospechosa (Volcadura),1,0
SIN-0916,POL-0294,ASE-0228,PRV-0022,,,Salud,Hospitalización,2021-01-31,2021-02-02,2,21,-1071,6291.99,6213.33,0.0,9762.34,Reserva,Ibarra,Paciente ingresa al área de hospitalización por diagnóstico de apendicitis aguda. Evolución satisfactoria durante los 6 días de internación. Alta médica con indicaciones.,Sí,No,2,0,No,58,Amarillo,Reclamo entre 11-30 días de póliza | 2 siniestros previos del asegurado,2,0
SIN-0917,POL-0050,ASE-0229,PRV-0046,VEH-0320,NRB-6985,Vehículos,Pérdida Total,2024-05-29,2024-05-30,1,1441,-1076,17523.61,17828.98,17828.98,28340.15,Pago Total,Quito,El vehículo sufrió daños de consideración al precipitarse en la vía Av. 6 de Diciembre. El informe del perito establece que los costos de reparación superan el valor comercial del vehículo.,No,No,0,0,No,17,Verde,Demora denuncia robo 24-48h | Documentos incompletos,2,0
SIN-0918,POL-0094,ASE-0119,PRV-0011,,,Generales,Responsabilidad Civil,2024-09-21,2024-09-21,0,777,-412,3020.78,3315.24,1933.44,27248.2,Anticipo,Guayaquil,Colisión del asegurado contra un vehículo de servicio público en Blvd. del Malecón. El conductor del bus presentó daños en la parte lateral y varios pasajeros reportaron lesiones leves.,Sí,No,0,0,No,26,Verde,Ninguna,0,0
SIN-0919,POL-0286,ASE-0037,PRV-0003,,,Generales,Responsabilidad Civil,2023-09-13,2023-09-14,1,30,523,10704.9,10078.86,0.0,88717.74,Negativa,Ambato,El vehículo asegurado impactó a un peatón en Calle Sucre causando lesiones de consideración. Se levantó el parte policial y se trasladó al afectado al centro médico más cercano.,Sí,No,1,0,No,12,Verde,Reclamo entre 11-30 días de póliza,1,0
SIN-0920,POL-0031,ASE-0196,PRV-0009,VEH-0192,ANW-3737,Vehículos,Daño Parcial,2024-05-05,2024-05-07,2,30,583,1971.24,2090.97,1156.36,84147.07,Pago Parcial,Guayaquil,Impacto posterior en el sector de Av. Narcisa de Jesús durante hora pico. El conductor responsable presentó documentos y se llegó a un acuerdo inicial antes del reporte a la aseguradora.,Sí,No,0,1,No,5,Verde,Reclamo entre 11-30 días de póliza,1,0
SIN-0921,POL-0223,ASE-0176,PRV-0055,VEH-0136,RPD-9150,Vehículos,Volcadura,2024-07-13,2024-07-25,12,31,334,19893.19,20966.35,0.0,24671.05,Liquidado,Manta,El vehículo perdió el control en la vía Calle Central y volcó aparatosamente. No se identificaron otros vehículos involucrados. El accidente ocurrió aproximadamente a las 01:34 según el reporte policial.,No,No,1,2,No,88,Rojo,2 siniestros del mismo vehículo | Documentos incompletos | Dinámica de accidente sospechosa (Volcadura) | Reporte tardío (12 días),4,1
SIN-0922,POL-0176,ASE-0043,PRV-0018,,,Vida,Invalidez Total,2025-02-06,2025-02-08,2,1573,-1208,42733.43,43006.91,16531.12,47140.69,Pago Parcial,Guayaquil,El vehículo asegurado fue impactado por la parte posterior mientras se encontraba detenido en el semáforo de la Av. Av. del Bombero. El conductor del vehículo causante se dio a la fuga sin identificarse.,Sí,No,0,0,No,0,Verde,Ninguna,0,0
SIN-0923,POL-0038,ASE-0086,PRV-0010,,,Generales,Daño Equipos,2020-05-17,2020-05-19,2,29,-890,874.39,870.83,648.77,16137.9,Anticipo,Quito,El vehículo asegurado fue impactado por la parte posterior mientras se encontraba detenido en el semáforo de la Av. Av. Naciones Unidas. El conductor del vehículo causante se dio a la fuga sin identificarse.,Sí,No,2,0,Sí,71,Amarillo,Reclamo entre 11-30 días de póliza | 2 siniestros previos del asegurado | ⚠️ Proveedor en Lista Restrictiva,3,0
SIN-0924,POL-0075,ASE-0247,PRV-0033,VEH-0258,ZBY-7409,Vehículos,Robo Parcial,2024-06-30,2024-06-30,0,875,-510,3222.18,3075.35,3075.35,39475.52,Pago Total,Guayaquil,Impacto posterior en el sector de Av. 9 de Octubre durante hora pico. El conductor responsable presentó documentos y se llegó a un acuerdo inicial antes del reporte a la aseguradora.,No,Sí,3,1,Sí,76,Rojo,Alta frecuencia reclamos asegurado (3 siniestros) | ⚠️ Proveedor en Lista Restrictiva | Documentos incompletos | ⚠️ Documentos inconsistentes detectados,4,1
SIN-0925,POL-0096,ASE-0058,PRV-0006,,,Hogar,Responsabilidad Civil,2025-03-04,2025-03-04,0,428,-63,12188.3,13388.94,0.0,31317.7,Reserva,Santo Domingo,Colisión del asegurado contra un vehículo de servicio público en Av. 24 de Mayo. El conductor del bus presentó daños en la parte lateral y varios pasajeros reportaron lesiones leves.,Sí,No,0,0,No,0,Verde,Ninguna,0,0
SIN-0926,POL-0236,ASE-0005,PRV-0002,VEH-0096,MSY-9263,Vehículos,Daño Parcial,2023-05-05,2023-05-06,1,701,-336,2687.99,2787.43,2787.43,11749.09,Pago Total,Quito,Colisión frontal en la vía Calle Colón cuando el vehículo contrario invadió el carril. Se levantó el parte policial correspondiente y se tomaron fotografías del lugar.,Sí,No,0,1,No,11,Verde,Ninguna,0,0
SIN-0927,POL-0084,ASE-0002,PRV-0044,VEH-0212,PUH-7948,Vehículos,Robo,2023-08-12,2023-08-13,1,30,350,33021.95,35768.74,35768.74,35572.22,Pago Total,Quito,Sustracción del vehículo en el interior de un centro comercial de Av. Occidental. Las cámaras del lugar presentaban fallas técnicas según indicó el personal de seguridad.,Sí,No,0,1,No,21,Verde,Reclamo entre 11-30 días de póliza | Demora denuncia robo 24-48h,2,0
SIN-0928,POL-0089,ASE-0203,PRV-0046,VEH-0113,JUN-2762,Vehículos,Volcadura,2023-01-09,2023-01-26,17,-8,373,6281.02,6670.47,6670.47,26948.2,Pago Total,Quito,El vehículo perdió el control en la vía Av. América y volcó aparatosamente. No se identificaron otros vehículos involucrados. El accidente ocurrió aproximadamente a las 17:08 según el reporte policial.,No,No,2,2,No,96,Rojo,2 siniestros previos del asegurado | 2 siniestros del mismo vehículo | Documentos incompletos | Dinámica de accidente sospechosa (Volcadura) | Reporte tardío (17 días),5,1
SIN-0929,POL-0071,ASE-0016,PRV-0033,VEH-0087,HAN-1520,Vehículos,Robo Parcial,2024-01-14,2024-01-16,2,1324,-959,2111.46,1706.47,0.0,24135.74,Reserva,Cuenca,Colisión frontal en la vía Av. Solano cuando el vehículo contrario invadió el carril. Se levantó el parte policial correspondiente y se tomaron fotografías del lugar.,No,Sí,3,4,Sí,83,Rojo,Demora denuncia robo 24-48h | Alta frecuencia reclamos asegurado (3 siniestros) | Alta frecuencia conductor en vehículo (4 siniestros) | Vehículo con múltiples siniestros | ⚠️ Proveedor en Lista Restrictiva | Documentos incompletos | ⚠️ Documentos inconsistentes detectados,7,1
SIN-0930,POL-0231,ASE-0095,PRV-0009,VEH-0225,EXN-5116,Vehículos,Volcadura,2024-04-05,2024-04-05,0,1379,-1014,5996.43,6389.11,3995.01,48530.72,Pago Parcial,Santo Domingo,Volcadura del vehículo asegurado en la curva de Av. Principal. El conductor señala que existía exceso de velocidad combinado con lluvia intensa en ese momento. No hay cámaras en el sector.,Sí,No,0,0,No,27,Verde,Dinámica de accidente sospechosa (Volcadura),1,0
SIN-0931,POL-0258,ASE-0085,PRV-0004,VEH-0371,KFS-9177,Vehículos,Robo,2023-09-29,2023-10-01,2,1300,-935,33003.84,30852.21,15416.76,5922.14,Pago Parcial,Quito,Robo del vehículo en el sector comercial de Calle Colón. El asegurado indica que dejó el auto por aproximadamente 2 horas y al regresar ya no se encontraba. No hay evidencia de forzamiento.,Sí,No,1,1,No,26,Verde,Demora denuncia robo 24-48h,1,0
SIN-0932,POL-0232,ASE-0145,PRV-0055,VEH-0007,GEP-6085,Vehículos,Daño Parcial,2025-01-28,2025-01-29,1,285,80,2907.97,3052.41,1022.36,37140.92,Pago Parcial,Manta,Colisión frontal en la vía Redondel Central cuando el vehículo contrario invadió el carril. Se levantó el parte policial correspondiente y se tomaron fotografías del lugar.,Sí,No,0,3,No,21,Verde,Alta frecuencia conductor en vehículo (3 siniestros) | Vehículo con múltiples siniestros,2,0
SIN-0933,POL-0186,ASE-0016,PRV-0059,VEH-0092,AUA-2479,Vehículos,Volcadura,2023-06-29,2023-06-30,1,30,412,13610.94,12915.49,12915.49,25685.37,Pago Total,Quito,El vehículo perdió el control en la vía Av. América y volcó aparatosamente. No se identificaron otros vehículos involucrados. El accidente ocurrió aproximadamente a las 01:52 según el reporte policial.,Sí,No,1,0,No,10,Verde,Reclamo entre 11-30 días de póliza | Dinámica de accidente sospechosa (Volcadura),2,1
SIN-0934,POL-0230,ASE-0146,PRV-0018,,,Vida,Invalidez Total,2024-04-14,2024-04-14,0,1417,-1052,33468.46,34019.2,34019.2,36971.29,Pago Total,Cuenca,El vehículo asegurado fue impactado por la parte posterior mientras se encontraba detenido en el semáforo de la Av. Av. Huayna Cápac. El conductor del vehículo causante se dio a la fuga sin identificarse.,Sí,No,0,0,No,13,Verde,Ninguna,0,0
SIN-0935,POL-0238,ASE-0170,PRV-0024,,,Vida,Invalidez Parcial,2023-07-20,2023-07-21,1,1113,-748,16743.95,14886.2,7813.62,10986.85,Anticipo,Quito,Siniestro ocurrido en la autopista Av. Naciones Unidas. El vehículo derrapó al esquivar un objeto en la vía causando impacto contra el guardarraíl lateral.,Sí,No,0,0,No,0,Verde,Ninguna,0,0
SIN-0936,POL-0232,ASE-0145,PRV-0059,,,Salud,Maternidad,2024-03-09,2024-03-11,2,30,405,3167.58,3207.51,1923.9,37140.92,Anticipo,Guayaquil,Impacto posterior en el sector de Blvd. del Malecón durante hora pico. El conductor responsable presentó documentos y se llegó a un acuerdo inicial antes del reporte a la aseguradora.,Sí,No,1,0,No,15,Verde,Reclamo entre 11-30 días de póliza,1,0
SIN-0937,POL-0164,ASE-0079,PRV-0047,,,Vida,Fallecimiento,2023-06-12,2023-06-14,2,218,147,17466.77,16371.7,0.0,8501.53,Cierre Sin Consecuencia,Quito,Impacto posterior en el sector de Calle Colón durante hora pico. El conductor responsable presentó documentos y se llegó a un acuerdo inicial antes del reporte a la aseguradora.,Sí,No,0,0,No,11,Verde,Ninguna,0,0
SIN-0938,POL-0246,ASE-0240,PRV-0059,VEH-0400,RTZ-6680,Vehículos,Pérdida Total,2024-06-27,2024-07-05,8,1214,-849,26402.53,27810.19,10478.39,42628.18,Anticipo,Portoviejo,Accidente de tránsito en la vía Av. Principal con impacto severo que ocasionó daños irreparables al vehículo. Los peritos determinaron pérdida total por superar el 75% del valor asegurado.,Sí,No,2,3,No,41,Amarillo,Demora denuncia robo >48h | 2 siniestros previos del asegurado | Alta frecuencia conductor en vehículo (3 siniestros) | Vehículo con múltiples siniestros | Reporte tardío (8 días),5,0
SIN-0939,POL-0038,ASE-0086,PRV-0046,,,Salud,Hospitalización,2023-06-02,2023-06-03,1,1140,-775,5098.43,4851.95,0.0,16137.9,Reserva,Tulcán,Paciente ingresa al área de hospitalización por diagnóstico de cálculos renales. Evolución satisfactoria durante los 4 días de internación. Alta médica con indicaciones.,Sí,No,0,0,No,26,Verde,Ninguna,0,0
SIN-0940,POL-0022,ASE-0134,PRV-0044,,,Vida,Invalidez Total,2022-09-13,2022-09-13,0,27,-401,16224.79,13456.6,13456.6,21528.17,Pago Total,Quito,Siniestro ocurrido en la autopista Av. Occidental. El vehículo derrapó al esquivar un objeto en la vía causando impacto contra el guardarraíl lateral.,Sí,No,1,0,No,58,Amarillo,Reclamo entre 11-30 días de póliza,1,0
SIN-0941,POL-0120,ASE-0011,PRV-0026,VEH-0299,XYA-5314,Vehículos,Choque,2024-02-14,2024-02-16,2,-85,450,23073.14,20207.43,0.0,23982.6,Liquidado,Ambato,Siniestro ocurrido en la autopista Av. Cevallos. El vehículo derrapó al esquivar un objeto en la vía causando impacto contra el guardarraíl lateral.,Sí,No,3,0,No,96,Rojo,Alta frecuencia reclamos asegurado (3 siniestros) | Monto cercano a suma asegurada (>93%),2,1
SIN-0942,POL-0001,ASE-0033,PRV-0008,,,Salud,Maternidad,2023-02-03,2023-02-03,0,1124,-759,1163.48,1201.67,1201.67,38796.87,Pago Total,Guayaquil,Colisión frontal en la vía Av. Juan Tanca Marengo cuando el vehículo contrario invadió el carril. Se levantó el parte policial correspondiente y se tomaron fotografías del lugar.,No,Sí,0,0,No,41,Amarillo,Documentos incompletos | ⚠️ Documentos inconsistentes detectados,2,1
SIN-0943,POL-0161,ASE-0017,PRV-0037,,,Vida,Invalidez Parcial,2023-08-03,2023-08-03,0,428,-63,11253.95,12374.01,4163.69,13344.87,Pago Parcial,Guayaquil,El asegurado indica que al intentar ingresar al parqueadero fue golpeado lateralmente por un vehículo que no respetó la preferencia de paso en la intersección de Av. Francisco de Orellana.,Sí,No,1,0,No,26,Verde,Ninguna,0,0
SIN-0944,POL-0035,ASE-0129,PRV-0009,VEH-0268,PDD-7786,Vehículos,Robo Parcial,2024-09-25,2024-09-27,2,1330,-965,2278.13,2143.56,698.6,18679.06,Pago Parcial,Guayaquil,Siniestro ocurrido en la autopista Av. del Bombero. El vehículo derrapó al esquivar un objeto en la vía causando impacto contra el guardarraíl lateral.,Sí,No,1,0,No,26,Verde,Demora denuncia robo 24-48h,1,0
SIN-0945,POL-0241,ASE-0245,PRV-0021,,,Hogar,Daño por Agua,2023-04-20,2023-04-21,1,134,231,1015.33,968.31,586.61,27931.79,Pago Parcial,Guayaquil,El asegurado indica que al intentar ingresar al parqueadero fue golpeado lateralmente por un vehículo que no respetó la preferencia de paso en la intersección de Av. 9 de Octubre.,Sí,No,3,0,No,71,Amarillo,Alta frecuencia reclamos asegurado (3 siniestros),1,1
SIN-0946,POL-0031,ASE-0196,PRV-0027,,,Vida,Fallecimiento,2025-04-27,2025-04-28,1,139,226,10510.96,10358.25,10358.25,84147.07,Pago Total,Ambato,Siniestro ocurrido en la autopista Calle Sucre. El vehículo derrapó al esquivar un objeto en la vía causando impacto contra el guardarraíl lateral.,Sí,No,1,0,No,19,Verde,Proveedor con historial de casos observados,1,0
SIN-0947,POL-0027,ASE-0198,PRV-0054,,,Salud,Atención Médica,2023-08-25,2023-08-28,3,-153,518,33601.49,34819.7,0.0,35937.85,Liquidado,Guayaquil,Paciente ingresa a consulta por cuadro de apendicitis crónica. Se realiza evaluación completa y se indica tratamiento farmacológico por 15 días con control posterior.,No,Sí,4,0,Sí,80,Rojo,Alta frecuencia reclamos asegurado (4 siniestros) | ⚠️ Proveedor en Lista Restrictiva | Documentos incompletos | ⚠️ Documentos inconsistentes detectados | Monto cercano a suma asegurada (>93%),5,1
SIN-0948,POL-0126,ASE-0227,PRV-0027,VEH-0060,VNA-1617,Vehículos,Daño Parcial,2023-08-02,2023-08-04,2,30,720,2507.61,2380.64,1122.03,22144.69,Pago Parcial,Babahoyo,Colisión frontal en la vía Vía Principal cuando el vehículo contrario invadió el carril. Se levantó el parte policial correspondiente y se tomaron fotografías del lugar.,Sí,No,0,4,No,39,Verde,Reclamo entre 11-30 días de póliza | Alta frecuencia conductor en vehículo (4 siniestros) | Vehículo con múltiples siniestros | Proveedor con historial de casos observados,4,0
SIN-0949,POL-0173,ASE-0146,PRV-0054,,,Generales,Incendio Comercial,2025-02-26,2025-03-02,4,1038,-673,13488.79,12089.81,0.0,13800.43,Reserva,Guayaquil,El vehículo asegurado fue impactado por la parte posterior mientras se encontraba detenido en el semáforo de la Av. Av. Francisco de Orellana. El conductor del vehículo causante se dio a la fuga sin identificarse.,Sí,No,6,3,No,76,Rojo,Alta frecuencia reclamos asegurado (6 siniestros) | Alta frecuencia conductor en vehículo (3 siniestros) | Proveedor con historial de casos observados | Reporte con demora moderada (4 días),4,1
SIN-0950,POL-0193,ASE-0196,PRV-0013,,,Generales,Daño Equipos,2023-08-16,2023-08-18,2,508,-143,3863.7,3345.78,0.0,57617.79,Liquidado,Ibarra,El vehículo asegurado fue impactado por la parte posterior mientras se encontraba detenido en el semáforo de la Av. Vía Principal. El conductor del vehículo causante se dio a la fuga sin identificarse.,No,No,1,0,No,41,Amarillo,Documentos incompletos,1,0
SIN-0951,POL-0198,ASE-0248,PRV-0016,,,Hogar,Robo Contenido,2024-04-24,2024-04-26,2,315,50,8658.26,7770.85,0.0,19089.96,Reserva,Riobamba,"Robo con fuerza en el inmueble asegurado ubicado en Av. 24 de Mayo, Riobamba. Los delincuentes ingresaron por la puerta principal. Se sustrajeron equipos electrónicos y objetos de valor.",Sí,No,0,0,No,0,Verde,Ninguna,0,0
SIN-0952,POL-0046,ASE-0207,PRV-0051,VEH-0254,SVB-0713,Vehículos,Volcadura,2024-08-25,2024-08-28,3,1094,-729,5278.22,5312.32,0.0,33166.38,Reserva,Ambato,Volcadura del vehículo asegurado en la curva de Av. Cevallos. El conductor señala que existía exceso de velocidad combinado con lluvia intensa en ese momento. No hay cámaras en el sector.,No,No,1,0,No,42,Amarillo,Documentos incompletos | Dinámica de accidente sospechosa (Volcadura),2,1
SIN-0953,POL-0066,ASE-0158,PRV-0055,VEH-0094,YJJ-7956,Vehículos,Choque,2024-05-12,2024-05-12,0,331,34,7199.39,6414.94,0.0,40676.28,Reserva,Guayaquil,Colisión frontal en la vía Blvd. del Malecón cuando el vehículo contrario invadió el carril. Se levantó el parte policial correspondiente y se tomaron fotografías del lugar.,Sí,No,0,0,No,11,Verde,Ninguna,0,0
SIN-0954,POL-0260,ASE-0070,PRV-0002,,,Salud,Maternidad,2024-08-11,2024-08-12,1,527,-162,3566.93,3543.66,1596.61,22064.99,Pago Parcial,Quito,Impacto posterior en el sector de Av. Patria durante hora pico. El conductor responsable presentó documentos y se llegó a un acuerdo inicial antes del reporte a la aseguradora.,Sí,No,0,0,No,11,Verde,Ninguna,0,0
SIN-0955,POL-0264,ASE-0029,PRV-0001,,,Salud,Hospitalización,2023-12-09,2023-12-11,2,1108,-743,7088.17,7642.25,0.0,30218.68,Cierre Sin Consecuencia,Quito,Paciente ingresa al área de hospitalización por diagnóstico de hernia inguinal. Evolución satisfactoria durante los 7 días de internación. Alta médica con indicaciones.,Sí,No,1,0,No,26,Verde,Ninguna,0,0
SIN-0956,POL-0270,ASE-0019,PRV-0007,,,Hogar,Terremoto,2023-05-24,2023-05-31,7,-382,747,18821.12,19362.21,19362.21,27417.2,Pago Total,Quito,Colisión frontal en la vía Av. Eloy Alfaro cuando el vehículo contrario invadió el carril. Se levantó el parte policial correspondiente y se tomaron fotografías del lugar.,Sí,No,5,0,No,47,Amarillo,Alta frecuencia reclamos asegurado (5 siniestros) | Reporte con demora moderada (7 días),2,0
SIN-0957,POL-0249,ASE-0173,PRV-0059,,,Salud,Atención Médica,2024-07-12,2024-07-14,2,170,195,1596.72,1496.72,0.0,36425.51,Negativa,Quito,Paciente ingresa a consulta por cuadro de infarto agudo de miocardio. Se realiza evaluación completa y se indica tratamiento farmacológico por 15 días con control posterior.,No,No,0,0,No,5,Verde,Documentos incompletos,1,0
SIN-0958,POL-0180,ASE-0069,PRV-0046,VEH-0237,KNT-1885,Vehículos,Volcadura,2024-10-18,2024-10-20,2,24,950,15341.53,12963.66,0.0,32211.05,Reserva,Cuenca,Volcadura del vehículo asegurado en la curva de Calle Gran Colombia. El conductor señala que existía exceso de velocidad combinado con lluvia intensa en ese momento. No hay cámaras en el sector.,Sí,No,1,0,No,46,Amarillo,Reclamo entre 11-30 días de póliza | Dinámica de accidente sospechosa (Volcadura),2,0
SIN-0959,POL-0106,ASE-0056,PRV-0015,,,Salud,Emergencia,2024-06-12,2024-06-13,1,1487,-1122,1096.04,1085.59,0.0,26899.56,Liquidado,Ibarra,El asegurado indica que al intentar ingresar al parqueadero fue golpeado lateralmente por un vehículo que no respetó la preferencia de paso en la intersección de Calle Central.,Sí,No,1,0,No,26,Verde,Ninguna,0,0
SIN-0960,POL-0072,ASE-0012,PRV-0037,,,Vida,Enfermedades Graves,2024-06-07,2024-06-08,1,30,339,31300.35,25552.99,25552.99,32818.07,Pago Total,Quito,Impacto posterior en el sector de Calle Colón durante hora pico. El conductor responsable presentó documentos y se llegó a un acuerdo inicial antes del reporte a la aseguradora.,Sí,No,1,0,No,5,Verde,Reclamo entre 11-30 días de póliza,1,0
SIN-0961,POL-0241,ASE-0245,PRV-0058,VEH-0025,WBW-7613,Vehículos,Robo,2023-04-19,2023-04-20,1,133,232,33759.9,31010.14,31010.14,27931.79,Pago Total,Cuenca,Robo del vehículo en el sector comercial de Calle Gran Colombia. El asegurado indica que dejó el auto por aproximadamente 2 horas y al regresar ya no se encontraba. No hay evidencia de forzamiento.,Sí,No,3,1,No,56,Amarillo,Demora denuncia robo 24-48h | Alta frecuencia reclamos asegurado (3 siniestros),2,0
SIN-0962,POL-0283,ASE-0220,PRV-0055,VEH-0276,FBC-4812,Vehículos,Responsabilidad Civil,2023-10-18,2023-10-19,1,-206,571,18905.81,20511.15,0.0,10026.44,Reserva,Cuenca,El vehículo asegurado impactó a un peatón en Av. Huayna Cápac causando lesiones de consideración. Se levantó el parte policial y se trasladó al afectado al centro médico más cercano.,Sí,No,2,1,No,71,Amarillo,2 siniestros previos del asegurado,1,0
SIN-0963,POL-0059,ASE-0173,PRV-0011,,,Generales,Responsabilidad Civil,2023-07-12,2023-07-14,2,539,-174,3927.52,3932.27,1557.56,30756.53,Pago Parcial,Quito,Colisión del asegurado contra un vehículo de servicio público en Av. Patria. El conductor del bus presentó daños en la parte lateral y varios pasajeros reportaron lesiones leves.,Sí,No,0,0,No,13,Verde,Ninguna,0,0
SIN-0964,POL-0071,ASE-0016,PRV-0033,VEH-0223,SWC-5577,Vehículos,Volcadura,2024-09-24,2024-09-24,0,1578,-1213,8103.43,8794.54,8794.54,24135.74,Pago Total,Guayaquil,"Robo con fuerza en el inmueble asegurado ubicado en Av. Occidental, Quito. Los delincuentes ingresaron por el garaje. Se sustrajeron equipos electrónicos y objetos de valor.",No,Sí,2,0,Sí,86,Rojo,2 siniestros previos del asegurado | ⚠️ Proveedor en Lista Restrictiva | Documentos incompletos | Dinámica de accidente sospechosa (Volcadura) | ⚠️ Documentos inconsistentes detectados | ⚠️ Narrativa similar a otro reclamo (>85% similitud),6,1
SIN-0965,POL-0170,ASE-0245,PRV-0036,VEH-0160,BEL-6468,Vehículos,Robo Parcial,2024-04-27,2024-04-27,0,1036,-671,2182.17,2341.39,2341.39,21266.63,Pago Total,Machala,El vehículo asegurado fue impactado por la parte posterior mientras se encontraba detenido en el semáforo de la Av. Av. Principal. El conductor del vehículo causante se dio a la fuga sin identificarse.,Sí,No,0,4,No,10,Verde,Alta frecuencia conductor en vehículo (4 siniestros) | Vehículo con múltiples siniestros,2,0
SIN-0966,POL-0179,ASE-0046,PRV-0027,VEH-0253,KHR-1934,Vehículos,Daño Parcial,2023-06-26,2023-06-27,1,386,-21,1363.45,1157.83,458.84,27229.5,Anticipo,Quito,Colisión frontal en la vía Av. 6 de Diciembre cuando el vehículo contrario invadió el carril. Se levantó el parte policial correspondiente y se tomaron fotografías del lugar.,Sí,No,0,2,No,27,Verde,2 siniestros del mismo vehículo | Proveedor con historial de casos observados,2,1
SIN-0967,POL-0153,ASE-0020,PRV-0015,,,Vida,Invalidez Parcial,2023-10-02,2023-10-03,1,1209,-844,10409.11,11096.28,0.0,33256.23,Negativa,Quito,Siniestro ocurrido en la autopista Av. Eloy Alfaro. El vehículo derrapó al esquivar un objeto en la vía causando impacto contra el guardarraíl lateral.,Sí,No,1,0,No,15,Verde,Ninguna,0,0
SIN-0968,POL-0004,ASE-0231,PRV-0001,,,Vida,Enfermedades Graves,2023-10-29,2023-10-30,1,697,-332,37159.78,37332.87,37332.87,21400.35,Pago Total,Quito,Colisión frontal en la vía Av. Naciones Unidas cuando el vehículo contrario invadió el carril. Se levantó el parte policial correspondiente y se tomaron fotografías del lugar.,No,No,0,0,No,18,Verde,Documentos incompletos,1,0
SIN-0969,POL-0263,ASE-0095,PRV-0054,,,Salud,Emergencia,2024-07-03,2024-07-07,4,430,-65,22153.68,23621.41,7354.1,23638.07,Pago Parcial,Quito,Siniestro ocurrido en la autopista Av. República. El vehículo derrapó al esquivar un objeto en la vía causando impacto contra el guardarraíl lateral.,Sí,No,3,5,No,76,Rojo,Alta frecuencia reclamos asegurado (3 siniestros) | Alta frecuencia conductor en vehículo (5 siniestros) | Proveedor con historial de casos observados | Reporte con demora moderada (4 días),4,1
SIN-0970,POL-0233,ASE-0005,PRV-0032,,,Generales,Daño Equipos,2024-04-07,2024-04-07,0,392,-27,2545.18,2559.93,1127.41,28333.63,Pago Parcial,Guayaquil,El asegurado indica que al intentar ingresar al parqueadero fue golpeado lateralmente por un vehículo que no respetó la preferencia de paso en la intersección de Av. Narcisa de Jesús.,Sí,No,1,0,No,26,Verde,Ninguna,0,0
SIN-0971,POL-0242,ASE-0229,PRV-0011,,,Salud,Hospitalización,2024-07-17,2024-07-17,0,669,-304,2782.02,2862.67,0.0,14252.97,Liquidado,Quito,Paciente ingresa al área de hospitalización por diagnóstico de hernia inguinal. Evolución satisfactoria durante los 11 días de internación. Alta médica con indicaciones.,Sí,No,1,0,No,0,Verde,Ninguna,0,0
SIN-0972,POL-0151,ASE-0094,PRV-0007,,,Hogar,Incendio,2024-06-21,2024-06-23,2,268,97,10353.2,8765.92,0.0,7016.11,Reserva,Guayaquil,Se reporta incendio en la cocina del inmueble asegurado. El siniestro se originó por un cortocircuito eléctrico según informe del Cuerpo de Bomberos del Cantón Guayaquil.,No,No,1,0,No,11,Verde,Documentos incompletos,1,0
SIN-0973,POL-0157,ASE-0183,PRV-0058,,,Vida,Invalidez Total,2023-05-03,2023-05-05,2,-257,622,34164.94,32198.81,32198.81,41494.48,Pago Total,Quito,El vehículo asegurado fue impactado por la parte posterior mientras se encontraba detenido en el semáforo de la Av. Av. Eloy Alfaro. El conductor del vehículo causante se dio a la fuga sin identificarse.,Sí,No,2,0,No,71,Amarillo,2 siniestros previos del asegurado,1,0
SIN-0974,POL-0297,ASE-0078,PRV-0049,,,Salud,Maternidad,2024-11-17,2024-11-18,1,1307,-942,30790.69,29161.35,29161.35,31531.43,Pago Total,Guayaquil,Siniestro ocurrido en la autopista Blvd. del Malecón. El vehículo derrapó al esquivar un objeto en la vía causando impacto contra el guardarraíl lateral.,Sí,No,3,0,No,93,Rojo,Alta frecuencia reclamos asegurado (3 siniestros) | Monto cercano a suma asegurada (>93%),2,1
SIN-0975,POL-0035,ASE-0129,PRV-0050,,,Salud,Maternidad,2024-08-13,2024-08-15,2,1287,-922,2390.6,2505.13,2505.13,18679.06,Pago Total,Loja,El vehículo asegurado fue impactado por la parte posterior mientras se encontraba detenido en el semáforo de la Av. Av. 24 de Mayo. El conductor del vehículo causante se dio a la fuga sin identificarse.,Sí,No,1,0,No,13,Verde,Ninguna,0,0
SIN-0976,POL-0290,ASE-0241,PRV-0024,,,Salud,Maternidad,2024-08-16,2024-08-17,1,808,-443,3748.95,4032.05,1670.61,38979.83,Pago Parcial,Machala,Colisión frontal en la vía Vía Principal cuando el vehículo contrario invadió el carril. Se levantó el parte policial correspondiente y se tomaron fotografías del lugar.,Sí,No,1,0,No,26,Verde,Ninguna,0,0
SIN-0977,POL-0224,ASE-0125,PRV-0048,,,Salud,Hospitalización,2023-03-25,2023-03-25,0,30,556,1607.46,1445.31,1445.31,17610.21,Pago Total,Guayaquil,Ingreso hospitalario de emergencia por neumonía bilateral severo. Requirió atención en UCI durante las primeras 48 horas. Posteriormente trasladado a sala general con mejoría progresiva.,Sí,No,0,0,No,13,Verde,Reclamo entre 11-30 días de póliza,1,0
SIN-0978,POL-0210,ASE-0247,PRV-0020,VEH-0102,YBC-8734,Vehículos,Robo Parcial,2023-05-06,2023-05-06,0,847,-482,2947.14,2989.56,0.0,22652.17,Reserva,Quito,Impacto posterior en el sector de Av. 6 de Diciembre durante hora pico. El conductor responsable presentó documentos y se llegó a un acuerdo inicial antes del reporte a la aseguradora.,Sí,No,0,0,No,0,Verde,Ninguna,0,0
SIN-0979,POL-0074,ASE-0170,PRV-0051,,,Hogar,Robo Contenido,2024-06-06,2024-06-07,1,1222,-857,7469.04,6657.41,4057.05,61324.84,Pago Parcial,Quito,"Robo con fuerza en el inmueble asegurado ubicado en Calle Colón, Quito. Los delincuentes ingresaron por la puerta de servicio. Se sustrajeron equipos electrónicos y objetos de valor.",No,No,0,0,No,5,Verde,Documentos incompletos,1,0
SIN-0980,POL-0169,ASE-0099,PRV-0044,VEH-0098,JPW-7730,Vehículos,Robo Parcial,2024-08-03,2024-08-04,1,1426,-1061,2836.93,2794.28,0.0,42325.01,Reserva,Quito,Impacto posterior en el sector de Av. Occidental durante hora pico. El conductor responsable presentó documentos y se llegó a un acuerdo inicial antes del reporte a la aseguradora.,Sí,No,0,0,No,17,Verde,Demora denuncia robo 24-48h,1,0
SIN-0981,POL-0243,ASE-0048,PRV-0015,VEH-0264,NAX-5737,Vehículos,Robo Parcial,2020-10-10,2020-10-13,3,13,-786,2336.94,1901.51,1162.02,49406.42,Pago Parcial,Guayaquil,El asegurado indica que al intentar ingresar al parqueadero fue golpeado lateralmente por un vehículo que no respetó la preferencia de paso en la intersección de Av. Francisco de Orellana.,Sí,No,1,1,No,44,Amarillo,Reclamo entre 11-30 días de póliza | Demora denuncia robo >48h,2,0
SIN-0982,POL-0188,ASE-0007,PRV-0034,VEH-0025,WBW-7613,Vehículos,Robo,2023-02-05,2023-02-05,0,379,-14,8065.77,7997.18,4614.28,13137.09,Anticipo,Cuenca,Robo del vehículo en el sector comercial de Av. Huayna Cápac. El asegurado indica que dejó el auto por aproximadamente 2 horas y al regresar ya no se encontraba. No hay evidencia de forzamiento.,Sí,No,1,1,No,6,Verde,Proveedor con historial de casos observados,1,1
SIN-0983,POL-0003,ASE-0188,PRV-0051,VEH-0065,FWE-1788,Vehículos,Robo Parcial,2024-08-20,2024-08-21,1,1592,-1227,2382.35,2617.73,1465.09,6584.23,Anticipo,Ambato,El vehículo asegurado fue impactado por la parte posterior mientras se encontraba detenido en el semáforo de la Av. Av. 12 de Noviembre. El conductor del vehículo causante se dio a la fuga sin identificarse.,Sí,No,1,4,No,25,Verde,Demora denuncia robo 24-48h | Alta frecuencia conductor en vehículo (4 siniestros) | Vehículo con múltiples siniestros,3,0
SIN-0984,POL-0211,ASE-0204,PRV-0030,VEH-0174,MST-6972,Vehículos,Pérdida Total,2025-03-03,2025-03-06,3,164,201,28602.63,28676.81,0.0,66724.02,Liquidado,Cuenca,Accidente de tránsito en la vía Av. de Las Américas con impacto severo que ocasionó daños irreparables al vehículo. Los peritos determinaron pérdida total por superar el 75% del valor asegurado.,Sí,No,3,3,No,56,Amarillo,Demora denuncia robo >48h | Alta frecuencia reclamos asegurado (3 siniestros) | Alta frecuencia conductor en vehículo (3 siniestros) | Vehículo con múltiples siniestros,4,1
SIN-0985,POL-0012,ASE-0090,PRV-0010,VEH-0051,JUH-7322,Vehículos,Robo,2023-01-31,2023-02-03,3,-25,390,41340.41,36677.97,0.0,27451.81,Reserva,Guayaquil,El vehículo fue robado en horas de la madrugada mientras se encontraba estacionado frente al domicilio del asegurado en Av. Narcisa de Jesús. Se realizó la denuncia en la UPC del sector.,No,Sí,2,0,Sí,50,Amarillo,Demora denuncia robo >48h | 2 siniestros previos del asegurado | ⚠️ Proveedor en Lista Restrictiva | Documentos incompletos | ⚠️ Documentos inconsistentes detectados,5,1
SIN-0986,POL-0248,ASE-0198,PRV-0010,,,Salud,Emergencia,2023-06-20,2023-06-21,1,484,-119,1981.27,1599.71,0.0,16508.55,Reserva,Quito,Colisión frontal en la vía Av. República cuando el vehículo contrario invadió el carril. Se levantó el parte policial correspondiente y se tomaron fotografías del lugar.,Sí,No,0,0,Sí,10,Verde,⚠️ Proveedor en Lista Restrictiva,1,1
SIN-0987,POL-0279,ASE-0229,PRV-0055,VEH-0155,HYD-9600,Vehículos,Volcadura,2023-10-13,2023-10-14,1,-175,540,6682.31,6704.65,6704.65,27840.28,Pago Total,Portoviejo,El vehículo perdió el control en la vía Av. 24 de Mayo y volcó aparatosamente. No se identificaron otros vehículos involucrados. El accidente ocurrió aproximadamente a las 23:42 según el reporte policial.,Sí,No,3,0,No,56,Amarillo,Alta frecuencia reclamos asegurado (3 siniestros) | Dinámica de accidente sospechosa (Volcadura),2,0
SIN-0988,POL-0275,ASE-0058,PRV-0049,,,Vida,Enfermedades Graves,2025-01-04,2025-01-04,0,1733,-1368,36875.12,37028.07,21460.64,28732.84,Pago Parcial,Guayaquil,Colisión frontal en la vía Av. 9 de Octubre cuando el vehículo contrario invadió el carril. Se levantó el parte policial correspondiente y se tomaron fotografías del lugar.,Sí,No,1,0,No,0,Verde,Ninguna,0,0
SIN-0989,POL-0199,ASE-0055,PRV-0037,VEH-0316,XGD-2311,Vehículos,Pérdida Total,2024-09-30,2024-10-02,2,1254,-889,26380.69,23471.58,23471.58,10934.34,Pago Total,Guayaquil,El vehículo sufrió daños de consideración al precipitarse en la vía Av. Francisco de Orellana. El informe del perito establece que los costos de reparación superan el valor comercial del vehículo.,Sí,No,0,0,No,12,Verde,Demora denuncia robo 24-48h,1,0
SIN-0990,POL-0234,ASE-0152,PRV-0034,,,Hogar,Responsabilidad Civil,2023-04-27,2023-04-29,2,779,-414,16528.7,14974.45,7640.44,19773.37,Pago Parcial,Babahoyo,El vehículo asegurado impactó a un peatón en Av. 24 de Mayo causando lesiones de consideración. Se levantó el parte policial y se trasladó al afectado al centro médico más cercano.,Sí,No,1,0,No,19,Verde,Proveedor con historial de casos observados,1,0
SIN-0991,POL-0133,ASE-0107,PRV-0040,,,Generales,Daño Equipos,2023-03-30,2023-03-30,0,30,904,6944.73,6723.51,2564.22,43788.5,Pago Parcial,Machala,Siniestro ocurrido en la autopista Redondel Central. El vehículo derrapó al esquivar un objeto en la vía causando impacto contra el guardarraíl lateral.,Sí,No,0,0,No,5,Verde,Reclamo entre 11-30 días de póliza,1,0
SIN-0992,POL-0101,ASE-0055,PRV-0044,,,Salud,Cirugía,2025-01-15,2025-01-17,2,745,-380,13050.08,14087.99,0.0,19857.14,Liquidado,Portoviejo,Cirugía de urgencia por apendicitis crónica en el Hospital de los Valles. El paciente evolucionó favorablemente durante el postoperatorio. Dados de alta con seguimiento ambulatorio.,Sí,No,1,0,No,0,Verde,Ninguna,0,0
SIN-0993,POL-0252,ASE-0073,PRV-0022,VEH-0212,PUH-7948,Vehículos,Daño Parcial,2024-12-27,2024-12-27,0,669,-304,2568.31,2352.98,0.0,30603.36,Negativa,Cuenca,Siniestro ocurrido en la autopista Calle Gran Colombia. El vehículo derrapó al esquivar un objeto en la vía causando impacto contra el guardarraíl lateral.,Sí,No,1,1,No,11,Verde,Ninguna,0,0
SIN-0994,POL-0226,ASE-0169,PRV-0060,VEH-0182,RPZ-6402,Vehículos,Volcadura,2023-12-04,2023-12-09,5,1287,-922,8427.28,6930.65,0.0,17229.56,Liquidado,Manta,El vehículo perdió el control en la vía Vía Principal y volcó aparatosamente. No se identificaron otros vehículos involucrados. El accidente ocurrió aproximadamente a las 18:42 según el reporte policial.,Sí,No,5,0,No,71,Amarillo,Alta frecuencia reclamos asegurado (5 siniestros) | Dinámica de accidente sospechosa (Volcadura) | Reporte con demora moderada (5 días),3,1
SIN-0995,POL-0099,ASE-0134,PRV-0054,,,Vida,Invalidez Total,2024-12-16,2024-12-17,1,638,-273,38529.62,34266.09,0.0,41394.43,Reserva,Guayaquil,Impacto posterior en el sector de Av. Narcisa de Jesús durante hora pico. El conductor responsable presentó documentos y se llegó a un acuerdo inicial antes del reporte a la aseguradora.,Sí,No,3,3,No,80,Rojo,Alta frecuencia reclamos asegurado (3 siniestros) | Alta frecuencia conductor en vehículo (3 siniestros) | Proveedor con historial de casos observados | Monto cercano a suma asegurada (>93%),4,1
SIN-0996,POL-0135,ASE-0040,PRV-0024,VEH-0200,DNY-4746,Vehículos,Volcadura,2025-02-20,2025-03-11,19,1705,-1340,6928.5,6820.0,3171.28,19258.2,Pago Parcial,Cuenca,Volcadura del vehículo asegurado en la curva de Av. Loja. El conductor señala que existía exceso de velocidad combinado con lluvia intensa en ese momento. No hay cámaras en el sector.,No,No,2,3,No,84,Rojo,2 siniestros previos del asegurado | Alta frecuencia conductor en vehículo (3 siniestros) | Vehículo con múltiples siniestros | Documentos incompletos | Dinámica de accidente sospechosa (Volcadura) | Reporte tardío (19 días),6,1
SIN-0997,POL-0033,ASE-0112,PRV-0033,VEH-0029,LUU-5117,Vehículos,Responsabilidad Civil,2024-09-21,2024-09-21,0,1646,-1281,11052.77,10046.77,10046.77,34813.28,Pago Total,Portoviejo,El vehículo asegurado impactó a un peatón en Av. 24 de Mayo causando lesiones de consideración. Se levantó el parte policial y se trasladó al afectado al centro médico más cercano.,No,Sí,2,4,Sí,76,Rojo,2 siniestros previos del asegurado | Alta frecuencia conductor en vehículo (4 siniestros) | Vehículo con múltiples siniestros | ⚠️ Proveedor en Lista Restrictiva | Documentos incompletos | ⚠️ Documentos inconsistentes detectados,6,1
SIN-0998,POL-0233,ASE-0005,PRV-0044,,,Salud,Hospitalización,2025-03-26,2025-03-28,2,745,-380,3919.62,3237.62,3237.62,28333.63,Pago Total,Quito,Ingreso hospitalario de emergencia por politraumatismo severo. Requirió atención en UCI durante las primeras 48 horas. Posteriormente trasladado a sala general con mejoría progresiva.,No,No,0,0,No,15,Verde,Documentos incompletos,1,0
SIN-0999,POL-0037,ASE-0218,PRV-0044,,,Salud,Maternidad,2024-10-22,2024-10-24,2,1146,-781,3377.7,2933.19,0.0,25047.47,Reserva,Quito,Siniestro ocurrido en la autopista Av. 10 de Agosto. El vehículo derrapó al esquivar un objeto en la vía causando impacto contra el guardarraíl lateral.,Sí,No,1,0,No,11,Verde,Ninguna,0,0
SIN-1000,POL-0070,ASE-0102,PRV-0021,,,Vida,Invalidez Parcial,2023-03-07,2023-03-10,3,-8,373,9722.21,8964.84,3674.28,22138.93,Anticipo,Quito,Colisión frontal en la vía Av. Patria cuando el vehículo contrario invadió el carril. Se levantó el parte policial correspondiente y se tomaron fotografías del lugar.,No,No,1,0,No,56,Amarillo,Documentos incompletos,1,0
